market_id,condition_id,series,event,subtype,question,outcomes,winning_outcome,open_time,close_time,resolved_at,volume_usd,data_start,data_end,file
0378b0a6-0b56-58d0-9ebf-1a47203fd5df,0xafc00fc758401ecf537ba304bd38809e360e601e3e6d955eecf8ee7b8375a0a1,mlb,Tampa Bay Rays vs. Houston Astros,total:f5,Tampa Bay Rays vs. Houston Astros: 1st 5 Innings O/U 5.5,Over|Under,Over,2026-07-04T23:10:00Z,2026-07-05T07:10:00Z,2026-07-05T00:16:51Z,0.00,2026-07-04T23:10:00Z,2026-07-05T00:16:09Z,history-0378b0a6-0b56-58d0-9ebf-1a47203fd5df-compact.parquet
0438db94-7470-5937-89dc-92a56b860aa1,0x3dcfc2b0f4fd02d9416fc2ca6a5a62f7357dec7730c0110de1393560970f298c,mlb,Chicago White Sox vs. Cleveland Guardians - Player Props,rest,Kyle Manzardo: Home Runs O/U 0.5,Over|Under,Under,2026-07-04T23:10:00Z,2026-07-05T07:10:00Z,2026-07-05T02:09:59Z,0.00,2026-07-04T23:10:00Z,2026-07-05T02:09:28Z,history-0438db94-7470-5937-89dc-92a56b860aa1-compact.parquet
083db994-bef9-5410-84e8-e7b426b20215,0xbca37ee86b0241dcab5881879c996fcca5cc6b067524a16c3033fdd0bdf9177d,mlb,Baltimore Orioles vs. Cincinnati Reds,spread,Spread: Cincinnati Reds (-1.5),Cincinnati Reds|Baltimore Orioles,Baltimore Orioles,2026-07-04T23:10:00Z,2026-07-05T07:10:00Z,2026-07-05T02:33:32Z,9368.94,2026-07-04T23:10:00Z,2026-07-05T02:32:34Z,history-083db994-bef9-5410-84e8-e7b426b20215-compact.parquet
090f572f-756a-5304-89ad-37ba5392c52f,0x6f167b61ffada4c97984b3aa8698106bd69802de95c7ff10b73acbbb21564e32,mlb,Tampa Bay Rays vs. Houston Astros - Player Props,rest,Taylor Walls: Home Runs O/U 0.5,Over|Under,Under,2026-07-04T23:10:00Z,2026-07-05T07:10:00Z,2026-07-05T02:37:12Z,0.00,2026-07-04T23:10:00Z,2026-07-05T02:36:38Z,history-090f572f-756a-5304-89ad-37ba5392c52f-compact.parquet
0b2d1e07-da0f-5aef-96b3-b9689f42bf6e,0xcfffb682212c6b7e8f309514c6ff8afa30654b1c63d6486533fc229936f61a00,mlb,Baltimore Orioles vs. Cincinnati Reds - Player Props,rest,Gunnar Henderson: Home Runs O/U 1.5,Over|Under,Under,2026-07-04T23:10:00Z,2026-07-05T07:10:00Z,2026-07-05T02:33:54Z,0.00,2026-07-04T23:10:00Z,2026-07-05T02:33:34Z,history-0b2d1e07-da0f-5aef-96b3-b9689f42bf6e-compact.parquet
0bc74ec4-602a-523d-b04b-18649038e46a,0x18b9d4b2153c2cb9a08e9c519c968574802e6ff0834bbf3db4f91d294051b4cd,mlb,Tampa Bay Rays vs. Houston Astros - First 5 Innings Winner,rest,Tampa Bay Rays winning after 5 innings?,Yes|No,Yes,2026-07-04T23:10:00Z,2026-07-05T07:10:00Z,2026-07-05T01:23:58Z,1350.45,2026-07-04T23:10:00Z,2026-07-05T01:23:22Z,history-0bc74ec4-602a-523d-b04b-18649038e46a-compact.parquet
0f1cb003-30a8-552c-9ce1-a98de433986a,0x997d7e429fa5918416d4b94b5e0212d90d16a1ff7c0f88fa6d59bd888ac81dfd,mlb,Baltimore Orioles vs. Cincinnati Reds - First 5 Innings Winner,rest,Baltimore Orioles vs. Cincinnati Reds: Tied after 5 innings?,Yes|No,No,2026-07-04T23:10:00Z,2026-07-05T07:10:00Z,2026-07-05T01:21:50Z,5.68,2026-07-04T23:10:00Z,2026-07-05T01:20:39Z,history-0f1cb003-30a8-552c-9ce1-a98de433986a-compact.parquet
100e2fa3-7781-52cc-804c-b40cd9e6e5dc,0x38feb34fd7f0b028053d915a55ee08dbc727cdbf14c4878f2f944fbeea47e3ab,mlb,Tampa Bay Rays vs. Houston Astros - Player Props,rest,Junior Caminero: Home Runs O/U 0.5,Over|Under,Over,2026-07-04T23:10:00Z,2026-07-05T07:10:00Z,2026-07-05T02:36:58Z,0.00,2026-07-04T23:10:00Z,2026-07-05T02:36:02Z,history-100e2fa3-7781-52cc-804c-b40cd9e6e5dc-compact.parquet
102506b3-36c7-58bd-a2d5-6860676708c8,0x713a4e3eb824cf25ea6a14854ec70123cf24c08427536af63ab30366f7fb9c6a,mlb,Chicago White Sox vs. Cleveland Guardians - Player Props,rest,Kahlil Watson: Home Runs O/U 0.5,Over|Under,Under,2026-07-04T23:10:00Z,2026-07-05T07:10:00Z,2026-07-05T02:09:55Z,0.00,2026-07-04T23:10:00Z,2026-07-05T02:09:00Z,history-102506b3-36c7-58bd-a2d5-6860676708c8-compact.parquet
131c8be6-305f-59bf-95a7-4a495c63e572,0x9fd9b6f2823d0cde38ad76c48cd818b1a5362a5d6630dc784d8ef2d594824447,mlb,Tampa Bay Rays vs. Houston Astros - Player Props,rest,Jonathan Aranda: Home Runs O/U 0.5,Over|Under,Under,2026-07-04T23:10:00Z,2026-07-05T07:10:00Z,2026-07-05T02:37:14Z,0.00,2026-07-04T23:10:00Z,2026-07-05T02:36:36Z,history-131c8be6-305f-59bf-95a7-4a495c63e572-compact.parquet
14b08f5c-23da-517b-b3dc-f1266bec7900,0x4d246d68d6c0a68d9a210a161c27038efa9bdfcadc50f0a4bf86f1357b0ca73f,mlb,Baltimore Orioles vs. Cincinnati Reds - Player Props,rest,Colton Cowser: Home Runs O/U 0.5,Over|Under,Under,2026-07-04T23:10:00Z,2026-07-05T07:10:00Z,2026-07-05T02:33:50Z,0.00,2026-07-04T23:10:00Z,2026-07-05T02:33:42Z,history-14b08f5c-23da-517b-b3dc-f1266bec7900-compact.parquet
191ec67d-61cd-5025-bddd-407540c4acd1,0x532923ab9b2afa4289dfd2fe87d0a844b0b89c8fff24874c3feb210dfa4101c7,mlb,Tampa Bay Rays vs. Houston Astros - Player Props,rest,Jose Altuve: Home Runs O/U 0.5,Over|Under,Under,2026-07-04T23:10:00Z,2026-07-05T07:10:00Z,2026-07-05T02:37:00Z,0.00,2026-07-04T23:10:00Z,2026-07-05T02:36:59Z,history-191ec67d-61cd-5025-bddd-407540c4acd1-compact.parquet
1dda93e2-78db-5e9a-9865-dfdbf0f75d44,0xa8894fa3bd7493c014ec77e27acd9d6704ab021025e628bf842b4c19e5c31f7b,mlb,Baltimore Orioles vs. Cincinnati Reds,total:f5,Baltimore Orioles vs. Cincinnati Reds: 1st 5 Innings O/U 6.5,Over|Under,Over,2026-07-04T23:10:00Z,2026-07-05T07:10:00Z,2026-07-05T00:09:06Z,0.00,2026-07-04T23:10:00Z,2026-07-05T00:08:44Z,history-1dda93e2-78db-5e9a-9865-dfdbf0f75d44-compact.parquet
1e570cac-5cd5-5310-bb52-cf8f4bfd4c85,0x099166a18c53ea4793457bb06fa8f851f9709a4de59ae98b220ef3b9aec74dfe,mlb,Baltimore Orioles vs. Cincinnati Reds - Player Props,rest,Gunnar Henderson: Home Runs O/U 0.5,Over|Under,Under,2026-07-04T23:10:00Z,2026-07-05T07:10:00Z,2026-07-05T02:36:59Z,0.00,2026-07-04T23:10:00Z,2026-07-05T02:36:15Z,history-1e570cac-5cd5-5310-bb52-cf8f4bfd4c85-compact.parquet
1eba8f74-be90-559f-8770-76f6ebe32a39,0xc8dafbf9a804b04ac31d25a88889583f7af5c9592e9947b6300cfa54eb37c217,mlb,Chicago White Sox vs. Cleveland Guardians,total:f5,Chicago White Sox vs. Cleveland Guardians: 1st 5 Innings O/U 3.5,Over|Under,Under,2026-07-04T23:10:00Z,2026-07-05T07:10:00Z,2026-07-05T01:01:02Z,3021.75,2026-07-04T23:10:00Z,2026-07-05T00:59:37Z,history-1eba8f74-be90-559f-8770-76f6ebe32a39-compact.parquet
2153d3c0-e746-547e-b209-f521b75924fd,0xe59afa7def10c5c35807bd33bdc337a7fe4667d725847e4c83769204a7cc54d1,mlb,Tampa Bay Rays vs. Houston Astros - Player Props,rest,Yordan Alvarez: Home Runs O/U 0.5,Over|Under,Over,2026-07-04T23:10:00Z,2026-07-05T07:10:00Z,2026-07-05T02:36:57Z,0.00,2026-07-04T23:10:00Z,2026-07-05T02:36:28Z,history-2153d3c0-e746-547e-b209-f521b75924fd-compact.parquet
2430ee2f-dcd2-5115-ae54-63b98cf6ed72,0x3c9da8ed26970cfe821225fa23da11121ae20cbe8cbc310bfe626d701a955e85,mlb,Tampa Bay Rays vs. Houston Astros - First 5 Innings Winner,rest,Houston Astros winning after 5 innings?,Yes|No,No,2026-07-04T23:10:00Z,2026-07-05T07:10:00Z,2026-07-05T01:10:02Z,0.00,2026-07-04T23:10:00Z,2026-07-05T01:09:23Z,history-2430ee2f-dcd2-5115-ae54-63b98cf6ed72-compact.parquet
26ae1442-761a-55d8-82ed-93b165bd982b,0x4450ff4eabf8f7a14fde567cb7d7b1e2c13f3a1ab21c26d966e4c68dfc873e29,mlb,Tampa Bay Rays vs. Houston Astros,rest,Will the game go to extra innings?: Tampa Bay Rays vs. Houston Astros,Yes|No,No,2026-07-04T23:10:00Z,2026-07-05T07:10:00Z,2026-07-05T03:34:19Z,5.01,2026-07-04T23:10:00Z,2026-07-05T03:33:41Z,history-26ae1442-761a-55d8-82ed-93b165bd982b-compact.parquet
277523f6-37fa-5cb6-9f95-b51de5a7c45b,0x0cd2e92b9f27a2659456e6abbbdf416e26bba50d6523b9d00b0a9385f06e4f60,mlb,Chicago White Sox vs. Cleveland Guardians - First 5 Innings Winner,rest,Cleveland Guardians winning after 5 innings?,Yes|No,No,2026-07-04T23:10:00Z,2026-07-05T07:10:00Z,2026-07-05T01:01:24Z,0.00,2026-07-04T23:10:00Z,2026-07-05T01:00:51Z,history-277523f6-37fa-5cb6-9f95-b51de5a7c45b-compact.parquet
28ee695d-3487-5aab-902c-5f68496b09c4,0x80090f53a79cd509451bde9f0b2f9d1b463c7ae02bffd1f91aa4b6aa45991e45,mlb,Tampa Bay Rays vs. Houston Astros - Player Props,rest,Isaac Paredes: Home Runs O/U 0.5,Over|Under,Under,2026-07-04T23:10:00Z,2026-07-05T07:10:00Z,2026-07-05T02:37:13Z,0.00,2026-07-04T23:10:00Z,2026-07-05T02:36:43Z,history-28ee695d-3487-5aab-902c-5f68496b09c4-compact.parquet
2a3920d5-b0d2-5545-88d0-617fd66d2373,0xce46a844c2ba9a7839facfa87ce38490a9748f182974d5a748680d8b963fbd92,mlb,Chicago White Sox vs. Cleveland Guardians - Player Props,rest,Travis Bazzana: Home Runs O/U 0.5,Over|Under,Under,2026-07-04T23:10:00Z,2026-07-05T07:10:00Z,2026-07-05T02:13:00Z,0.00,2026-07-04T23:10:00Z,2026-07-05T02:12:49Z,history-2a3920d5-b0d2-5545-88d0-617fd66d2373-compact.parquet
2ebaca8b-9553-57ab-80d8-9ad1abda0e6e,0x6753996ae7ba8a877c84303b17a12b39c4c29625416f7009e9bc46206b454616,mlb,Baltimore Orioles vs. Cincinnati Reds - First 5 Innings Winner,rest,Cincinnati Reds winning after 5 innings?,Yes|No,No,2026-07-04T23:10:00Z,2026-07-05T07:10:00Z,2026-07-05T01:21:50Z,0.00,2026-07-04T23:10:00Z,2026-07-05T01:21:15Z,history-2ebaca8b-9553-57ab-80d8-9ad1abda0e6e-compact.parquet
316682ac-3050-57be-b8fd-21d62955c224,0x0331dc6de3163f786aa213bb858e3b22cd02b91a6e263bde89c8cdb5159b7aed,mlb,Baltimore Orioles vs. Cincinnati Reds - Player Props,rest,JJ Bleday: Home Runs O/U 1.5,Over|Under,Under,2026-07-04T23:10:00Z,2026-07-05T07:10:00Z,2026-07-05T02:33:36Z,0.00,2026-07-04T23:10:00Z,2026-07-05T02:32:43Z,history-316682ac-3050-57be-b8fd-21d62955c224-compact.parquet
377d3310-20d7-53dc-a1a0-b5daab6e1303,0x18c3c37bf5c6ca563355c02dac795fb039521c85d90e5486546af1dce40f86ee,mlb,Baltimore Orioles vs. Cincinnati Reds,total:f5,Baltimore Orioles vs. Cincinnati Reds: 1st 5 Innings O/U 4.5,Over|Under,Over,2026-07-04T23:10:00Z,2026-07-05T07:10:00Z,2026-07-05T00:03:53Z,2434.11,2026-07-04T23:10:00Z,2026-07-05T00:03:06Z,history-377d3310-20d7-53dc-a1a0-b5daab6e1303-compact.parquet
3a6f746b-309d-5735-b211-4b58c66c9e75,0x7b8ed6d27500c9f5fff046815110d30b3113ab9fa415957ab6649ac9a5844290,mlb,Baltimore Orioles vs. Cincinnati Reds - Player Props,rest,Elly De La Cruz: Home Runs O/U 1.5,Over|Under,Under,2026-07-04T23:10:00Z,2026-07-05T07:10:00Z,2026-07-05T02:33:14Z,0.00,2026-07-04T23:10:00Z,2026-07-05T02:32:50Z,history-3a6f746b-309d-5735-b211-4b58c66c9e75-compact.parquet
3c30adf5-8853-5dc9-8237-43637e9e6899,0x50af4c32b8fff6740de30fb89f0b8852238e4c100eb4724da6e54ffea79d3bec,mlb,Tampa Bay Rays vs. Houston Astros,total:f5,Tampa Bay Rays vs. Houston Astros: 1st 5 Innings O/U 4.5,Over|Under,Over,2026-07-04T23:10:00Z,2026-07-05T07:10:00Z,2026-07-05T00:03:55Z,0.00,2026-07-04T23:10:00Z,2026-07-05T00:03:22Z,history-3c30adf5-8853-5dc9-8237-43637e9e6899-compact.parquet
3ee14cac-6835-591d-aa09-f3746a338a0c,0x0e5379c476eb7c00ad143e5f8894d105e9304cfe1c776280301a476173846def,mlb,Chicago White Sox vs. Cleveland Guardians,spread:f5,1st 5 Innings Spread: Cleveland Guardians (-1.5),Cleveland Guardians|Chicago White Sox,Chicago White Sox,2026-07-04T23:10:00Z,2026-07-05T07:10:00Z,2026-07-05T01:01:00Z,13.00,2026-07-04T23:10:00Z,2026-07-05T01:00:16Z,history-3ee14cac-6835-591d-aa09-f3746a338a0c-compact.parquet
3f1e9db9-aa01-5f9a-b3be-c2e65fd14ac4,0xb5eab39a74bdb9a851866fc62c8f292f44c3a84e326f1a8caae0a7d6fc350083,mlb,Tampa Bay Rays vs. Houston Astros - Player Props,rest,Cam Smith: Home Runs O/U 0.5,Over|Under,Under,2026-07-04T23:10:00Z,2026-07-05T07:10:00Z,2026-07-05T03:40:35Z,0.00,2026-07-04T23:10:00Z,2026-07-05T03:39:45Z,history-3f1e9db9-aa01-5f9a-b3be-c2e65fd14ac4-compact.parquet
40308b4b-4698-5d6a-98ca-85c1335e2112,0xd3f03449ed5e04563bc3542fe671e6a94616f408b25f01b80e706229046a56a9,mlb,Chicago White Sox vs. Cleveland Guardians - Player Props,rest,Parker Messick: Strikeouts O/U 5.5,Over|Under,Under,2026-07-04T23:10:00Z,2026-07-05T07:10:00Z,2026-07-05T02:09:35Z,1.35,2026-07-04T23:10:00Z,2026-07-05T02:08:37Z,history-40308b4b-4698-5d6a-98ca-85c1335e2112-compact.parquet
41493f61-fca9-588d-947f-56043aad30cd,0x0650826bd9e2ddb6e4491283d25a7d537af215310e96a3520e55470f34137204,mlb,Tampa Bay Rays vs. Houston Astros,spread:f5,1st 5 Innings Spread: Houston Astros (-1.5),Houston Astros|Tampa Bay Rays,Tampa Bay Rays,2026-07-04T23:10:00Z,2026-07-05T07:10:00Z,2026-07-05T01:09:33Z,62.75,2026-07-04T23:10:00Z,2026-07-05T01:08:45Z,history-41493f61-fca9-588d-947f-56043aad30cd-compact.parquet
48826f9b-b508-57b8-94d2-984e4b64135d,0x9615aa2c8b9dc8a9af6814b2cbccdf7d707e433699bba1bc5ece5d1a90604664,mlb,Chicago White Sox vs. Cleveland Guardians - Player Props,rest,Cooper Ingle: Home Runs O/U 0.5,Over|Under,Under,2026-07-04T23:10:00Z,2026-07-05T07:10:00Z,2026-07-05T02:09:57Z,0.00,2026-07-04T23:10:00Z,2026-07-05T02:09:00Z,history-48826f9b-b508-57b8-94d2-984e4b64135d-compact.parquet
4ea415c1-5083-5dc8-b11b-f61883b67c77,0x86331e45d29a614965a6122d8212d3edd7fba11ea6291953970460eb1fa920aa,mlb,Baltimore Orioles vs. Cincinnati Reds - Player Props,rest,Samuel Basallo: Home Runs O/U 0.5,Over|Under,Over,2026-07-04T23:10:00Z,2026-07-05T07:10:00Z,2026-07-05T02:33:24Z,18.00,2026-07-04T23:10:00Z,2026-07-05T02:32:49Z,history-4ea415c1-5083-5dc8-b11b-f61883b67c77-compact.parquet
50279554-c104-51c9-949e-31b5bbf47796,0xaabf28c1c9c4defbd9b9fa25d889da5a557123a1a3d4955ae2ce983b66503feb,mlb,Baltimore Orioles vs. Cincinnati Reds - Player Props,rest,Sal Stewart: Home Runs O/U 0.5,Over|Under,Under,2026-07-04T23:10:00Z,2026-07-05T07:10:00Z,2026-07-05T02:33:51Z,0.00,2026-07-04T23:10:00Z,2026-07-05T02:33:09Z,history-50279554-c104-51c9-949e-31b5bbf47796-compact.parquet
54f0f397-2e16-53df-bae8-2b4588009ef7,0xdddd18b14f291ddacfe09dc969f5cdf7c1441ec73d11eb15ebb20aac5ce2df65,mlb,Chicago White Sox vs. Cleveland Guardians,total:f5,Chicago White Sox vs. Cleveland Guardians: 1st 5 Innings O/U 2.5,Over|Under,Under,2026-07-04T23:10:00Z,2026-07-05T07:10:00Z,2026-07-05T01:01:04Z,0.00,2026-07-04T23:10:00Z,2026-07-05T00:59:37Z,history-54f0f397-2e16-53df-bae8-2b4588009ef7-compact.parquet
560c60c2-9c8f-5f40-ae08-7a5c61faf51b,0xb2b937174fa5cd0184c921a2af822bfc968683a55ce4c6b482bcef3c15876b2d,mlb,Tampa Bay Rays vs. Houston Astros,moneyline,Tampa Bay Rays vs. Houston Astros,Tampa Bay Rays|Houston Astros,Houston Astros,2026-07-04T23:10:00Z,2026-07-05T07:10:00Z,2026-07-05T02:36:58Z,316037.45,2026-07-04T23:10:00Z,2026-07-05T02:36:12Z,history-560c60c2-9c8f-5f40-ae08-7a5c61faf51b-compact.parquet
5d55f235-1964-5119-9e15-a0278a38af8c,0xfacdd99f8f97644cbf849d2222d52ceff7ecffc2ce86d84cfef1b9f548d8c3d1,mlb,Baltimore Orioles vs. Cincinnati Reds - Player Props,rest,Eugenio Suárez: Home Runs O/U 0.5,Over|Under,Under,2026-07-04T23:10:00Z,2026-07-05T07:10:00Z,2026-07-05T02:33:18Z,0.00,2026-07-04T23:10:00Z,2026-07-05T02:32:27Z,history-5d55f235-1964-5119-9e15-a0278a38af8c-compact.parquet
5da478e6-cf2e-5632-a46e-267965353b90,0xe7a96ae08c789a82025ec222722379d2bacec1234a911af40e07c19adfed3402,mlb,Chicago White Sox vs. Cleveland Guardians,total:f5,Chicago White Sox vs. Cleveland Guardians: 1st 5 Innings O/U 6.5,Over|Under,Under,2026-07-04T23:10:00Z,2026-07-05T07:10:00Z,2026-07-05T01:01:04Z,0.00,2026-07-04T23:10:00Z,2026-07-05T00:59:37Z,history-5da478e6-cf2e-5632-a46e-267965353b90-compact.parquet
636b1314-e6f2-5778-8b61-ec84f8ca726f,0x21b1640b53684bc22a0f8cdd6efdea2721c37ae9d218df6ac7323742d5c722ce,mlb,Tampa Bay Rays vs. Houston Astros - Player Props,rest,Christian Walker: Home Runs O/U 0.5,Over|Under,Under,2026-07-04T23:10:00Z,2026-07-05T07:10:00Z,2026-07-05T02:37:12Z,0.00,2026-07-04T23:10:00Z,2026-07-05T02:37:12Z,history-636b1314-e6f2-5778-8b61-ec84f8ca726f-compact.parquet
63c340ae-bada-57ee-bff6-19d6fe4c309b,0x6e2d52d4582e0d2187e3d14c422b9522ee16f19f9b075f5ed9148991df64d15e,mlb,Chicago White Sox vs. Cleveland Guardians - First 5 Innings Winner,rest,Chicago White Sox winning after 5 innings?,Yes|No,No,2026-07-04T23:10:00Z,2026-07-05T07:10:00Z,2026-07-05T01:01:23Z,0.00,2026-07-04T23:10:00Z,2026-07-05T01:00:37Z,history-63c340ae-bada-57ee-bff6-19d6fe4c309b-compact.parquet
64baac61-61e1-5014-8291-6afad6b677b8,0xa2e204448bf24a5ed151eaec1099e68507cb674e02ad3603cc2f62bf25151807,mlb,Tampa Bay Rays vs. Houston Astros,total:f5,Tampa Bay Rays vs. Houston Astros: 1st 5 Innings O/U 6.5,Over|Under,Over,2026-07-04T23:10:00Z,2026-07-05T07:10:00Z,2026-07-05T00:22:06Z,58.00,2026-07-04T23:10:00Z,2026-07-05T00:21:29Z,history-64baac61-61e1-5014-8291-6afad6b677b8-compact.parquet
652c26eb-abc7-55be-889a-7dea1c579528,0xcd61272c59c7725638b4e5a292758ee6cc85267e24e9f4ce3171739a4b655fae,mlb,Baltimore Orioles vs. Cincinnati Reds - Player Props,rest,Taylor Ward: Home Runs O/U 0.5,Over|Under,Under,2026-07-04T23:10:00Z,2026-07-05T07:10:00Z,2026-07-05T02:33:14Z,0.00,2026-07-04T23:10:00Z,2026-07-05T02:32:50Z,history-652c26eb-abc7-55be-889a-7dea1c579528-compact.parquet
670aa4d2-ac74-57ef-9fc2-a6570a34deaa,0xa1e2da306c6e184ff73d1693574f6b4f8786048a6b85c5dd06d0d74c7a5ea841,mlb,Baltimore Orioles vs. Cincinnati Reds,spread:f5,1st 5 Innings Spread: Cincinnati Reds (-1.5),Cincinnati Reds|Baltimore Orioles,Baltimore Orioles,2026-07-04T23:10:00Z,2026-07-05T07:10:00Z,2026-07-05T01:21:24Z,0.00,2026-07-04T23:10:00Z,2026-07-05T01:20:36Z,history-670aa4d2-ac74-57ef-9fc2-a6570a34deaa-compact.parquet
6736761c-0599-5aa3-98a8-7fe51cf7bf7d,0x6803fba1a3d6ff34196305c5e5f34477f920f2070dcd0431c80673adc640acc4,mlb,Tampa Bay Rays vs. Houston Astros,total,Tampa Bay Rays vs. Houston Astros: O/U 7.5,Over|Under,Over,2026-07-04T23:10:00Z,2026-07-05T07:10:00Z,2026-07-05T00:22:06Z,50363.22,2026-07-04T23:10:00Z,2026-07-05T00:21:11Z,history-6736761c-0599-5aa3-98a8-7fe51cf7bf7d-compact.parquet
6b0b0bc3-6c9e-562d-82ca-f86698a59e07,0x71b925ebd087e65a094f3b77cc1cfe9ed4bc9ec41067244e9904d0cac8789cae,mlb,Chicago White Sox vs. Cleveland Guardians - Player Props,rest,Parker Messick: Strikeouts O/U 6.5,Over|Under,Under,2026-07-04T23:10:00Z,2026-07-05T07:10:00Z,2026-07-05T02:09:48Z,0.00,2026-07-04T23:10:00Z,2026-07-05T02:08:49Z,history-6b0b0bc3-6c9e-562d-82ca-f86698a59e07-compact.parquet
6d2c99e8-5061-5e98-98d7-136e3e15fbe3,0xcd7dcea331746fa21643f0d983b7c125ee48b7467a7ab767426195777d184456,mlb,Tampa Bay Rays vs. Houston Astros,spread,Spread: Tampa Bay Rays (-1.5),Tampa Bay Rays|Houston Astros,Houston Astros,2026-07-04T23:10:00Z,2026-07-05T07:10:00Z,2026-07-05T02:36:58Z,2356.72,2026-07-04T23:10:00Z,2026-07-05T02:36:47Z,history-6d2c99e8-5061-5e98-98d7-136e3e15fbe3-compact.parquet
7266ff2f-4481-5638-a7e0-f7f8f3235380,0x06977cd8e5cdd71e35da81d721a7b2dff972c688aa7aa8bb98ab1fb0aa9a53a2,mlb,Chicago White Sox vs. Cleveland Guardians,spread,Spread: Cleveland Guardians (-1.5),Cleveland Guardians|Chicago White Sox,Chicago White Sox,2026-07-04T23:10:00Z,2026-07-05T07:10:00Z,2026-07-05T02:09:40Z,1104.12,2026-07-04T23:10:00Z,2026-07-05T02:09:12Z,history-7266ff2f-4481-5638-a7e0-f7f8f3235380-compact.parquet
73530967-ede4-5105-9e99-a8f8589da019,0xdcc2ea1b555955ae0f3608df040751788a84426823b927fe9b90575be50b95e7,mlb,Baltimore Orioles vs. Cincinnati Reds - Player Props,rest,Brandon Young: Strikeouts O/U 4.5,Over|Under,Over,2026-07-04T23:10:00Z,2026-07-05T07:10:00Z,2026-07-05T02:33:14Z,0.00,2026-07-04T23:10:00Z,2026-07-05T02:32:45Z,history-73530967-ede4-5105-9e99-a8f8589da019-compact.parquet
74df772a-db24-5da2-bed1-77a7970476b2,0x33bd70ea8601a213aa9c84bb60753b7a86eeb896c3d03164d2af4708c1de1714,mlb,Baltimore Orioles vs. Cincinnati Reds - Player Props,rest,Eugenio Suárez: Home Runs O/U 1.5,Over|Under,Under,2026-07-04T23:10:00Z,2026-07-05T07:10:00Z,2026-07-05T02:33:19Z,0.00,2026-07-04T23:10:00Z,2026-07-05T02:32:31Z,history-74df772a-db24-5da2-bed1-77a7970476b2-compact.parquet
77318e3f-7f08-5d56-b985-09663b9201ea,0x31f559f4fffdd81244350eec40c364239cfaa3f4dfcff560737d73962cc7f1f2,mlb,Baltimore Orioles vs. Cincinnati Reds - Player Props,rest,JJ Bleday: Home Runs O/U 0.5,Over|Under,Under,2026-07-04T23:10:00Z,2026-07-05T07:10:00Z,2026-07-05T02:33:49Z,0.00,2026-07-04T23:10:00Z,2026-07-05T02:32:50Z,history-77318e3f-7f08-5d56-b985-09663b9201ea-compact.parquet
77804f6e-b2cd-5520-9d88-0cca85408b21,0xb28c5177b3c2327e262e3f78282b59a611c584e5848a0bf929edb064bf5e812e,mlb,Baltimore Orioles vs. Cincinnati Reds - Player Props,rest,Sal Stewart: Home Runs O/U 1.5,Over|Under,Under,2026-07-04T23:10:00Z,2026-07-05T07:10:00Z,2026-07-05T02:33:24Z,0.00,2026-07-04T23:10:00Z,2026-07-05T02:32:43Z,history-77804f6e-b2cd-5520-9d88-0cca85408b21-compact.parquet
791b2b83-92fd-5b31-8cb3-c9b1bfa0d19a,0x54b3bef27bf4b65ff626da5aee4dc9c4c85115729f48c653f269adb1c6953f1e,mlb,Tampa Bay Rays vs. Houston Astros,spread:f5,1st 5 Innings Spread: Houston Astros (-2.5),Houston Astros|Tampa Bay Rays,Tampa Bay Rays,2026-07-04T23:10:00Z,2026-07-05T07:10:00Z,2026-07-05T01:09:37Z,57.67,2026-07-04T23:10:00Z,2026-07-05T01:09:05Z,history-791b2b83-92fd-5b31-8cb3-c9b1bfa0d19a-compact.parquet
797f18d9-a7dc-596a-9ec8-68e1861b9b58,0xfc93141574d7fc551cbb1b63017c074d91bf5aeaa1b5bc952c0412f6841a8296,mlb,Tampa Bay Rays vs. Houston Astros - Player Props,rest,Taylor Trammell: Home Runs O/U 0.5,Over|Under,Under,2026-07-04T23:10:00Z,2026-07-05T07:10:00Z,2026-07-05T02:37:17Z,0.00,2026-07-04T23:10:00Z,2026-07-05T02:37:00Z,history-797f18d9-a7dc-596a-9ec8-68e1861b9b58-compact.parquet
7b4f95ec-d1c1-5ddd-9d52-b5181d2f5c4b,0xa393f91774ff95307c3725e9e050d2feb21d62a56e1c4896fa57cee57309ec8f,mlb,Chicago White Sox vs. Cleveland Guardians - Player Props,rest,Chase Meidroth: Home Runs O/U 0.5,Over|Under,Under,2026-07-04T23:10:00Z,2026-07-05T07:10:00Z,2026-07-05T02:10:01Z,0.00,2026-07-04T23:10:00Z,2026-07-05T02:09:41Z,history-7b4f95ec-d1c1-5ddd-9d52-b5181d2f5c4b-compact.parquet
7da5de9b-798f-5180-8bd5-b903b7dc0a06,0x040b4e77c6f1abc9e980cbc30b9dd04ec83192b61dfe5b600c9e37d7c127bdb4,mlb,Baltimore Orioles vs. Cincinnati Reds,rest,Will the game go to extra innings?: Baltimore Orioles vs. Cincinnati Reds,Yes|No,No,2026-07-04T23:10:00Z,2026-07-05T07:10:00Z,2026-07-05T02:33:43Z,0.00,2026-07-04T23:10:00Z,2026-07-05T02:33:34Z,history-7da5de9b-798f-5180-8bd5-b903b7dc0a06-compact.parquet
86393335-b7ec-53e7-a169-a7c515319414,0x7ff85a648153d86c3840a0a6a71ddf231f6f53e7083d3d0a78f9b1c8ca43ccd8,mlb,Chicago White Sox vs. Cleveland Guardians,total:f5,Chicago White Sox vs. Cleveland Guardians: 1st 5 Innings O/U 4.5,Over|Under,Under,2026-07-04T23:10:00Z,2026-07-05T07:10:00Z,2026-07-05T01:01:03Z,107.00,2026-07-04T23:10:00Z,2026-07-05T01:00:32Z,history-86393335-b7ec-53e7-a169-a7c515319414-compact.parquet
867d2455-8448-5db7-ac5d-e8b2b069b4f9,0x031faaf656c2c0682a7d4d6d7d0337bcfbbf80f5bfccc7f9294741466b581380,mlb,Baltimore Orioles vs. Cincinnati Reds - Player Props,rest,Pete Alonso: Home Runs O/U 0.5,Over|Under,Under,2026-07-04T23:10:00Z,2026-07-05T07:10:00Z,2026-07-05T02:33:52Z,0.00,2026-07-04T23:10:00Z,2026-07-05T02:33:37Z,history-867d2455-8448-5db7-ac5d-e8b2b069b4f9-compact.parquet
88eba979-dbbe-552f-a353-d665ebbc2ee4,0x191b2357090e6931600e0af4e62cbf45ed36a9b9772f6c682f67a1e69d33691a,mlb,Baltimore Orioles vs. Cincinnati Reds - First 5 Innings Winner,rest,Baltimore Orioles winning after 5 innings?,Yes|No,Yes,2026-07-04T23:10:00Z,2026-07-05T07:10:00Z,2026-07-05T01:25:49Z,0.00,2026-07-04T23:10:00Z,2026-07-05T01:24:39Z,history-88eba979-dbbe-552f-a353-d665ebbc2ee4-compact.parquet
890a7f6f-6978-5a26-8445-355e11ddba30,0x8619dbfdde19d6ed171f1bdaf4cb2c1b90184e1a03f0e44cd8193e2426f1c4d2,mlb,Chicago White Sox vs. Cleveland Guardians,rest,Will the game go to extra innings?: Chicago White Sox vs. Cleveland Guardians,Yes|No,No,2026-07-04T23:10:00Z,2026-07-05T07:10:00Z,2026-07-05T02:09:37Z,15.32,2026-07-04T23:10:00Z,2026-07-05T02:09:16Z,history-890a7f6f-6978-5a26-8445-355e11ddba30-compact.parquet
89bb1dfa-9b86-571c-9931-a36089720c02,0xf83cc4ab0ee638ba3d6e76d155c225b2c020026914391ba704e80241d1e8d2d8,mlb,Baltimore Orioles vs. Cincinnati Reds - Player Props,rest,Elly De La Cruz: Home Runs O/U 0.5,Over|Under,Under,2026-07-04T23:10:00Z,2026-07-05T07:10:00Z,2026-07-05T02:33:46Z,0.00,2026-07-04T23:10:00Z,2026-07-05T02:33:35Z,history-89bb1dfa-9b86-571c-9931-a36089720c02-compact.parquet
8ca2b028-f07e-5e62-9024-d9bdf2d6193a,0x18a7221abca0d41c9258e91e2fa1d4d64b678d5aeafef6d2d66fc355d30281f0,mlb,Baltimore Orioles vs. Cincinnati Reds - Player Props,rest,Adley Rutschman: Home Runs O/U 0.5,Over|Under,Under,2026-07-04T23:10:00Z,2026-07-05T07:10:00Z,2026-07-05T02:33:39Z,0.00,2026-07-04T23:10:00Z,2026-07-05T02:33:33Z,history-8ca2b028-f07e-5e62-9024-d9bdf2d6193a-compact.parquet
8d24f5a6-7662-5996-ac0a-b3abfc3902ac,0xe8368efeb188668bc6d0a45342ea0bdb78e609e632be67ff3c6fb4696ad0e313,mlb,Baltimore Orioles vs. Cincinnati Reds,moneyline,Baltimore Orioles vs. Cincinnati Reds,Baltimore Orioles|Cincinnati Reds,Baltimore Orioles,2026-07-04T23:10:00Z,2026-07-05T07:10:00Z,2026-07-05T02:33:28Z,180664.42,2026-07-04T23:10:00Z,2026-07-05T02:33:10Z,history-8d24f5a6-7662-5996-ac0a-b3abfc3902ac-compact.parquet
8e4aad4f-fd7f-5413-912f-2e96ab932f5b,0x93abf69a30e3de4fe031fd70848648b233cd5c36e6e865ffae3507b3270255d2,mlb,Baltimore Orioles vs. Cincinnati Reds,spread,Spread: Baltimore Orioles (-1.5),Baltimore Orioles|Cincinnati Reds,Baltimore Orioles,2026-07-04T23:10:00Z,2026-07-05T07:10:00Z,2026-07-05T02:33:32Z,1723.31,2026-07-04T23:10:00Z,2026-07-05T02:32:46Z,history-8e4aad4f-fd7f-5413-912f-2e96ab932f5b-compact.parquet
8f70a493-82bb-53e1-a83c-104b08a403b7,0x8f5387560c46aaf391f4619d6d6af83ac3e96d13b853971a9e071888809d0aa8,mlb,Tampa Bay Rays vs. Houston Astros - Player Props,rest,Hunter Brown: Strikeouts O/U 5.5,Over|Under,Under,2026-07-04T23:10:00Z,2026-07-05T07:10:00Z,2026-07-05T02:36:59Z,20.00,2026-07-04T23:10:00Z,2026-07-05T02:36:33Z,history-8f70a493-82bb-53e1-a83c-104b08a403b7-compact.parquet
96cd3d83-2899-5f8e-bed2-9707d74c1492,0x29f08e9c6f38a2024b7f06d101a45ed1b012902af26459a274c09f3199021626,mlb,Chicago White Sox vs. Cleveland Guardians,total,Chicago White Sox vs. Cleveland Guardians: O/U 7.5,Over|Under,Under,2026-07-04T23:10:00Z,2026-07-05T07:10:00Z,2026-07-05T02:09:48Z,17789.42,2026-07-04T23:10:00Z,2026-07-05T02:09:36Z,history-96cd3d83-2899-5f8e-bed2-9707d74c1492-compact.parquet
a3b0c266-0d3f-574a-beb6-32ca440ce40f,0x9e83c288e6e82e5b38571ad3482dadf37370dc37e34286f925d3e20983fb24e8,mlb,Tampa Bay Rays vs. Houston Astros - Player Props,rest,Drew Rasmussen: Strikeouts O/U 5.5,Over|Under,Under,2026-07-04T23:10:00Z,2026-07-05T07:10:00Z,2026-07-05T02:36:57Z,0.00,2026-07-04T23:10:00Z,2026-07-05T02:36:46Z,history-a3b0c266-0d3f-574a-beb6-32ca440ce40f-compact.parquet
ad8051e0-3641-573b-b1ca-15adf5cb28c1,0x1c81b2b827c9f522b0f90389920d9a04c84cdf1228e0e88c7590549e6c4baf1c,mlb,Baltimore Orioles vs. Cincinnati Reds,total:f5,Baltimore Orioles vs. Cincinnati Reds: 1st 5 Innings O/U 5.5,Over|Under,Over,2026-07-04T23:10:00Z,2026-07-05T07:10:00Z,2026-07-05T00:04:50Z,0.00,2026-07-04T23:10:00Z,2026-07-05T00:04:10Z,history-ad8051e0-3641-573b-b1ca-15adf5cb28c1-compact.parquet
aeac72d6-033c-5e6f-997a-cfb6fc00dfad,0x2439ecf3af1a6dd026d94baa4ddc0ec0d121960c04ff1b06d3a259ab41d36b96,mlb,Chicago White Sox vs. Cleveland Guardians - First 5 Innings Winner,rest,Chicago White Sox vs. Cleveland Guardians: Tied after 5 innings?,Yes|No,Yes,2026-07-04T23:10:00Z,2026-07-05T07:10:00Z,2026-07-05T01:04:51Z,5.81,2026-07-04T23:10:00Z,2026-07-05T01:04:07Z,history-aeac72d6-033c-5e6f-997a-cfb6fc00dfad-compact.parquet
b6f2c35a-719b-5476-9f1e-349e74bd318e,0x9d2792c15e77aa3fb0df5be026dffc265694f07e4d943961ad9669d3edb5d1aa,mlb,Tampa Bay Rays vs. Houston Astros,spread:f5,1st 5 Innings Spread: Tampa Bay Rays (-1.5),Tampa Bay Rays|Houston Astros,Tampa Bay Rays,2026-07-04T23:10:00Z,2026-07-05T07:10:00Z,2026-07-05T01:09:29Z,0.00,2026-07-04T23:10:00Z,2026-07-05T01:08:34Z,history-b6f2c35a-719b-5476-9f1e-349e74bd318e-compact.parquet
b945a782-4d4a-5aab-a94f-04638d8fb8e3,0x477f4a7df5c9971cde7033a5449d5bc0a95c7fe9051675b408beb40fc41c070e,mlb,Tampa Bay Rays vs. Houston Astros - Player Props,rest,Junior Caminero: Home Runs O/U 1.5,Over|Under,Under,2026-07-04T23:10:00Z,2026-07-05T07:10:00Z,2026-07-05T02:37:11Z,0.00,2026-07-04T23:10:00Z,2026-07-05T02:36:34Z,history-b945a782-4d4a-5aab-a94f-04638d8fb8e3-compact.parquet
c12231c0-20a7-594f-9bca-67a087190a94,0x7f84c163aef08d82f91579591042a29e4f7de607e0288be4ce1389e8a9763a24,mlb,Chicago White Sox vs. Cleveland Guardians - Player Props,rest,Randal Grichuk: Home Runs O/U 0.5,Over|Under,Under,2026-07-04T23:10:00Z,2026-07-05T07:10:00Z,2026-07-05T02:09:24Z,0.00,2026-07-04T23:10:00Z,2026-07-05T02:09:01Z,history-c12231c0-20a7-594f-9bca-67a087190a94-compact.parquet
c2c7026d-0c7f-5d1d-9ad9-444563122ade,0x572fced813095638202a3b009ea6d5949f042bea893bb9171284287c8b47d09c,mlb,Baltimore Orioles vs. Cincinnati Reds - Player Props,rest,Blaze Alexander: Home Runs O/U 0.5,Over|Under,Under,2026-07-04T23:10:00Z,2026-07-05T07:10:00Z,2026-07-05T02:33:44Z,0.00,2026-07-04T23:10:00Z,2026-07-05T02:33:35Z,history-c2c7026d-0c7f-5d1d-9ad9-444563122ade-compact.parquet
c51a5bc4-da12-5966-8878-f59679b253c6,0x119730c4dcda4209609ac07579e6980e85ab61d0a4724e07121f2ec6002d8088,mlb,Chicago White Sox vs. Cleveland Guardians - Player Props,rest,Brayan Rocchio: Home Runs O/U 0.5,Over|Under,Under,2026-07-04T23:10:00Z,2026-07-05T07:10:00Z,2026-07-05T02:09:45Z,0.00,2026-07-04T23:10:00Z,2026-07-05T02:09:00Z,history-c51a5bc4-da12-5966-8878-f59679b253c6-compact.parquet
c5bf2c7d-487a-57d7-9197-af3c5925a90b,0x1b1bf3b296d59faed4a1dbfc01dec335a8ef575a193b01772bdb9a9b45e0658b,mlb,Tampa Bay Rays vs. Houston Astros - Player Props,rest,Victor Mesa Jr.: Home Runs O/U 0.5,Over|Under,Under,2026-07-04T23:10:00Z,2026-07-05T07:10:00Z,2026-07-05T02:37:10Z,0.00,2026-07-04T23:10:00Z,2026-07-05T02:36:36Z,history-c5bf2c7d-487a-57d7-9197-af3c5925a90b-compact.parquet
c6495afc-b046-58e3-b1c1-bbb15e2d64da,0xeb52794ec7c3afcefe670d6a482c1564924724b2883b88e72c5e30370b3588f8,mlb,Baltimore Orioles vs. Cincinnati Reds,spread:f5,1st 5 Innings Spread: Cincinnati Reds (-2.5),Cincinnati Reds|Baltimore Orioles,Baltimore Orioles,2026-07-04T23:10:00Z,2026-07-05T07:10:00Z,2026-07-05T01:21:24Z,29.00,2026-07-04T23:10:00Z,2026-07-05T01:20:36Z,history-c6495afc-b046-58e3-b1c1-bbb15e2d64da-compact.parquet
c689297b-5d2c-56f3-910c-dc6f8cd0de0b,0x567de1113f4d77d61cfb3da3b55826193599a6d2c99396303a7bc91f86425408,mlb,Chicago White Sox vs. Cleveland Guardians - Player Props,rest,Miguel Vargas: Home Runs O/U 0.5,Over|Under,Under,2026-07-04T23:10:00Z,2026-07-05T07:10:00Z,2026-07-05T02:09:53Z,0.00,2026-07-04T23:10:00Z,2026-07-05T02:09:30Z,history-c689297b-5d2c-56f3-910c-dc6f8cd0de0b-compact.parquet
c6a261e7-bd3d-5b6f-aafe-681bc0e93d5c,0xe2d532635f01b266b27f0b647c46ef8b8efd42de8d0bb1c06de6885882651f2c,mlb,Chicago White Sox vs. Cleveland Guardians,spread:f5,1st 5 Innings Spread: Cleveland Guardians (-2.5),Cleveland Guardians|Chicago White Sox,Chicago White Sox,2026-07-04T23:10:00Z,2026-07-05T07:10:00Z,2026-07-05T01:00:56Z,97.00,2026-07-04T23:10:00Z,2026-07-05T00:59:50Z,history-c6a261e7-bd3d-5b6f-aafe-681bc0e93d5c-compact.parquet
c7522b7b-0836-5892-84c8-7926761f3dd1,0xf5548fa6bbd47d41c63e75c4e427d511a0b4f276bf3bfd16ba26682cec90352f,mlb,Baltimore Orioles vs. Cincinnati Reds - Player Props,rest,Pete Alonso: Home Runs O/U 1.5,Over|Under,Under,2026-07-04T23:10:00Z,2026-07-05T07:10:00Z,2026-07-05T02:33:53Z,0.00,2026-07-04T23:10:00Z,2026-07-05T02:33:32Z,history-c7522b7b-0836-5892-84c8-7926761f3dd1-compact.parquet
c7bf88dd-b878-5af3-ac76-9bf297f48c10,0x784746a621348e77bacdb6013841fe517c96935929cc80f99944e5a6da8f667c,mlb,Chicago White Sox vs. Cleveland Guardians,spread:f5,1st 5 Innings Spread: Chicago White Sox (-1.5),Chicago White Sox|Cleveland Guardians,Cleveland Guardians,2026-07-04T23:10:00Z,2026-07-05T07:10:00Z,2026-07-05T01:00:59Z,105.89,2026-07-04T23:10:00Z,2026-07-05T01:00:01Z,history-c7bf88dd-b878-5af3-ac76-9bf297f48c10-compact.parquet
c99580af-885a-57a9-9a3d-803c2fea6132,0x42b1f2621124fab73f976d12b33c8136ca7cacb82fa1570d0728e37b5209de18,mlb,Tampa Bay Rays vs. Houston Astros - First 5 Innings Winner,rest,Tampa Bay Rays vs. Houston Astros: Tied after 5 innings?,Yes|No,No,2026-07-04T23:10:00Z,2026-07-05T07:10:00Z,2026-07-05T01:09:56Z,0.00,2026-07-04T23:10:00Z,2026-07-05T01:09:24Z,history-c99580af-885a-57a9-9a3d-803c2fea6132-compact.parquet
d164aeec-b128-55a8-9bbb-b21e9d7f9ac7,0x7b72c4267e894d95ab6a6e387200a6a0ac017e61e4e465a1b6c9dfc7c3c07eac,mlb,Baltimore Orioles vs. Cincinnati Reds,spread:f5,1st 5 Innings Spread: Baltimore Orioles (-1.5),Baltimore Orioles|Cincinnati Reds,Baltimore Orioles,2026-07-04T23:10:00Z,2026-07-05T07:10:00Z,2026-07-05T01:21:29Z,15.13,2026-07-04T23:10:00Z,2026-07-05T01:20:46Z,history-d164aeec-b128-55a8-9bbb-b21e9d7f9ac7-compact.parquet
db749aba-47e4-54d5-b31c-405fef1d6a89,0xb31478d71719331b789413f7332f8addceb65665ef95f32c45e064c976dad990,mlb,Chicago White Sox vs. Cleveland Guardians - Player Props,rest,Chase DeLauter: Home Runs O/U 0.5,Over|Under,Under,2026-07-04T23:10:00Z,2026-07-05T07:10:00Z,2026-07-05T02:09:57Z,0.00,2026-07-04T23:10:00Z,2026-07-05T02:09:11Z,history-db749aba-47e4-54d5-b31c-405fef1d6a89-compact.parquet
dc565ae9-2d9c-5841-9125-9fdb96332559,0xda3811f8ab8c8b3c4dceb70ecf7985419ffe62fd1ecac8f2105b0c4038bf57bd,mlb,Tampa Bay Rays vs. Houston Astros,spread:f5,1st 5 Innings Spread: Tampa Bay Rays (-2.5),Tampa Bay Rays|Houston Astros,Houston Astros,2026-07-04T23:10:00Z,2026-07-05T07:10:00Z,2026-07-05T01:09:38Z,61.00,2026-07-04T23:10:00Z,2026-07-05T01:09:04Z,history-dc565ae9-2d9c-5841-9125-9fdb96332559-compact.parquet
dcd69578-d490-5999-a6fd-4288c6c532eb,0x18285409e22ffcc5701cd986d36ef82648cb86465a56797747489057e0d35ee4,mlb,Baltimore Orioles vs. Cincinnati Reds,total,Baltimore Orioles vs. Cincinnati Reds: O/U 9.5,Over|Under,Over,2026-07-04T23:10:00Z,2026-07-05T07:10:00Z,2026-07-05T00:49:58Z,18539.86,2026-07-04T23:10:00Z,2026-07-05T00:48:51Z,history-dcd69578-d490-5999-a6fd-4288c6c532eb-compact.parquet
de71e0c5-204e-5b40-a024-7ec826ea1e7f,0x580a38e82e59027e33e1b8029d93a168bb0533de8c7ece8712e00a2b01466015,mlb,Chicago White Sox vs. Cleveland Guardians,spread:f5,1st 5 Innings Spread: Chicago White Sox (-2.5),Chicago White Sox|Cleveland Guardians,Cleveland Guardians,2026-07-04T23:10:00Z,2026-07-05T07:10:00Z,2026-07-05T01:00:56Z,0.00,2026-07-04T23:10:00Z,2026-07-05T01:00:07Z,history-de71e0c5-204e-5b40-a024-7ec826ea1e7f-compact.parquet
e1ff75b9-7195-5af8-a13f-becf252177a9,0x8ad22bdf6f9cc9a6c5002186871aa4476164e33c8ef5a6f2a9594f6006c024e9,mlb,Chicago White Sox vs. Cleveland Guardians,rest,Will there be a run scored in the first inning?: Chicago White Sox vs. Cleveland Guardians,Yes|No,Yes,2026-07-04T23:10:00Z,2026-07-05T07:10:00Z,2026-07-05T01:23:27Z,1063.95,2026-07-04T23:10:00Z,2026-07-05T01:22:31Z,history-e1ff75b9-7195-5af8-a13f-becf252177a9-compact.parquet
e3f4eb76-3c8a-5abb-a1fd-1378fd828682,0xe2181c10c26e02df83a4ee0fc8c9a0ca1198a8b325a55a5928f06fa1b2896ba5,mlb,Chicago White Sox vs. Cleveland Guardians,total:f5,Chicago White Sox vs. Cleveland Guardians: 1st 5 Innings O/U 5.5,Over|Under,Under,2026-07-04T23:10:00Z,2026-07-05T07:10:00Z,2026-07-05T01:00:58Z,0.00,2026-07-04T23:10:00Z,2026-07-05T01:00:22Z,history-e3f4eb76-3c8a-5abb-a1fd-1378fd828682-compact.parquet
e61d41f0-d324-59eb-bdc4-3be2cfeba97e,0x09751540dc46fc82cdad788a9482f925f83e1a67fa6fb772edaef2608dc84f29,mlb,Baltimore Orioles vs. Cincinnati Reds,spread:f5,1st 5 Innings Spread: Baltimore Orioles (-2.5),Baltimore Orioles|Cincinnati Reds,Baltimore Orioles,2026-07-04T23:10:00Z,2026-07-05T07:10:00Z,2026-07-05T01:21:29Z,60.00,2026-07-04T23:10:00Z,2026-07-05T01:20:16Z,history-e61d41f0-d324-59eb-bdc4-3be2cfeba97e-compact.parquet
e67015fe-eccc-5e16-9b7d-37922e48489f,0x09a365a6a1e3d7229729074a4f1d399d3bec3ed1ad6085d9df7c553c3f8c601f,mlb,Chicago White Sox vs. Cleveland Guardians,total,Chicago White Sox vs. Cleveland Guardians: O/U 8.5,Over|Under,Under,2026-07-04T23:10:00Z,2026-07-05T07:10:00Z,2026-07-05T02:09:50Z,4996.37,2026-07-04T23:10:00Z,2026-07-05T02:09:37Z,history-e67015fe-eccc-5e16-9b7d-37922e48489f-compact.parquet
e8fccaab-8051-5396-8886-65557fc5e171,0x197c59a6c5892328ab1cddebe2b6d9d7b9ae0b39d21eb11c8ffb59d895bbf028,mlb,Chicago White Sox vs. Cleveland Guardians - Player Props,rest,Sean Burke: Strikeouts O/U 5.5,Over|Under,Over,2026-07-04T23:10:00Z,2026-07-05T07:10:00Z,2026-07-05T02:09:14Z,70.00,2026-07-04T23:10:00Z,2026-07-05T02:08:40Z,history-e8fccaab-8051-5396-8886-65557fc5e171-compact.parquet
eea56bd1-64d8-550d-91e7-fad2983a21e4,0xe2cd26e168c3a98d4d794f95b7a26ca72344e31658dfe95fbf20f0e630afaa49,mlb,Chicago White Sox vs. Cleveland Guardians - Player Props,rest,Drew Romo: Home Runs O/U 0.5,Over|Under,Under,2026-07-04T23:10:00Z,2026-07-05T07:10:00Z,2026-07-05T02:09:28Z,0.00,2026-07-04T23:10:00Z,2026-07-05T02:08:40Z,history-eea56bd1-64d8-550d-91e7-fad2983a21e4-compact.parquet
ef2b6d71-16d1-544b-89c7-3d485ea5d130,0x9654ed9954ab26f4779b2724575a64482d96a0bb20fb20d9b835ea7047820f83,mlb,Tampa Bay Rays vs. Houston Astros - Player Props,rest,Yandy Díaz: Home Runs O/U 0.5,Over|Under,Under,2026-07-04T23:10:00Z,2026-07-05T07:10:00Z,2026-07-05T07:16:11Z,0.00,2026-07-04T23:10:00Z,2026-07-05T07:16:11Z,history-ef2b6d71-16d1-544b-89c7-3d485ea5d130-compact.parquet
efa74124-517e-5e61-89fa-c1af1786ad97,0x57b87175ab79eb613173089bcab51098fe4f44c7425b0c851ad6850b48474858,mlb,Tampa Bay Rays vs. Houston Astros - Player Props,rest,Yordan Alvarez: Home Runs O/U 1.5,Over|Under,Over,2026-07-04T23:10:00Z,2026-07-05T07:10:00Z,2026-07-05T02:36:58Z,0.00,2026-07-04T23:10:00Z,2026-07-05T02:36:51Z,history-efa74124-517e-5e61-89fa-c1af1786ad97-compact.parquet
f0505635-7860-5d04-b11c-c3bcdeeeaed6,0x77e903b237f3f03d2999dca850f002cfea6231ce459349ed1c852f370e8e7fc0,mlb,Chicago White Sox vs. Cleveland Guardians,moneyline,Chicago White Sox vs. Cleveland Guardians,Chicago White Sox|Cleveland Guardians,Chicago White Sox,2026-07-04T23:10:00Z,2026-07-05T07:10:00Z,2026-07-05T02:09:40Z,71113.50,2026-07-04T23:10:00Z,2026-07-05T02:09:24Z,history-f0505635-7860-5d04-b11c-c3bcdeeeaed6-compact.parquet
f65a5597-7585-5f05-9ad5-942c706bc62d,0x458fde52bbe6c2b042de756d7b098dbfba099f9a6f13e2fbb8bd71ebfd35cf60,mlb,Chicago White Sox vs. Cleveland Guardians - Player Props,rest,Braden Montgomery: Home Runs O/U 0.5,Over|Under,Under,2026-07-04T23:10:00Z,2026-07-05T07:10:00Z,2026-07-05T02:07:08Z,0.00,2026-07-04T23:10:00Z,2026-07-05T02:06:30Z,history-f65a5597-7585-5f05-9ad5-942c706bc62d-compact.parquet
f7b12c41-0814-5cc5-b4d8-e9e533b54cee,0x3f25e9702adf1814edb8811894294a3753f2badf1bac863495e0408389291d52,mlb,Tampa Bay Rays vs. Houston Astros - Player Props,rest,Hunter Brown: Strikeouts O/U 6.5,Over|Under,Under,2026-07-04T23:10:00Z,2026-07-05T07:10:00Z,2026-07-05T02:37:14Z,20.00,2026-07-04T23:10:00Z,2026-07-05T02:37:14Z,history-f7b12c41-0814-5cc5-b4d8-e9e533b54cee-compact.parquet
fb307d09-48a5-5b9a-b18a-751c3a981bff,0x8169f850754c1fe66c499e085b11223b167c04e14fe4b977fe83f448066c064e,mlb,Baltimore Orioles vs. Cincinnati Reds - Player Props,rest,Nathaniel Lowe: Home Runs O/U 0.5,Over|Under,Under,2026-07-04T23:10:00Z,2026-07-05T07:10:00Z,2026-07-05T02:33:22Z,0.00,2026-07-04T23:10:00Z,2026-07-05T02:32:31Z,history-fb307d09-48a5-5b9a-b18a-751c3a981bff-compact.parquet
fed25227-5863-589b-b8fe-c49f9d5391a9,0x0541ecb2ce8ecb8ea4421694f323341c9a0e15e2c14b37ab78f56c79dd74a33c,mlb,Chicago White Sox vs. Cleveland Guardians - Player Props,rest,Colson Montgomery: Home Runs O/U 0.5,Over|Under,Over,2026-07-04T23:10:00Z,2026-07-05T07:10:00Z,2026-07-05T02:09:39Z,0.00,2026-07-04T23:10:00Z,2026-07-05T02:09:26Z,history-fed25227-5863-589b-b8fe-c49f9d5391a9-compact.parquet
04e1041e-5c96-52e7-b228-645d52ad3199,0x4046cd4ed027e7555a895ee5d470957fac5a4a147d82bd66ad2f0711c730b0aa,mlb,New York Mets vs. Atlanta Braves - First 5 Innings Winner,rest,New York Mets vs. Atlanta Braves: Tied after 5 innings?,Yes|No,No,2026-07-05T00:08:00Z,2026-07-05T08:08:00Z,2026-07-05T02:03:50Z,0.00,2026-07-05T00:08:00Z,2026-07-05T02:02:49Z,history-04e1041e-5c96-52e7-b228-645d52ad3199-compact.parquet
050a8398-5a29-50ed-a91d-9c6059e3b90b,0xd4fbf1d576b2c8ae67cd9db541be72fefd46da4f7491ca89e0cfb071b7ed0f44,mlb,St. Louis Cardinals vs. Chicago Cubs - Player Props,rest,Kyle Leahy: Strikeouts O/U 3.5,Over|Under,Over,2026-07-05T00:08:00Z,2026-07-05T08:08:00Z,2026-07-05T04:32:59Z,0.00,2026-07-05T00:08:00Z,2026-07-05T04:32:16Z,history-050a8398-5a29-50ed-a91d-9c6059e3b90b-compact.parquet
0ddfb183-6261-5b38-9c6f-380ac3bfb8f9,0xc2ff8906a9c85a24a6c1fb5595180fa5c8db0abc2b3d3a43192754400711650d,mlb,New York Mets vs. Atlanta Braves - Player Props,rest,Eli White: Home Runs O/U 0.5,Over|Under,Over,2026-07-05T00:08:00Z,2026-07-05T08:08:00Z,2026-07-05T03:32:31Z,0.00,2026-07-05T00:08:00Z,2026-07-05T03:32:21Z,history-0ddfb183-6261-5b38-9c6f-380ac3bfb8f9-compact.parquet
0e07187b-66d0-5a33-9285-363837a2e595,0x4255aed1ebf35639935842410051c286267dc426cca5f2885c43feba5062fef5,mlb,New York Mets vs. Atlanta Braves - Player Props,rest,Bo Bichette: Home Runs O/U 0.5,Over|Under,Under,2026-07-05T00:08:00Z,2026-07-05T08:08:00Z,2026-07-05T03:32:03Z,0.00,2026-07-05T00:08:00Z,2026-07-05T03:31:51Z,history-0e07187b-66d0-5a33-9285-363837a2e595-compact.parquet
10406ed0-4b15-50b7-b51c-7897c7d42cd2,0xeb29a5f4b6be7f85217882f65c9cb6c731bd89dc20a92781f30a7d260d330d12,mlb,St. Louis Cardinals vs. Chicago Cubs - Player Props,rest,Michael Busch: Home Runs O/U 0.5,Over|Under,Under,2026-07-05T00:08:00Z,2026-07-05T08:08:00Z,2026-07-05T04:36:16Z,0.00,2026-07-05T00:08:00Z,2026-07-05T04:35:10Z,history-10406ed0-4b15-50b7-b51c-7897c7d42cd2-compact.parquet
133c3d19-6867-5d15-9c4c-7a9e12e72be9,0x3202cd814fc4f60614d13df61a7b10fd2f64b739f767ec14bec7852b07298ce9,mlb,St. Louis Cardinals vs. Chicago Cubs,moneyline,St. Louis Cardinals vs. Chicago Cubs,St. Louis Cardinals|Chicago Cubs,St. Louis Cardinals,2026-07-05T00:08:00Z,2026-07-05T08:08:00Z,2026-07-05T04:36:39Z,32295.36,2026-07-05T00:08:00Z,2026-07-05T04:36:17Z,history-133c3d19-6867-5d15-9c4c-7a9e12e72be9-compact.parquet
14607774-2e16-5ae4-99dc-b6970636eb94,0x7f3c45ec2c1864ad05fa023620feacac6b380af8d06c379203083505484e8a02,mlb,St. Louis Cardinals vs. Chicago Cubs,spread:f5,1st 5 Innings Spread: St. Louis Cardinals (-1.5),St. Louis Cardinals|Chicago Cubs,St. Louis Cardinals,2026-07-05T00:08:00Z,2026-07-05T08:08:00Z,2026-07-05T03:00:11Z,45.00,2026-07-05T00:08:00Z,2026-07-05T02:59:47Z,history-14607774-2e16-5ae4-99dc-b6970636eb94-compact.parquet
15da6ba5-a6ab-5b14-ae59-de63b8ada67d,0x4f67294e71575900b71c95f2ed272661974e26d27576dc6d1462c1a5bd3dfe9c,mlb,St. Louis Cardinals vs. Chicago Cubs - Player Props,rest,Pete Crow-Armstrong: Home Runs O/U 0.5,Over|Under,Under,2026-07-05T00:08:00Z,2026-07-05T08:08:00Z,2026-07-05T04:32:44Z,0.00,2026-07-05T00:08:00Z,2026-07-05T04:32:16Z,history-15da6ba5-a6ab-5b14-ae59-de63b8ada67d-compact.parquet
166866c7-bb68-5039-a6ae-aceaace455b4,0x13a9a47be0779de57f49912a10f534135859fd82827f3cf3e0e3d8840f299ed8,mlb,New York Mets vs. Atlanta Braves - Player Props,rest,Juan Soto: Home Runs O/U 1.5,Over|Under,Under,2026-07-05T00:08:00Z,2026-07-05T08:08:00Z,2026-07-05T03:32:42Z,0.00,2026-07-05T00:08:00Z,2026-07-05T03:32:20Z,history-166866c7-bb68-5039-a6ae-aceaace455b4-compact.parquet
1a5f2aaa-f9b7-5c97-bc72-a64e53c10515,0x51b554714f387f45ec4e0f63f981e40588ec843b3437ba012abb67de3f38a859,mlb,St. Louis Cardinals vs. Chicago Cubs - Player Props,rest,Nico Hoerner: Home Runs O/U 0.5,Over|Under,Under,2026-07-05T00:08:00Z,2026-07-05T08:08:00Z,2026-07-05T04:32:46Z,0.00,2026-07-05T00:08:00Z,2026-07-05T04:32:17Z,history-1a5f2aaa-f9b7-5c97-bc72-a64e53c10515-compact.parquet
24377431-7d44-52d8-8654-b3e860e9d087,0xdafb7f9b453e089de4db89a272bea31efd7ed8c90188bcb488eed12ff61a8c77,mlb,New York Mets vs. Atlanta Braves,spread:f5,1st 5 Innings Spread: Atlanta Braves (-1.5),Atlanta Braves|New York Mets,Atlanta Braves,2026-07-05T00:08:00Z,2026-07-05T08:08:00Z,2026-07-05T02:03:09Z,21.00,2026-07-05T00:08:00Z,2026-07-05T02:02:30Z,history-24377431-7d44-52d8-8654-b3e860e9d087-compact.parquet
2b253de4-1e5c-598e-84f2-6d52b1497559,0x4b3ce3e94eb1bc01f7002867f22fa0a32e5f83f4469324485314d265e43981db,mlb,St. Louis Cardinals vs. Chicago Cubs - Player Props,rest,Shota Imanaga: Strikeouts O/U 4.5,Over|Under,Over,2026-07-05T00:08:00Z,2026-07-05T08:08:00Z,2026-07-05T04:36:41Z,0.00,2026-07-05T00:08:00Z,2026-07-05T04:35:53Z,history-2b253de4-1e5c-598e-84f2-6d52b1497559-compact.parquet
2d83c4fe-a5c7-5e79-ac53-5104c05252ae,0x2e774c99339c7aed39cf3cb22ed8242b91ab3bb9da5211c7b5acc984742d2863,mlb,St. Louis Cardinals vs. Chicago Cubs - Player Props,rest,JJ Wetherholt: Home Runs O/U 0.5,Over|Under,Over,2026-07-05T00:08:00Z,2026-07-05T08:08:00Z,2026-07-05T04:32:47Z,0.00,2026-07-05T00:08:00Z,2026-07-05T04:32:04Z,history-2d83c4fe-a5c7-5e79-ac53-5104c05252ae-compact.parquet
2f8c6efb-4480-51e0-b60c-674efce51d88,0x5125b399718dfa99a73124514db3177bd7a5f5d8bad0aa2e439a19e89ac1913a,mlb,New York Mets vs. Atlanta Braves - Player Props,rest,Matt Olson: Home Runs O/U 1.5,Over|Under,Under,2026-07-05T00:08:00Z,2026-07-05T08:08:00Z,2026-07-05T03:32:21Z,0.00,2026-07-05T00:08:00Z,2026-07-05T03:31:21Z,history-2f8c6efb-4480-51e0-b60c-674efce51d88-compact.parquet
37513a7a-f406-5e63-9a9e-1a0d98350831,0x7f6d16867911ea53354ace7f1484c60ea95821a52debae4e770e55d5118a3efa,mlb,St. Louis Cardinals vs. Chicago Cubs - Player Props,rest,Iván Herrera: Home Runs O/U 0.5,Over|Under,Under,2026-07-05T00:08:00Z,2026-07-05T08:08:00Z,2026-07-05T04:32:43Z,0.00,2026-07-05T00:08:00Z,2026-07-05T04:32:22Z,history-37513a7a-f406-5e63-9a9e-1a0d98350831-compact.parquet
3c0368e2-a2d5-5856-8ccc-2dbc45b9019c,0xaee481f4434cd7f7defb0bbe351fc7f0a4abc3ca6ec166e521b561ac8d8b2b3c,mlb,St. Louis Cardinals vs. Chicago Cubs,total,St. Louis Cardinals vs. Chicago Cubs: O/U 8.5,Over|Under,Under,2026-07-05T00:08:00Z,2026-07-05T08:08:00Z,2026-07-05T04:36:38Z,28754.86,2026-07-05T00:08:00Z,2026-07-05T04:36:15Z,history-3c0368e2-a2d5-5856-8ccc-2dbc45b9019c-compact.parquet
3c6380b8-ef31-55a1-a83b-be9de93784f0,0xe17d9fb09af77505b2522ff3cfdf3e91bf2d55d9ced47dc076bc2b9c034cb641,mlb,New York Mets vs. Atlanta Braves - First 5 Innings Winner,rest,Atlanta Braves winning after 5 innings?,Yes|No,Yes,2026-07-05T00:08:00Z,2026-07-05T08:08:00Z,2026-07-05T02:07:50Z,0.00,2026-07-05T00:08:00Z,2026-07-05T02:06:59Z,history-3c6380b8-ef31-55a1-a83b-be9de93784f0-compact.parquet
3ccb77aa-041d-5f1d-8851-7f37767a83b2,0x590e3784c56d5707aca594e8a759f92eef8559f449a9ce07bc24921690e7d5c5,mlb,St. Louis Cardinals vs. Chicago Cubs,total:f5,St. Louis Cardinals vs. Chicago Cubs: 1st 5 Innings O/U 2.5,Over|Under,Under,2026-07-05T00:08:00Z,2026-07-05T08:08:00Z,2026-07-05T03:00:16Z,0.00,2026-07-05T00:08:00Z,2026-07-05T02:59:52Z,history-3ccb77aa-041d-5f1d-8851-7f37767a83b2-compact.parquet
401c0153-32a1-57ce-992c-c162e87fffc0,0xc6b930e6032b09850ec44c3d491d670fb313ca466c1b2784da284fe9a55fc9a0,mlb,New York Mets vs. Atlanta Braves,rest,Will there be a run scored in the first inning?: New York Mets vs. Atlanta Braves,Yes|No,No,2026-07-05T00:08:00Z,2026-07-05T08:08:00Z,2026-07-05T00:39:24Z,945.46,2026-07-05T00:08:00Z,2026-07-05T00:38:02Z,history-401c0153-32a1-57ce-992c-c162e87fffc0-compact.parquet
412b05bd-44a7-5170-ad3a-67e14b65bfef,0x300307f9ca77afb7391b34f4371b93371fdb3e7e7e033b0255bba8edcba9022a,mlb,St. Louis Cardinals vs. Chicago Cubs - First 5 Innings Winner,rest,Chicago Cubs winning after 5 innings?,Yes|No,No,2026-07-05T00:08:00Z,2026-07-05T08:08:00Z,2026-07-05T03:00:53Z,1074.16,2026-07-05T00:08:00Z,2026-07-05T02:59:49Z,history-412b05bd-44a7-5170-ad3a-67e14b65bfef-compact.parquet
41708b5b-2cea-5b8d-9af1-49e0bd48d04c,0x460167efab99600f62c561ab331b6f94afe720809f6dc949dab82295ae844d77,mlb,New York Mets vs. Atlanta Braves - First 5 Innings Winner,rest,New York Mets winning after 5 innings?,Yes|No,No,2026-07-05T00:08:00Z,2026-07-05T08:08:00Z,2026-07-05T02:03:50Z,0.00,2026-07-05T00:08:00Z,2026-07-05T02:02:49Z,history-41708b5b-2cea-5b8d-9af1-49e0bd48d04c-compact.parquet
4448ad16-4d6e-523e-a6d1-2a188e2a005a,0x56068e7721a108746cc4e1cb7d3de34190fc4cebf803e6e54d36082dc6db5a19,mlb,St. Louis Cardinals vs. Chicago Cubs,spread:f5,1st 5 Innings Spread: Chicago Cubs (-2.5),Chicago Cubs|St. Louis Cardinals,St. Louis Cardinals,2026-07-05T00:08:00Z,2026-07-05T08:08:00Z,2026-07-05T03:00:15Z,15.00,2026-07-05T00:08:00Z,2026-07-05T02:59:38Z,history-4448ad16-4d6e-523e-a6d1-2a188e2a005a-compact.parquet
45af77e6-0f81-5db7-9a70-39a1404c3fee,0xca78a68a12ce6fc89b68e25e7f3347819b9c45ef48ffc683c802e3c10db728b2,mlb,New York Mets vs. Atlanta Braves - Player Props,rest,Mauricio Dubón: Home Runs O/U 0.5,Over|Under,Over,2026-07-05T00:08:00Z,2026-07-05T08:08:00Z,2026-07-05T03:32:26Z,0.00,2026-07-05T00:08:00Z,2026-07-05T03:31:41Z,history-45af77e6-0f81-5db7-9a70-39a1404c3fee-compact.parquet
4a6a320a-775d-5097-8c03-55799aa8392c,0x2953a1b91d3f3e0c34409bb8c50939fbefd098a379c0944d6915a1b5cc30ba46,mlb,St. Louis Cardinals vs. Chicago Cubs,spread:f5,1st 5 Innings Spread: St. Louis Cardinals (-2.5),St. Louis Cardinals|Chicago Cubs,Chicago Cubs,2026-07-05T00:08:00Z,2026-07-05T08:08:00Z,2026-07-05T03:00:11Z,52.00,2026-07-05T00:08:00Z,2026-07-05T02:59:42Z,history-4a6a320a-775d-5097-8c03-55799aa8392c-compact.parquet
5259f853-0ab4-5629-888b-f6d7c2d50f83,0xe9500eadcd60b5d7c46b3de6229807c9d76edafeca002f3859d2c148b99e8400,mlb,New York Mets vs. Atlanta Braves - Player Props,rest,Juan Soto: Home Runs O/U 0.5,Over|Under,Under,2026-07-05T00:08:00Z,2026-07-05T08:08:00Z,2026-07-05T03:32:31Z,0.00,2026-07-05T00:08:00Z,2026-07-05T03:31:35Z,history-5259f853-0ab4-5629-888b-f6d7c2d50f83-compact.parquet
5281b441-c848-5e13-aa0d-15c4e02004bc,0x779bfd534ec2fb88cc1f939a54e4f9f6724194e882d64b265ebfc6da8322b45d,mlb,St. Louis Cardinals vs. Chicago Cubs - Player Props,rest,Jordan Walker: Home Runs O/U 0.5,Over|Under,Under,2026-07-05T00:08:00Z,2026-07-05T08:08:00Z,2026-07-05T04:33:38Z,0.00,2026-07-05T00:08:00Z,2026-07-05T04:33:18Z,history-5281b441-c848-5e13-aa0d-15c4e02004bc-compact.parquet
52e219e3-c2d9-5870-93d9-2e7913a6c745,0x56bb81e06a6809558ac705a8d2a2885b0862d058756d5f05609b4d9781b1a640,mlb,St. Louis Cardinals vs. Chicago Cubs - Player Props,rest,Alec Burleson: Home Runs O/U 0.5,Over|Under,Under,2026-07-05T00:08:00Z,2026-07-05T08:08:00Z,2026-07-05T04:32:44Z,0.00,2026-07-05T00:08:00Z,2026-07-05T04:31:57Z,history-52e219e3-c2d9-5870-93d9-2e7913a6c745-compact.parquet
5707c6af-7757-566b-8229-8333e1003207,0x77a2919645bd909564624c453b0e2664173da6a2edb33e00a534eb54af7f239d,mlb,New York Mets vs. Atlanta Braves - Player Props,rest,Sean Manaea: Strikeouts O/U 4.5,Over|Under,Under,2026-07-05T00:08:00Z,2026-07-05T08:08:00Z,2026-07-05T03:32:13Z,17.00,2026-07-05T00:08:00Z,2026-07-05T03:31:56Z,history-5707c6af-7757-566b-8229-8333e1003207-compact.parquet
58257d9f-2f45-584f-9566-b46b81759f02,0x8b0286d16f2599e65f1093c27f5eb6e0d4717915429966b11669ae52c80f8df1,mlb,New York Mets vs. Atlanta Braves - Player Props,rest,Drake Baldwin: Home Runs O/U 0.5,Over|Under,Under,2026-07-05T00:08:00Z,2026-07-05T08:08:00Z,2026-07-05T03:32:32Z,0.00,2026-07-05T00:08:00Z,2026-07-05T03:31:55Z,history-58257d9f-2f45-584f-9566-b46b81759f02-compact.parquet
58b64b26-8bf9-5dad-a649-d6286fb03249,0xd1bb6c884408435a9fcecb12271f913cddf36787eb83f9e4fb6474f4df065377,mlb,New York Mets vs. Atlanta Braves,rest,Will the game go to extra innings?: New York Mets vs. Atlanta Braves,Yes|No,No,2026-07-05T00:08:00Z,2026-07-05T08:08:00Z,2026-07-05T03:57:55Z,0.00,2026-07-05T00:08:00Z,2026-07-05T03:57:23Z,history-58b64b26-8bf9-5dad-a649-d6286fb03249-compact.parquet
5b2d638b-cb74-5340-b14e-51fdb76d8d99,0xb1ec83ec15a562807dc8b337aba544fec2a77bfbf8d71099e3bee32a7c34279f,mlb,New York Mets vs. Atlanta Braves,total:f5,New York Mets vs. Atlanta Braves: 1st 5 Innings O/U 5.5,Over|Under,Over,2026-07-05T00:08:00Z,2026-07-05T08:08:00Z,2026-07-05T01:39:05Z,0.00,2026-07-05T00:08:00Z,2026-07-05T01:38:44Z,history-5b2d638b-cb74-5340-b14e-51fdb76d8d99-compact.parquet
5e6f4ddc-58cd-56d8-8aa0-d6a81fcd4366,0x9884f8bb8e4fc126d65f579815777fdcbc3312323709c966fb3c6bfecbbc02cb,mlb,New York Mets vs. Atlanta Braves - Player Props,rest,Carson Benge: Home Runs O/U 0.5,Over|Under,Under,2026-07-05T00:08:00Z,2026-07-05T08:08:00Z,2026-07-05T03:31:59Z,0.00,2026-07-05T00:08:00Z,2026-07-05T03:31:58Z,history-5e6f4ddc-58cd-56d8-8aa0-d6a81fcd4366-compact.parquet
5e86c7b4-c10e-5f53-a374-94ac0992e629,0x14757d2ea23d8b41df3093b6f6181cfe8919e1541d9d6c4ffa1d6c0acb195d72,mlb,St. Louis Cardinals vs. Chicago Cubs,rest,Will the game go to extra innings?: St. Louis Cardinals vs. Chicago Cubs,Yes|No,No,2026-07-05T00:08:00Z,2026-07-05T08:08:00Z,2026-07-05T04:32:56Z,0.00,2026-07-05T00:08:00Z,2026-07-05T04:32:46Z,history-5e86c7b4-c10e-5f53-a374-94ac0992e629-compact.parquet
63bc8fd8-0bce-5c88-ae75-42abb990084c,0xb9d32a7a9d6876b32e13bf145948a73a22dd13582a856118bc47367a00c833bd,mlb,New York Mets vs. Atlanta Braves - Player Props,rest,Ozzie Albies: Home Runs O/U 0.5,Over|Under,Under,2026-07-05T00:08:00Z,2026-07-05T08:08:00Z,2026-07-05T03:32:19Z,0.00,2026-07-05T00:08:00Z,2026-07-05T03:32:07Z,history-63bc8fd8-0bce-5c88-ae75-42abb990084c-compact.parquet
65a94725-d9d8-5b32-8351-8089395229ac,0xde94083e3db9b8174cb2c42063dae12be1e80ca3c41c9db6961f0ba1e89a0468,mlb,St. Louis Cardinals vs. Chicago Cubs,total:f5,St. Louis Cardinals vs. Chicago Cubs: 1st 5 Innings O/U 6.5,Over|Under,Under,2026-07-05T00:08:00Z,2026-07-05T08:08:00Z,2026-07-05T03:00:15Z,0.00,2026-07-05T00:08:00Z,2026-07-05T02:59:40Z,history-65a94725-d9d8-5b32-8351-8089395229ac-compact.parquet
67d92f23-1801-5fcf-9b98-0eb61130c2ad,0x10eaca2e58c69111fc214f240152199c7b829ec69ab1a4ebed387c07204929b3,mlb,New York Mets vs. Atlanta Braves,total:f5,New York Mets vs. Atlanta Braves: 1st 5 Innings O/U 4.5,Over|Under,Over,2026-07-05T00:08:00Z,2026-07-05T08:08:00Z,2026-07-05T01:18:55Z,46.96,2026-07-05T00:08:00Z,2026-07-05T01:17:46Z,history-67d92f23-1801-5fcf-9b98-0eb61130c2ad-compact.parquet
6d59339e-2130-5352-b28d-d24eacec8b2a,0xb140a3e0d0573ec58f5e4834af755515b868329a511a3adb4d197fb08795d905,mlb,New York Mets vs. Atlanta Braves - Player Props,rest,Francisco Lindor: Home Runs O/U 0.5,Over|Under,Under,2026-07-05T00:08:00Z,2026-07-05T08:08:00Z,2026-07-05T03:32:35Z,0.00,2026-07-05T00:08:00Z,2026-07-05T03:31:41Z,history-6d59339e-2130-5352-b28d-d24eacec8b2a-compact.parquet
74280414-a43c-5727-9573-3b7e7b5f7ae5,0x174a33a39b556875c610429190cafe088dbd924cad51abaca3268e174011c29a,mlb,New York Mets vs. Atlanta Braves,total:f5,New York Mets vs. Atlanta Braves: 1st 5 Innings O/U 3.5,Over|Under,Over,2026-07-05T00:08:00Z,2026-07-05T08:08:00Z,2026-07-05T01:18:55Z,0.00,2026-07-05T00:08:00Z,2026-07-05T01:17:54Z,history-74280414-a43c-5727-9573-3b7e7b5f7ae5-compact.parquet
7999c6de-252a-56f9-a3be-34df155e9e13,0xe58d49a484862b2447ed0694ee40eb04f9eff986e8c113590699cb35f5c9d1ba,mlb,New York Mets vs. Atlanta Braves - Player Props,rest,Matt Olson: Home Runs O/U 0.5,Over|Under,Under,2026-07-05T00:08:00Z,2026-07-05T08:08:00Z,2026-07-05T03:32:28Z,0.00,2026-07-05T00:08:00Z,2026-07-05T03:31:55Z,history-7999c6de-252a-56f9-a3be-34df155e9e13-compact.parquet
7bf3a898-148b-5501-9212-6d4dac874a56,0x27bdc21882cb58241a9db7a8f3c1ecc25837de2b49d6b7275f4da79d2e26928f,mlb,New York Mets vs. Atlanta Braves - Player Props,rest,A.J. Ewing: Home Runs O/U 0.5,Over|Under,Under,2026-07-05T00:08:00Z,2026-07-05T08:08:00Z,2026-07-05T03:32:08Z,0.00,2026-07-05T00:08:00Z,2026-07-05T03:31:57Z,history-7bf3a898-148b-5501-9212-6d4dac874a56-compact.parquet
8e223b1e-c20e-566f-86cf-dae41a60207f,0xc9156a44a34c56bf995d3966f2f950d99906988f7e7b9c762140558e511afd16,mlb,New York Mets vs. Atlanta Braves,spread:f5,1st 5 Innings Spread: New York Mets (-2.5),New York Mets|Atlanta Braves,Atlanta Braves,2026-07-05T00:08:00Z,2026-07-05T08:08:00Z,2026-07-05T02:03:08Z,0.00,2026-07-05T00:08:00Z,2026-07-05T02:03:03Z,history-8e223b1e-c20e-566f-86cf-dae41a60207f-compact.parquet
906c819d-a04e-51c5-b552-79f5d9ba3b0e,0x1ad904f29601b0b33c0db72ab73700ec61f04701fd8f4fa796d81a99b7445b14,mlb,St. Louis Cardinals vs. Chicago Cubs,rest,Will there be a run scored in the first inning?: St. Louis Cardinals vs. Chicago Cubs,Yes|No,Yes,2026-07-05T00:08:00Z,2026-07-05T08:08:00Z,2026-07-05T01:28:12Z,450.29,2026-07-05T00:08:00Z,2026-07-05T01:27:04Z,history-906c819d-a04e-51c5-b552-79f5d9ba3b0e-compact.parquet
908c0a06-0932-5b5d-98a3-3a2f11cc064d,0xa51acce990c10c0c5aa7bc5f2e5dd1348672e7a3c796610ae0859cf94a1a18d7,mlb,New York Mets vs. Atlanta Braves,spread,Spread: Atlanta Braves (-1.5),Atlanta Braves|New York Mets,Atlanta Braves,2026-07-05T00:08:00Z,2026-07-05T08:08:00Z,2026-07-05T03:32:24Z,12219.26,2026-07-05T00:08:00Z,2026-07-05T03:31:54Z,history-908c0a06-0932-5b5d-98a3-3a2f11cc064d-compact.parquet
97f60f01-ca39-5de5-8f6c-374da66e5e00,0x2bdafb070727682daf300971670909096dab516547c1547ab237a9e2b9992e46,mlb,St. Louis Cardinals vs. Chicago Cubs - First 5 Innings Winner,rest,St. Louis Cardinals winning after 5 innings?,Yes|No,Yes,2026-07-05T00:08:00Z,2026-07-05T08:08:00Z,2026-07-05T03:05:52Z,5.71,2026-07-05T00:08:00Z,2026-07-05T03:04:56Z,history-97f60f01-ca39-5de5-8f6c-374da66e5e00-compact.parquet
9a5dd167-48dc-5fe8-bdea-9816867fbf8d,0x481fdbe7280f5f068d3664413aba1130398458f5baf7338af6f2d6271c81726d,mlb,St. Louis Cardinals vs. Chicago Cubs - Player Props,rest,Alex Bregman: Home Runs O/U 0.5,Over|Under,Under,2026-07-05T00:08:00Z,2026-07-05T08:08:00Z,2026-07-05T04:32:44Z,0.00,2026-07-05T00:08:00Z,2026-07-05T04:32:30Z,history-9a5dd167-48dc-5fe8-bdea-9816867fbf8d-compact.parquet
9b5d5d01-ce5e-5975-abdc-7c878bafcda4,0xbb21bd3df34bd43a19e8a14d822d1aa7131120f80efab57d7cdd6d778a567066,mlb,St. Louis Cardinals vs. Chicago Cubs - Player Props,rest,Seiya Suzuki: Home Runs O/U 0.5,Over|Under,Under,2026-07-05T00:08:00Z,2026-07-05T08:08:00Z,2026-07-05T04:32:46Z,0.00,2026-07-05T00:08:00Z,2026-07-05T04:32:07Z,history-9b5d5d01-ce5e-5975-abdc-7c878bafcda4-compact.parquet
a02d7efa-7156-5459-bc6d-7d6cd88d4782,0x7c82712dd870481783309ca4c067e4cba52a6846153ea87db0c4f4e003086109,mlb,St. Louis Cardinals vs. Chicago Cubs,total:f5,St. Louis Cardinals vs. Chicago Cubs: 1st 5 Innings O/U 3.5,Over|Under,Under,2026-07-05T00:08:00Z,2026-07-05T08:08:00Z,2026-07-05T03:00:12Z,0.00,2026-07-05T00:08:00Z,2026-07-05T02:59:54Z,history-a02d7efa-7156-5459-bc6d-7d6cd88d4782-compact.parquet
a1c008a8-16cc-5463-858e-e134b287628b,0x794483c7bae7eff4f3480373bcb23d4b1d64c9782b79e11dfe019c5702447c5c,mlb,New York Mets vs. Atlanta Braves,spread:f5,1st 5 Innings Spread: Atlanta Braves (-2.5),Atlanta Braves|New York Mets,Atlanta Braves,2026-07-05T00:08:00Z,2026-07-05T08:08:00Z,2026-07-05T02:03:10Z,81.09,2026-07-05T00:08:00Z,2026-07-05T02:02:36Z,history-a1c008a8-16cc-5463-858e-e134b287628b-compact.parquet
a4eb4589-f0f4-5d6c-abaa-ae8178adacb5,0xb22513b4012c7979bc5f62daeaf8bd81b8b5693244c9233ae5e41659d53e6571,mlb,St. Louis Cardinals vs. Chicago Cubs,total:f5,St. Louis Cardinals vs. Chicago Cubs: 1st 5 Innings O/U 4.5,Over|Under,Under,2026-07-05T00:08:00Z,2026-07-05T08:08:00Z,2026-07-05T03:00:15Z,48.27,2026-07-05T00:08:00Z,2026-07-05T02:59:52Z,history-a4eb4589-f0f4-5d6c-abaa-ae8178adacb5-compact.parquet
a7b96490-ab4f-5642-8fed-9111ace17f88,0x24bd47775326bbf1ebaaef68188569e86f0db836d7949b49450dea1ccc9db35a,mlb,New York Mets vs. Atlanta Braves,moneyline,New York Mets vs. Atlanta Braves,New York Mets|Atlanta Braves,Atlanta Braves,2026-07-05T00:08:00Z,2026-07-05T08:08:00Z,2026-07-05T03:32:36Z,83912.60,2026-07-05T00:08:00Z,2026-07-05T03:32:07Z,history-a7b96490-ab4f-5642-8fed-9111ace17f88-compact.parquet
b05a3115-b763-5947-a0fa-6f3f784767f3,0x3ffd41abf538be632b859bed7a04f0317d310b24589fffaf8373f12c15872fd6,mlb,New York Mets vs. Atlanta Braves,total:f5,New York Mets vs. Atlanta Braves: 1st 5 Innings O/U 6.5,Over|Under,Over,2026-07-05T00:08:00Z,2026-07-05T08:08:00Z,2026-07-05T01:49:07Z,0.00,2026-07-05T00:08:00Z,2026-07-05T01:48:20Z,history-b05a3115-b763-5947-a0fa-6f3f784767f3-compact.parquet
b5f35dd3-c6d7-5dd7-b5fa-70f1bceafaa2,0x0571018c7204e25ec843ea872e69622f1a048f1372680e5bd635e32091a49ee2,mlb,St. Louis Cardinals vs. Chicago Cubs,total:f5,St. Louis Cardinals vs. Chicago Cubs: 1st 5 Innings O/U 5.5,Over|Under,Under,2026-07-05T00:08:00Z,2026-07-05T08:08:00Z,2026-07-05T03:00:12Z,88.17,2026-07-05T00:08:00Z,2026-07-05T02:59:55Z,history-b5f35dd3-c6d7-5dd7-b5fa-70f1bceafaa2-compact.parquet
b8c4d8cd-2f17-5c72-94e4-e86a8d4b8fe0,0x84bb7fd1b33c97cf6ad1e590f035a8bc6697cb5ae8b4870dcebd3ff4cde22f1c,mlb,St. Louis Cardinals vs. Chicago Cubs,spread,Spread: Chicago Cubs (-1.5),Chicago Cubs|St. Louis Cardinals,St. Louis Cardinals,2026-07-05T00:08:00Z,2026-07-05T08:08:00Z,2026-07-05T04:36:34Z,3836.98,2026-07-05T00:08:00Z,2026-07-05T04:36:24Z,history-b8c4d8cd-2f17-5c72-94e4-e86a8d4b8fe0-compact.parquet
c52343ec-2e00-5afb-8134-58f5db3c94f5,0x4e69605f016a17296f32bd95f325a9a92eeba30d8a554d60c049db199b0d18bc,mlb,St. Louis Cardinals vs. Chicago Cubs - Player Props,rest,Nelson Velázquez: Home Runs O/U 0.5,Over|Under,Under,2026-07-05T00:08:00Z,2026-07-05T08:08:00Z,2026-07-05T04:33:00Z,0.00,2026-07-05T00:08:00Z,2026-07-05T04:32:52Z,history-c52343ec-2e00-5afb-8134-58f5db3c94f5-compact.parquet
c6013f02-5f40-529f-81b7-1aea755d413d,0x7dfa67d25a479e26a2edcf533a3bb118e56351e38cde869aaa2481cbdb17d008,mlb,St. Louis Cardinals vs. Chicago Cubs,spread:f5,1st 5 Innings Spread: Chicago Cubs (-1.5),Chicago Cubs|St. Louis Cardinals,St. Louis Cardinals,2026-07-05T00:08:00Z,2026-07-05T08:08:00Z,2026-07-05T03:00:11Z,32.00,2026-07-05T00:08:00Z,2026-07-05T02:59:40Z,history-c6013f02-5f40-529f-81b7-1aea755d413d-compact.parquet
cded4a6f-3c16-5318-b3de-822ea16b73a6,0x8630e4fb2f2bb847b77cf8f203cd15472f3cc658ee2028d5209a3aa86335f97a,mlb,New York Mets vs. Atlanta Braves - Player Props,rest,Chris Sale: Strikeouts O/U 7.5,Over|Under,Under,2026-07-05T00:08:00Z,2026-07-05T08:08:00Z,2026-07-05T03:32:15Z,0.00,2026-07-05T00:08:00Z,2026-07-05T03:31:56Z,history-cded4a6f-3c16-5318-b3de-822ea16b73a6-compact.parquet
d009c2a4-a3bb-5003-be0c-413403f1289d,0x8f36a9dd3762b913ee1a323551279d56ced6e14a11a97c3638b51f0272ef27de,mlb,St. Louis Cardinals vs. Chicago Cubs - Player Props,rest,Michael Conforto: Home Runs O/U 0.5,Over|Under,Under,2026-07-05T00:08:00Z,2026-07-05T08:08:00Z,2026-07-05T04:36:39Z,0.00,2026-07-05T00:08:00Z,2026-07-05T04:36:23Z,history-d009c2a4-a3bb-5003-be0c-413403f1289d-compact.parquet
df0c885c-4e66-54f5-b79d-e63b7c085aee,0x222e2905141a566740856c7596fff126865402890b5918cecf36c84a9bb53939,mlb,New York Mets vs. Atlanta Braves,spread:f5,1st 5 Innings Spread: New York Mets (-1.5),New York Mets|Atlanta Braves,Atlanta Braves,2026-07-05T00:08:00Z,2026-07-05T08:08:00Z,2026-07-05T02:03:08Z,70.12,2026-07-05T00:08:00Z,2026-07-05T02:02:42Z,history-df0c885c-4e66-54f5-b79d-e63b7c085aee-compact.parquet
e85247b7-c885-5dcf-aabb-7f8cab8968dc,0xbace67ef9e457a6ba1a4f54fd3f12479fd36cdddb200fe3333b619b853126be4,mlb,New York Mets vs. Atlanta Braves,total:f5,New York Mets vs. Atlanta Braves: 1st 5 Innings O/U 2.5,Over|Under,Over,2026-07-05T00:08:00Z,2026-07-05T08:08:00Z,2026-07-05T01:18:56Z,0.00,2026-07-05T00:08:00Z,2026-07-05T01:17:56Z,history-e85247b7-c885-5dcf-aabb-7f8cab8968dc-compact.parquet
ec222b7e-1219-5de8-9fea-e9e9e008d67c,0x28b012ecb88b95909f261bc0cc11ba398ecddb2401cb28b5ec24ffa1dce76c31,mlb,New York Mets vs. Atlanta Braves - Player Props,rest,Joey Bart: Home Runs O/U 0.5,Over|Under,Under,2026-07-05T00:08:00Z,2026-07-05T08:08:00Z,2026-07-05T03:32:36Z,0.00,2026-07-05T00:08:00Z,2026-07-05T03:32:35Z,history-ec222b7e-1219-5de8-9fea-e9e9e008d67c-compact.parquet
f36e54d5-2eea-599b-aa27-954d3a339609,0xc209ae410732e461077a0775d1218566560b2f12556435ec43ce3c4ccd3b6add,mlb,St. Louis Cardinals vs. Chicago Cubs - Player Props,rest,Kyle Leahy: Strikeouts O/U 4.5,Over|Under,Over,2026-07-05T00:08:00Z,2026-07-05T08:08:00Z,2026-07-05T04:33:38Z,30.00,2026-07-05T00:08:00Z,2026-07-05T04:32:52Z,history-f36e54d5-2eea-599b-aa27-954d3a339609-compact.parquet
f3b504f7-1e6c-5955-93c7-fcd5b71c8050,0x1b734c3b3b7a929f5690fedfa6bafd7e01fb0d472c589e21927a6ed7b7dba4af,mlb,New York Mets vs. Atlanta Braves - Player Props,rest,Michael Harris II: Home Runs O/U 0.5,Over|Under,Over,2026-07-05T00:08:00Z,2026-07-05T08:08:00Z,2026-07-05T03:32:19Z,0.00,2026-07-05T00:08:00Z,2026-07-05T03:31:35Z,history-f3b504f7-1e6c-5955-93c7-fcd5b71c8050-compact.parquet
f4c73ca2-ccdc-52cd-98d9-6ee2589a1a9c,0x490f7d32542963b6751f4ff683438ddc753a52a9f31128f7650718b64fbe0f9d,mlb,St. Louis Cardinals vs. Chicago Cubs - First 5 Innings Winner,rest,St. Louis Cardinals vs. Chicago Cubs: Tied after 5 innings?,Yes|No,No,2026-07-05T00:08:00Z,2026-07-05T08:08:00Z,2026-07-05T03:00:53Z,0.00,2026-07-05T00:08:00Z,2026-07-05T02:59:42Z,history-f4c73ca2-ccdc-52cd-98d9-6ee2589a1a9c-compact.parquet
f7c5125b-fe76-579d-968c-5f095f0fd1e2,0x7aa9fb72da707e7cc923f7f3a0a3681314d343c2eaa5c43569f69a78d73c0af3,mlb,New York Mets vs. Atlanta Braves,total,New York Mets vs. Atlanta Braves: O/U 8.5,Over|Under,Over,2026-07-05T00:08:00Z,2026-07-05T08:08:00Z,2026-07-05T02:13:04Z,9314.29,2026-07-05T00:08:00Z,2026-07-05T02:12:13Z,history-f7c5125b-fe76-579d-968c-5f095f0fd1e2-compact.parquet
0089312a-26f3-5ae8-aefd-a2a8c96014ce,0xfa5ce8106a6e4060a662ae9b2ba744b9c743934f18d0b02b9788373e7d545a63,mlb,San Francisco Giants vs. Colorado Rockies,spread:f5,1st 5 Innings Spread: Colorado Rockies (-2.5),Colorado Rockies|San Francisco Giants,San Francisco Giants,2026-07-05T00:10:00Z,2026-07-05T08:10:00Z,2026-07-05T02:56:06Z,0.00,2026-07-05T00:10:00Z,2026-07-05T02:55:40Z,history-0089312a-26f3-5ae8-aefd-a2a8c96014ce-compact.parquet
06149565-07d9-54a9-8c97-3313e8415ea4,0x8a68a674d30e89354b34fc57efcd349abd96f1f8c15130f2576d1b10b85bab73,mlb,Philadelphia Phillies vs. Kansas City Royals - Player Props,rest,Bryce Harper: Home Runs O/U 0.5,Over|Under,Under,2026-07-05T00:10:00Z,2026-07-05T08:10:00Z,2026-07-05T03:02:41Z,66.09,2026-07-05T00:10:00Z,2026-07-05T03:01:55Z,history-06149565-07d9-54a9-8c97-3313e8415ea4-compact.parquet
0822b76d-d4a5-5b72-b91f-5b18f64c3101,0x0369a91e997d71361fe074c8816a09a5a4a6476a75ae08e6f6d3663062e7edf1,mlb,San Francisco Giants vs. Colorado Rockies - Player Props,rest,Jung Hoo Lee: Home Runs O/U 0.5,Over|Under,Under,2026-07-05T00:10:00Z,2026-07-05T08:10:00Z,2026-07-05T04:07:13Z,0.00,2026-07-05T00:10:00Z,2026-07-05T04:06:51Z,history-0822b76d-d4a5-5b72-b91f-5b18f64c3101-compact.parquet
084e4d71-de9e-5888-8abc-a10b33b419e2,0x1170bba4087a6a896f3385beed49e96ab2d41c70dc887190e56f4e3c44fc4ab6,mlb,San Francisco Giants vs. Colorado Rockies,total:f5,San Francisco Giants vs. Colorado Rockies: 1st 5 Innings O/U 6.5,Over|Under,Over,2026-07-05T00:10:00Z,2026-07-05T08:10:00Z,2026-07-05T01:42:11Z,26.14,2026-07-05T00:10:00Z,2026-07-05T01:41:49Z,history-084e4d71-de9e-5888-8abc-a10b33b419e2-compact.parquet
0952caeb-36f3-57b9-888e-54900475fb22,0x5834a2f9514a760ba02733a4008ec58434fa59c53103e3d53e037275df7e3e8c,mlb,San Francisco Giants vs. Colorado Rockies,rest,Will there be a run scored in the first inning?: San Francisco Giants vs. Colorado Rockies,Yes|No,Yes,2026-07-05T00:10:00Z,2026-07-05T08:10:00Z,2026-07-05T01:23:28Z,3118.46,2026-07-05T00:10:00Z,2026-07-05T01:22:55Z,history-0952caeb-36f3-57b9-888e-54900475fb22-compact.parquet
0f46bcb6-f712-55ca-b240-a110a7cff6d4,0xc27ee05072eea02a5c16eafdd811fdb77e56e5d72f11fb984db11ecea71fafcf,mlb,Philadelphia Phillies vs. Kansas City Royals - First 5 Innings Winner,rest,Philadelphia Phillies vs. Kansas City Royals: Tied after 5 innings?,Yes|No,No,2026-07-05T00:10:00Z,2026-07-05T08:10:00Z,2026-07-05T01:53:50Z,0.00,2026-07-05T00:10:00Z,2026-07-05T01:52:40Z,history-0f46bcb6-f712-55ca-b240-a110a7cff6d4-compact.parquet
0fd4b6e2-678c-593a-82e9-35362b4825f8,0xadcf4b755446b14741b92339a5457c8f76f14dee088d0e3ce1593d320f3137cd,mlb,Philadelphia Phillies vs. Kansas City Royals - Player Props,rest,Kyle Schwarber: Home Runs O/U 1.5,Over|Under,Under,2026-07-05T00:10:00Z,2026-07-05T08:10:00Z,2026-07-05T03:03:05Z,0.00,2026-07-05T00:10:00Z,2026-07-05T03:02:55Z,history-0fd4b6e2-678c-593a-82e9-35362b4825f8-compact.parquet
111e3650-d980-5fdd-a3d4-54dae3a3b6cd,0x0fcd690d6e29f46a3ba589ae6630bf4cdead865653cdb8d2746682935effad90,mlb,San Francisco Giants vs. Colorado Rockies,total,San Francisco Giants vs. Colorado Rockies: O/U 12.5,Over|Under,Under,2026-07-05T00:10:00Z,2026-07-05T08:10:00Z,2026-07-05T08:18:54Z,2046.84,2026-07-05T00:10:00Z,2026-07-05T04:06:13Z,history-111e3650-d980-5fdd-a3d4-54dae3a3b6cd-compact.parquet
144c7d0c-c30f-5624-9c12-470676def08f,0x1b16e98db1c52e7c58420d3d00e7332717549b827ac9d0f4425e5b8e450b36e9,mlb,San Francisco Giants vs. Colorado Rockies - Player Props,rest,Luis Arraez: Home Runs O/U 0.5,Over|Under,Under,2026-07-05T00:10:00Z,2026-07-05T08:10:00Z,2026-07-05T04:07:11Z,0.00,2026-07-05T00:10:00Z,2026-07-05T04:06:41Z,history-144c7d0c-c30f-5624-9c12-470676def08f-compact.parquet
14b10df5-4ee8-5552-b900-faddce03e485,0xd7a16e30958d94539871200e44c518a3dcf40417674d7d973e057791eb4bf035,mlb,San Francisco Giants vs. Colorado Rockies - Player Props,rest,Willy Adames: Home Runs O/U 1.5,Over|Under,Under,2026-07-05T00:10:00Z,2026-07-05T08:10:00Z,2026-07-05T04:05:56Z,0.00,2026-07-05T00:10:00Z,2026-07-05T04:05:36Z,history-14b10df5-4ee8-5552-b900-faddce03e485-compact.parquet
163d6f4c-f54b-5eb3-bd50-ae3b200856da,0x840c2e08717fedfc77a8b910de89bb1daeba975440e24310175d66ef62d19fa2,mlb,Philadelphia Phillies vs. Kansas City Royals,spread,Spread: Philadelphia Phillies (-1.5),Philadelphia Phillies|Kansas City Royals,Philadelphia Phillies,2026-07-05T00:10:00Z,2026-07-05T08:10:00Z,2026-07-05T03:03:03Z,4955.87,2026-07-05T00:10:00Z,2026-07-05T03:02:14Z,history-163d6f4c-f54b-5eb3-bd50-ae3b200856da-compact.parquet
1b720ddf-5253-5b8c-af90-d7f49449adb1,0x30fe359e364ad32750035cc4f47e4097202eff67394e7298f5080d75cd7fb46b,mlb,San Francisco Giants vs. Colorado Rockies,total:f5,San Francisco Giants vs. Colorado Rockies: 1st 5 Innings O/U 2.5,Over|Under,Over,2026-07-05T00:10:00Z,2026-07-05T08:10:00Z,2026-07-05T01:25:21Z,0.00,2026-07-05T00:10:00Z,2026-07-05T01:24:36Z,history-1b720ddf-5253-5b8c-af90-d7f49449adb1-compact.parquet
1b86fddc-f41a-5dc6-a7d3-efc523dc4b95,0xd728f46b620fbdbd1474a2c72fd01bfd289b3360d7030662643306400aa5d8a4,mlb,Philadelphia Phillies vs. Kansas City Royals - Player Props,rest,Jesús Luzardo: Strikeouts O/U 6.5,Over|Under,Over,2026-07-05T00:10:00Z,2026-07-05T08:10:00Z,2026-07-05T03:02:28Z,283.52,2026-07-05T00:10:00Z,2026-07-05T03:01:55Z,history-1b86fddc-f41a-5dc6-a7d3-efc523dc4b95-compact.parquet
21cbe181-23e3-53fc-9c3e-d2cead6f644b,0x1274e13ea37140ad79e3ed25e3ebb0c333eccc1a0ace18ded43d5542cccb9569,mlb,San Francisco Giants vs. Colorado Rockies,total:f5,San Francisco Giants vs. Colorado Rockies: 1st 5 Innings O/U 5.5,Over|Under,Over,2026-07-05T00:10:00Z,2026-07-05T08:10:00Z,2026-07-05T01:42:12Z,46.66,2026-07-05T00:10:00Z,2026-07-05T01:41:29Z,history-21cbe181-23e3-53fc-9c3e-d2cead6f644b-compact.parquet
27590850-ac44-5de5-bf7f-b7fa5b2c32f9,0x075d348eabda4806ef3ecf0edf6717c977cc3a4d612634311683f300d86419eb,mlb,Philadelphia Phillies vs. Kansas City Royals - First 5 Innings Winner,rest,Kansas City Royals winning after 5 innings?,Yes|No,No,2026-07-05T00:10:00Z,2026-07-05T08:10:00Z,2026-07-05T01:53:50Z,12.50,2026-07-05T00:10:00Z,2026-07-05T01:53:14Z,history-27590850-ac44-5de5-bf7f-b7fa5b2c32f9-compact.parquet
27eeaa5b-1929-5a23-9ec7-49634b5aef47,0xafe81e448bb9dbd3e4d066a392abd3ad43f08a041bd1aeef7451fd9644964887,mlb,Philadelphia Phillies vs. Kansas City Royals - First 5 Innings Winner,rest,Philadelphia Phillies winning after 5 innings?,Yes|No,Yes,2026-07-05T00:10:00Z,2026-07-05T08:10:00Z,2026-07-05T01:57:23Z,0.00,2026-07-05T00:10:00Z,2026-07-05T01:56:30Z,history-27eeaa5b-1929-5a23-9ec7-49634b5aef47-compact.parquet
2bc5238b-27b5-59a3-ab1c-7da56743b6cd,0x3d77afacb8e48519fcee67b289dfd994bc2287eb7c19268612c759056f329c44,mlb,San Francisco Giants vs. Colorado Rockies,moneyline,San Francisco Giants vs. Colorado Rockies,San Francisco Giants|Colorado Rockies,San Francisco Giants,2026-07-05T00:10:00Z,2026-07-05T08:10:00Z,2026-07-05T04:06:20Z,41344.66,2026-07-05T00:10:00Z,2026-07-05T04:06:14Z,history-2bc5238b-27b5-59a3-ab1c-7da56743b6cd-compact.parquet
2ea6e76d-c408-511a-8247-4537eb53dcec,0x1560fbe72df26a8796f9b0198ba819d6346e14a7c6a00ac01bd4cabd541de882,mlb,San Francisco Giants vs. Colorado Rockies - Player Props,rest,Victor Bericoto: Home Runs O/U 0.5,Over|Under,Under,2026-07-05T00:10:00Z,2026-07-05T08:10:00Z,2026-07-05T04:06:07Z,0.00,2026-07-05T00:10:00Z,2026-07-05T04:05:59Z,history-2ea6e76d-c408-511a-8247-4537eb53dcec-compact.parquet
36a7a351-aca3-5e47-8e6e-2a049e86031a,0x5557e2701a1b0dcd59cbb64a295fa83637a2dd2bad2b2119916621b402db1b45,mlb,Philadelphia Phillies vs. Kansas City Royals,total,Philadelphia Phillies vs. Kansas City Royals: O/U 9.5,Over|Under,Under,2026-07-05T00:10:00Z,2026-07-05T08:10:00Z,2026-07-05T03:02:40Z,3942.82,2026-07-05T00:10:00Z,2026-07-05T03:01:48Z,history-36a7a351-aca3-5e47-8e6e-2a049e86031a-compact.parquet
3ab11eb5-26d3-5a62-9892-3f7dc063f8e0,0xfac573c8cc831cc074e62e2453f4006e89c2d65a9e189194bf2fb2ce5e22bdb9,mlb,Philadelphia Phillies vs. Kansas City Royals - Player Props,rest,Alec Bohm: Home Runs O/U 0.5,Over|Under,Over,2026-07-05T00:10:00Z,2026-07-05T08:10:00Z,2026-07-05T03:02:45Z,0.00,2026-07-05T00:10:00Z,2026-07-05T03:02:23Z,history-3ab11eb5-26d3-5a62-9892-3f7dc063f8e0-compact.parquet
3aeaac47-4e6d-56ef-bed4-ce45569a4e05,0xf120cab8d7094b4c5fa5e64a2c12d97f27a97f8ac1e57b9cc526c82680ae7484,mlb,Philadelphia Phillies vs. Kansas City Royals,spread:f5,1st 5 Innings Spread: Philadelphia Phillies (-2.5),Philadelphia Phillies|Kansas City Royals,Kansas City Royals,2026-07-05T00:10:00Z,2026-07-05T08:10:00Z,2026-07-05T01:53:23Z,0.00,2026-07-05T00:10:00Z,2026-07-05T01:52:40Z,history-3aeaac47-4e6d-56ef-bed4-ce45569a4e05-compact.parquet
3bc9d529-9202-5473-83af-7ab15683bec1,0x4218015cde1fe573c8377b68352cec5fec6d9f9d451ecbfdb1950a2aa66d70ec,mlb,San Francisco Giants vs. Colorado Rockies - Player Props,rest,Tyler Freeman: Home Runs O/U 0.5,Over|Under,Under,2026-07-05T00:10:00Z,2026-07-05T08:10:00Z,2026-07-05T04:06:08Z,0.00,2026-07-05T00:10:00Z,2026-07-05T04:05:50Z,history-3bc9d529-9202-5473-83af-7ab15683bec1-compact.parquet
465f1317-fb5e-50ef-84fc-77d3445cd412,0x7ca120bc8099a87dc266036834174554d9443b7f91bbfb58708832f468933df9,mlb,Philadelphia Phillies vs. Kansas City Royals,total:f5,Philadelphia Phillies vs. Kansas City Royals: 1st 5 Innings O/U 6.5,Over|Under,Under,2026-07-05T00:10:00Z,2026-07-05T08:10:00Z,2026-07-05T01:53:23Z,0.00,2026-07-05T00:10:00Z,2026-07-05T01:52:49Z,history-465f1317-fb5e-50ef-84fc-77d3445cd412-compact.parquet
4917d91f-35b1-5000-96d3-3a121cdc7569,0x2c3c8c99f60260ca96dfabc5410573d1282d9099b6d420ca1ada5da43cf470c7,mlb,San Francisco Giants vs. Colorado Rockies - Player Props,rest,Hunter Goodman: Home Runs O/U 0.5,Over|Under,Under,2026-07-05T00:10:00Z,2026-07-05T08:10:00Z,2026-07-05T04:06:30Z,17.06,2026-07-05T00:10:00Z,2026-07-05T04:06:00Z,history-4917d91f-35b1-5000-96d3-3a121cdc7569-compact.parquet
497b841e-09ad-5c8c-ba79-323d813d2b17,0x115e3cddede86ddc66a9c731a17bb93e3e9d9f2bac488b86979bf85ae77ea300,mlb,Philadelphia Phillies vs. Kansas City Royals,moneyline,Philadelphia Phillies vs. Kansas City Royals,Philadelphia Phillies|Kansas City Royals,Philadelphia Phillies,2026-07-05T00:10:00Z,2026-07-05T08:10:00Z,2026-07-05T03:02:59Z,57717.27,2026-07-05T00:10:00Z,2026-07-05T03:02:55Z,history-497b841e-09ad-5c8c-ba79-323d813d2b17-compact.parquet
4ec98caa-5784-5e07-a2cb-9a3e35c8febd,0x880703dc537fdd732e97a1d2e8c0834a7db2a8b4a9c5e41b8cb8caa1b997d810,mlb,San Francisco Giants vs. Colorado Rockies - Player Props,rest,Casey Schmitt: Home Runs O/U 1.5,Over|Under,Under,2026-07-05T00:10:00Z,2026-07-05T08:10:00Z,2026-07-05T04:06:31Z,0.00,2026-07-05T00:10:00Z,2026-07-05T04:06:18Z,history-4ec98caa-5784-5e07-a2cb-9a3e35c8febd-compact.parquet
50ca625f-5ea9-5ff5-8a40-a98df3293a30,0x0d47583be03a6fa8a1e22d52189874317e418efda856435b0f87e4266b356678,mlb,Philadelphia Phillies vs. Kansas City Royals,spread:f5,1st 5 Innings Spread: Philadelphia Phillies (-1.5),Philadelphia Phillies|Kansas City Royals,Philadelphia Phillies,2026-07-05T00:10:00Z,2026-07-05T08:10:00Z,2026-07-05T01:53:21Z,0.00,2026-07-05T00:10:00Z,2026-07-05T01:52:45Z,history-50ca625f-5ea9-5ff5-8a40-a98df3293a30-compact.parquet
51c987e8-32f9-53b1-94fa-7758e441ac68,0x699c55d12532c8d30b57f7efb8e51c47f9ec1adbc0a9ccc44a433b0550d3136e,mlb,San Francisco Giants vs. Colorado Rockies - Player Props,rest,Cole Carrigg: Home Runs O/U 0.5,Over|Under,Over,2026-07-05T00:10:00Z,2026-07-05T08:10:00Z,2026-07-05T04:06:35Z,0.00,2026-07-05T00:10:00Z,2026-07-05T04:06:08Z,history-51c987e8-32f9-53b1-94fa-7758e441ac68-compact.parquet
545ee619-3c22-5329-bab1-f6da4ae6c360,0xd438c77d1f505840238c50099231911f5479291e67526a562d1ae30d96050d79,mlb,San Francisco Giants vs. Colorado Rockies - Player Props,rest,Willi Castro: Home Runs O/U 0.5,Over|Under,Under,2026-07-05T00:10:00Z,2026-07-05T08:10:00Z,2026-07-05T04:06:14Z,0.00,2026-07-05T00:10:00Z,2026-07-05T04:05:20Z,history-545ee619-3c22-5329-bab1-f6da4ae6c360-compact.parquet
5509c35f-1672-5c4e-8b0a-635d1dfe2579,0x5a39088a0d8e22b9b534199a8e53f1933b89ea30783171ae183d28cd500b0806,mlb,Philadelphia Phillies vs. Kansas City Royals - Player Props,rest,Michael Wacha: Strikeouts O/U 4.5,Over|Under,Over,2026-07-05T00:10:00Z,2026-07-05T08:10:00Z,2026-07-05T03:02:37Z,78.26,2026-07-05T00:10:00Z,2026-07-05T03:01:53Z,history-5509c35f-1672-5c4e-8b0a-635d1dfe2579-compact.parquet
572a8ea6-e39c-542f-a281-db9f57dbcbb4,0xcbfdf67a66c866af7442f9f98786651f7365a665890f23563fbf5430bf0c0734,mlb,San Francisco Giants vs. Colorado Rockies - Player Props,rest,Drew Cavanaugh: Home Runs O/U 0.5,Over|Under,Under,2026-07-05T00:10:00Z,2026-07-05T08:10:00Z,2026-07-05T04:06:12Z,0.00,2026-07-05T00:10:00Z,2026-07-05T04:05:49Z,history-572a8ea6-e39c-542f-a281-db9f57dbcbb4-compact.parquet
5aabee73-101d-5af6-8ec8-bb0d424779b4,0xa01660105cfdce9ce58d86dcb1e7154e2eb162c5831c0a3118e7fd75da49fe22,mlb,San Francisco Giants vs. Colorado Rockies - Player Props,rest,Rafael Devers: Home Runs O/U 0.5,Over|Under,Under,2026-07-05T00:10:00Z,2026-07-05T08:10:00Z,2026-07-05T04:06:05Z,0.00,2026-07-05T00:10:00Z,2026-07-05T04:05:59Z,history-5aabee73-101d-5af6-8ec8-bb0d424779b4-compact.parquet
69fccd1d-1b36-5aa3-aa6a-f9f4f24c171e,0xbe1040802f07e10512329832c5e0ad3d01eebc9f9bd6037fe6867fcccd00611a,mlb,Philadelphia Phillies vs. Kansas City Royals - Player Props,rest,J.T. Realmuto: Home Runs O/U 0.5,Over|Under,Over,2026-07-05T00:10:00Z,2026-07-05T08:10:00Z,2026-07-05T03:02:41Z,0.00,2026-07-05T00:10:00Z,2026-07-05T03:02:13Z,history-69fccd1d-1b36-5aa3-aa6a-f9f4f24c171e-compact.parquet
6c3e4f60-a4f6-52d5-951b-918c2a0282c0,0xed12a380cc48353c4f94dce130c276c45601a845427d7dd069df2c4e92f50e70,mlb,Philadelphia Phillies vs. Kansas City Royals - Player Props,rest,Brandon Marsh: Home Runs O/U 0.5,Over|Under,Under,2026-07-05T00:10:00Z,2026-07-05T08:10:00Z,2026-07-05T03:02:41Z,0.00,2026-07-05T00:10:00Z,2026-07-05T03:02:18Z,history-6c3e4f60-a4f6-52d5-951b-918c2a0282c0-compact.parquet
6d0ea376-c805-542a-b04a-3e7386861f85,0xb106d1edf55aa553eb22cb1aec8df2af17fceb497be9c06d48826d95a4ec5394,mlb,San Francisco Giants vs. Colorado Rockies,spread,Spread: San Francisco Giants (-1.5),San Francisco Giants|Colorado Rockies,San Francisco Giants,2026-07-05T00:10:00Z,2026-07-05T08:10:00Z,2026-07-05T04:06:20Z,2426.71,2026-07-05T00:10:00Z,2026-07-05T04:06:17Z,history-6d0ea376-c805-542a-b04a-3e7386861f85-compact.parquet
71d56b23-5dd8-5f08-87a1-2f69f4e69be9,0xd29548c10113721659429969bc8c7f9b11536ff0ac4ccf6b07142392e21fb3f1,mlb,Philadelphia Phillies vs. Kansas City Royals,rest,Will the game go to extra innings?: Philadelphia Phillies vs. Kansas City Royals,Yes|No,No,2026-07-05T00:10:00Z,2026-07-05T08:10:00Z,2026-07-05T03:02:45Z,0.00,2026-07-05T00:10:00Z,2026-07-05T03:01:43Z,history-71d56b23-5dd8-5f08-87a1-2f69f4e69be9-compact.parquet
735aafca-4ddb-5d2d-ba06-d89df3b88e65,0xa88931a14bec8773d6cdd45ce1a2b7ab0a51590dc9533462e3e587b84e71c9ad,mlb,San Francisco Giants vs. Colorado Rockies - Player Props,rest,Heliot Ramos: Home Runs O/U 1.5,Over|Under,Under,2026-07-05T00:10:00Z,2026-07-05T08:10:00Z,2026-07-05T04:06:35Z,0.00,2026-07-05T00:10:00Z,2026-07-05T04:06:11Z,history-735aafca-4ddb-5d2d-ba06-d89df3b88e65-compact.parquet
83386d34-18e4-5c24-b9a9-8d07107bb73e,0xdedbd0abe54a9c53f15d89c218b578ff4cf5bf4c394f25e5bf140b778f734f8c,mlb,San Francisco Giants vs. Colorado Rockies - Player Props,rest,Rafael Devers: Home Runs O/U 1.5,Over|Under,Under,2026-07-05T00:10:00Z,2026-07-05T08:10:00Z,2026-07-05T04:05:55Z,0.00,2026-07-05T00:10:00Z,2026-07-05T04:05:36Z,history-83386d34-18e4-5c24-b9a9-8d07107bb73e-compact.parquet
841b91ad-c787-57cd-90a3-b5710c9b9e00,0x1d71c458253088a39ef48013315c5e247ae38cd7f142cb8c06bdd5a401107ed4,mlb,San Francisco Giants vs. Colorado Rockies,spread:f5,1st 5 Innings Spread: Colorado Rockies (-1.5),Colorado Rockies|San Francisco Giants,San Francisco Giants,2026-07-05T00:10:00Z,2026-07-05T08:10:00Z,2026-07-05T02:56:09Z,0.00,2026-07-05T00:10:00Z,2026-07-05T02:55:10Z,history-841b91ad-c787-57cd-90a3-b5710c9b9e00-compact.parquet
85c9bad3-b50a-5bab-91fd-c1fedcba989e,0x58dd1cc9a523c150c4217291a528f4f29f990e575955d85fcbf64ef2470ddb88,mlb,San Francisco Giants vs. Colorado Rockies - Player Props,rest,Bryce Eldridge: Home Runs O/U 1.5,Over|Under,Under,2026-07-05T00:10:00Z,2026-07-05T08:10:00Z,2026-07-05T04:06:36Z,0.00,2026-07-05T00:10:00Z,2026-07-05T04:06:07Z,history-85c9bad3-b50a-5bab-91fd-c1fedcba989e-compact.parquet
86d0b51f-c861-5b14-af07-77088b4c9d1d,0xe419f8d2a48ea75dfe82c97572653b88a777fefb4d3073e5745f8bc5a170f69c,mlb,San Francisco Giants vs. Colorado Rockies,spread:f5,1st 5 Innings Spread: San Francisco Giants (-2.5),San Francisco Giants|Colorado Rockies,San Francisco Giants,2026-07-05T00:10:00Z,2026-07-05T08:10:00Z,2026-07-05T03:46:09Z,0.00,2026-07-05T00:10:00Z,2026-07-05T03:45:58Z,history-86d0b51f-c861-5b14-af07-77088b4c9d1d-compact.parquet
8a74b9b8-e965-51dc-bb09-4e618082091a,0xe8678104d534d506d8b70e07d01f3645bd8fa96d775e8613c083071310ed9ef6,mlb,Philadelphia Phillies vs. Kansas City Royals,spread:f5,1st 5 Innings Spread: Kansas City Royals (-2.5),Kansas City Royals|Philadelphia Phillies,Philadelphia Phillies,2026-07-05T00:10:00Z,2026-07-05T08:10:00Z,2026-07-05T01:53:22Z,0.00,2026-07-05T00:10:00Z,2026-07-05T01:52:43Z,history-8a74b9b8-e965-51dc-bb09-4e618082091a-compact.parquet
907f46aa-6a42-5799-b8f5-c188716d2ce9,0x18b10f7d60a5ed68c4836b76d2d7d87ac7eceb22153f8780fd5314afb2ac0284,mlb,Philadelphia Phillies vs. Kansas City Royals,total:f5,Philadelphia Phillies vs. Kansas City Royals: 1st 5 Innings O/U 3.5,Over|Under,Over,2026-07-05T00:10:00Z,2026-07-05T08:10:00Z,2026-07-05T01:35:06Z,0.00,2026-07-05T00:10:00Z,2026-07-05T01:34:37Z,history-907f46aa-6a42-5799-b8f5-c188716d2ce9-compact.parquet
90a4ebc7-44bc-5343-aa0b-32e108fe838c,0xa92a2e3a12e4b43a3a2efd7ae0c36dfd52c14227dfb258ee82df9c42fb2acb43,mlb,Philadelphia Phillies vs. Kansas City Royals - Player Props,rest,Gabriel Rincones Jr.: Home Runs O/U 0.5,Over|Under,Over,2026-07-05T00:10:00Z,2026-07-05T08:10:00Z,2026-07-05T03:02:56Z,0.00,2026-07-05T00:10:00Z,2026-07-05T03:02:50Z,history-90a4ebc7-44bc-5343-aa0b-32e108fe838c-compact.parquet
91c1021a-9b45-5bad-a9e4-9b7738327756,0x65b7d483ecd4bb240a57bcdf3df77fd6d6a51a0907973bbc09b9427888be6919,mlb,Philadelphia Phillies vs. Kansas City Royals,total:f5,Philadelphia Phillies vs. Kansas City Royals: 1st 5 Innings O/U 4.5,Over|Under,Under,2026-07-05T00:10:00Z,2026-07-05T08:10:00Z,2026-07-05T01:53:23Z,0.00,2026-07-05T00:10:00Z,2026-07-05T01:52:28Z,history-91c1021a-9b45-5bad-a9e4-9b7738327756-compact.parquet
965e930f-25af-55a8-921a-c0d4113baa9d,0xcf49776981e31fe78d10726d22ed0c197aa24aa1d67ed1179f57bbeaf077b509,mlb,San Francisco Giants vs. Colorado Rockies,total:f5,San Francisco Giants vs. Colorado Rockies: 1st 5 Innings O/U 3.5,Over|Under,Over,2026-07-05T00:10:00Z,2026-07-05T08:10:00Z,2026-07-05T01:27:07Z,0.00,2026-07-05T00:10:00Z,2026-07-05T01:26:39Z,history-965e930f-25af-55a8-921a-c0d4113baa9d-compact.parquet
96e6e001-c62d-5d34-a5cb-7f9533c8e490,0xae3bb2bcd9b84989af9cbae5b40ea1a1cccdaedc93607864df97df4614f2595c,mlb,Philadelphia Phillies vs. Kansas City Royals - Player Props,rest,Kyle Schwarber: Home Runs O/U 0.5,Over|Under,Under,2026-07-05T00:10:00Z,2026-07-05T08:10:00Z,2026-07-05T03:02:49Z,0.00,2026-07-05T00:10:00Z,2026-07-05T03:02:29Z,history-96e6e001-c62d-5d34-a5cb-7f9533c8e490-compact.parquet
994fd18f-30ef-5e5c-be6e-78b450a0b18b,0x59d37e03e953c7e23d1d44154dbdf78830f16884be222cc1087f250bb54fc212,mlb,San Francisco Giants vs. Colorado Rockies - First 5 Innings Winner,rest,Colorado Rockies winning after 5 innings?,Yes|No,No,2026-07-05T00:10:00Z,2026-07-05T08:10:00Z,2026-07-05T02:56:50Z,0.00,2026-07-05T00:10:00Z,2026-07-05T02:55:40Z,history-994fd18f-30ef-5e5c-be6e-78b450a0b18b-compact.parquet
a01eb137-2a5b-5af3-bc5d-e7370f325889,0x928024d31d9b7f5ec1e6ce53ed7a9dee18b6e9778fc451c232053292104510aa,mlb,Philadelphia Phillies vs. Kansas City Royals,spread:f5,1st 5 Innings Spread: Kansas City Royals (-1.5),Kansas City Royals|Philadelphia Phillies,Philadelphia Phillies,2026-07-05T00:10:00Z,2026-07-05T08:10:00Z,2026-07-05T01:53:24Z,0.00,2026-07-05T00:10:00Z,2026-07-05T01:53:00Z,history-a01eb137-2a5b-5af3-bc5d-e7370f325889-compact.parquet
a6306c64-d210-57d5-a0d5-3afc91d3ca50,0x796de9b0037e26b7890d728cf31525d94c2fba62c5cf8ea1ff4f242a9e6f8db5,mlb,San Francisco Giants vs. Colorado Rockies - Player Props,rest,Hunter Goodman: Home Runs O/U 1.5,Over|Under,Under,2026-07-05T00:10:00Z,2026-07-05T08:10:00Z,2026-07-05T04:07:13Z,0.00,2026-07-05T00:10:00Z,2026-07-05T04:06:59Z,history-a6306c64-d210-57d5-a0d5-3afc91d3ca50-compact.parquet
a7d660eb-12a4-5629-bda3-a3df00a59a67,0x6d23f1328f582f65a26f91871b1a971918af2038e35c09160635267610ab2a60,mlb,Philadelphia Phillies vs. Kansas City Royals - Player Props,rest,Bobby Witt Jr.: Home Runs O/U 1.5,Over|Under,Under,2026-07-05T00:10:00Z,2026-07-05T08:10:00Z,2026-07-05T03:02:44Z,0.00,2026-07-05T00:10:00Z,2026-07-05T03:02:30Z,history-a7d660eb-12a4-5629-bda3-a3df00a59a67-compact.parquet
acab7176-c915-5940-8d69-285ce73a0aad,0xb5ed1dc0a46aaaa48b1cef0f023add83343ca92b81ce24f3604e52ff9c956807,mlb,San Francisco Giants vs. Colorado Rockies - Player Props,rest,Sean Sullivan: Strikeouts O/U 3.5,Over|Under,Over,2026-07-05T00:10:00Z,2026-07-05T08:10:00Z,2026-07-05T04:05:57Z,0.00,2026-07-05T00:10:00Z,2026-07-05T04:05:57Z,history-acab7176-c915-5940-8d69-285ce73a0aad-compact.parquet
b3c2bbe3-a086-539f-8ef5-a3970328a9c9,0xc65c199b738b3b1050cdc2ee522d7b37ebda69eed4434b0a895d9a3f4a900bba,mlb,Philadelphia Phillies vs. Kansas City Royals - Player Props,rest,Trea Turner: Home Runs O/U 0.5,Over|Under,Under,2026-07-05T00:10:00Z,2026-07-05T08:10:00Z,2026-07-05T03:02:48Z,0.00,2026-07-05T00:10:00Z,2026-07-05T03:01:55Z,history-b3c2bbe3-a086-539f-8ef5-a3970328a9c9-compact.parquet
bddacffd-969e-54c3-8b9f-e9f6fec6a8ef,0xbd83d099c93c4d86071aa163333d80e03fcd18d381a35ed06b7494979addddd0,mlb,Philadelphia Phillies vs. Kansas City Royals,total:f5,Philadelphia Phillies vs. Kansas City Royals: 1st 5 Innings O/U 2.5,Over|Under,Over,2026-07-05T00:10:00Z,2026-07-05T08:10:00Z,2026-07-05T01:23:29Z,0.00,2026-07-05T00:10:00Z,2026-07-05T01:23:22Z,history-bddacffd-969e-54c3-8b9f-e9f6fec6a8ef-compact.parquet
bf8f072d-50c3-5070-ae6b-3a1b351afc81,0x9e0913277007338dd27a9589b888d5e39c10743e31755126e6dfcb441ad0b526,mlb,San Francisco Giants vs. Colorado Rockies - Player Props,rest,Robbie Ray: Strikeouts O/U 5.5,Over|Under,Under,2026-07-05T00:10:00Z,2026-07-05T08:10:00Z,2026-07-05T04:05:59Z,0.00,2026-07-05T00:10:00Z,2026-07-05T04:05:41Z,history-bf8f072d-50c3-5070-ae6b-3a1b351afc81-compact.parquet
c166d012-d499-5cbb-bddc-7865a866c30e,0x41cf05c8bae5468ff6d5ff64c2aaf73253225fddbf2cdd847cd6969dd466b134,mlb,San Francisco Giants vs. Colorado Rockies,total,San Francisco Giants vs. Colorado Rockies: O/U 11.5,Over|Under,Under,2026-07-05T00:10:00Z,2026-07-05T08:10:00Z,2026-07-05T04:06:21Z,3538.81,2026-07-05T00:10:00Z,2026-07-05T04:06:12Z,history-c166d012-d499-5cbb-bddc-7865a866c30e-compact.parquet
c1e2f90a-a3bc-5756-a00a-7da60e9dfc0e,0x2daf43c364c71d73edaf499650722738f6125cd0b1391e845e90d2e482813739,mlb,San Francisco Giants vs. Colorado Rockies,rest,Will the game go to extra innings?: San Francisco Giants vs. Colorado Rockies,Yes|No,No,2026-07-05T00:10:00Z,2026-07-05T08:10:00Z,2026-07-05T04:06:30Z,0.00,2026-07-05T00:10:00Z,2026-07-05T04:06:12Z,history-c1e2f90a-a3bc-5756-a00a-7da60e9dfc0e-compact.parquet
c3272a65-672f-5546-b2be-8e8256739954,0x931714b7130e115a0391389c048fb0522b2f3ef1f598f9b06484dff5ba8c5909,mlb,San Francisco Giants vs. Colorado Rockies,total:f5,San Francisco Giants vs. Colorado Rockies: 1st 5 Innings O/U 4.5,Over|Under,Over,2026-07-05T00:10:00Z,2026-07-05T08:10:00Z,2026-07-05T01:42:12Z,0.00,2026-07-05T00:10:00Z,2026-07-05T01:41:48Z,history-c3272a65-672f-5546-b2be-8e8256739954-compact.parquet
c59d830a-d385-58cb-a87f-2b88fd8b414d,0xddf2f94d35f97677deb7be04aa2ce3b621d3b1b47681c08735ae4bfac80c7a2c,mlb,San Francisco Giants vs. Colorado Rockies - Player Props,rest,Bryce Eldridge: Home Runs O/U 0.5,Over|Under,Over,2026-07-05T00:10:00Z,2026-07-05T08:10:00Z,2026-07-05T04:06:35Z,0.00,2026-07-05T00:10:00Z,2026-07-05T04:06:13Z,history-c59d830a-d385-58cb-a87f-2b88fd8b414d-compact.parquet
c5f1e26c-0545-5cc8-9b53-83baeef75e83,0x552da8991ded27a47891d5115c77b41110b4423d0ff607392363b812131dad01,mlb,San Francisco Giants vs. Colorado Rockies,spread:f5,1st 5 Innings Spread: San Francisco Giants (-1.5),San Francisco Giants|Colorado Rockies,San Francisco Giants,2026-07-05T00:10:00Z,2026-07-05T08:10:00Z,2026-07-05T02:56:06Z,5.00,2026-07-05T00:10:00Z,2026-07-05T02:55:50Z,history-c5f1e26c-0545-5cc8-9b53-83baeef75e83-compact.parquet
caea42bd-e363-5fb8-bc82-212354043732,0xb8715f37c6b91b3c8f2dca73de959c97c4e605779dcaa20925574af9cd7bbec5,mlb,Philadelphia Phillies vs. Kansas City Royals - Player Props,rest,Jesús Luzardo: Strikeouts O/U 5.5,Over|Under,Over,2026-07-05T00:10:00Z,2026-07-05T08:10:00Z,2026-07-05T03:02:28Z,0.00,2026-07-05T00:10:00Z,2026-07-05T03:01:39Z,history-caea42bd-e363-5fb8-bc82-212354043732-compact.parquet
d36b0a3a-c240-5a60-ba18-45970d2c6bcf,0x0f7fca68cf2075e639613e6d91bf311ec237a7529942ec1a88671e450bc303c1,mlb,San Francisco Giants vs. Colorado Rockies - Player Props,rest,Heliot Ramos: Home Runs O/U 0.5,Over|Under,Under,2026-07-05T00:10:00Z,2026-07-05T08:10:00Z,2026-07-05T04:06:12Z,0.00,2026-07-05T00:10:00Z,2026-07-05T04:05:20Z,history-d36b0a3a-c240-5a60-ba18-45970d2c6bcf-compact.parquet
d42c59ba-9ad9-5963-a01e-7ac0337d8cbe,0xbca57ec9a99e42eb7c0ea46b9b3703f9a34d503ad08dedcb3f024effe4a69ad1,mlb,Philadelphia Phillies vs. Kansas City Royals - Player Props,rest,Bobby Witt Jr.: Home Runs O/U 0.5,Over|Under,Under,2026-07-05T00:10:00Z,2026-07-05T08:10:00Z,2026-07-05T03:03:01Z,0.00,2026-07-05T00:10:00Z,2026-07-05T03:02:44Z,history-d42c59ba-9ad9-5963-a01e-7ac0337d8cbe-compact.parquet
d4a5e95c-c32a-50da-8ee6-ca5642ddbb8a,0x77a8bf20eaebe78f22b2e0f9122b7a5a722b47b3cbc8fc23b56b38263555520b,mlb,San Francisco Giants vs. Colorado Rockies - Player Props,rest,Jake McCarthy: Home Runs O/U 0.5,Over|Under,Under,2026-07-05T00:10:00Z,2026-07-05T08:10:00Z,2026-07-05T04:07:11Z,0.00,2026-07-05T00:10:00Z,2026-07-05T04:06:59Z,history-d4a5e95c-c32a-50da-8ee6-ca5642ddbb8a-compact.parquet
d7685d96-de07-5803-b92d-7483691bcad2,0x328e2570b9bcd8a35f1551cc6653ac282daf0ca4a91b7fa32e17abcde7d343a4,mlb,San Francisco Giants vs. Colorado Rockies - Player Props,rest,Willy Adames: Home Runs O/U 0.5,Over|Under,Under,2026-07-05T00:10:00Z,2026-07-05T08:10:00Z,2026-07-05T04:06:00Z,0.00,2026-07-05T00:10:00Z,2026-07-05T04:05:59Z,history-d7685d96-de07-5803-b92d-7483691bcad2-compact.parquet
d8f71a61-9ffe-5c89-ab40-03042f252e38,0xf20bf8b5b247248057db920f819e830a1ae1a52711693304e3f3165376107524,mlb,San Francisco Giants vs. Colorado Rockies - Player Props,rest,Tomoyuki Sugano: Strikeouts O/U 2.5,Over|Under,Under,2026-07-05T00:10:00Z,2026-07-05T08:10:00Z,2026-07-05T04:18:27Z,0.00,2026-07-05T00:10:00Z,2026-07-05T04:17:52Z,history-d8f71a61-9ffe-5c89-ab40-03042f252e38-compact.parquet
d93ae92c-8297-5cd7-b436-4d0920635a81,0x6cde80cfe17568c6d69d0ea4d2a35e665dc7040c5fc5ccfab829896604857807,mlb,Philadelphia Phillies vs. Kansas City Royals - Player Props,rest,Bryson Stott: Home Runs O/U 0.5,Over|Under,Under,2026-07-05T00:10:00Z,2026-07-05T08:10:00Z,2026-07-05T03:02:52Z,0.00,2026-07-05T00:10:00Z,2026-07-05T03:02:45Z,history-d93ae92c-8297-5cd7-b436-4d0920635a81-compact.parquet
da86eb99-b6bd-50e1-a236-8d1f24528842,0xa45d159919ab06136d3f330d7432e32625da36ddedae151f16850e9f9246db3e,mlb,San Francisco Giants vs. Colorado Rockies - Player Props,rest,Robbie Ray: Strikeouts O/U 4.5,Over|Under,Under,2026-07-05T00:10:00Z,2026-07-05T08:10:00Z,2026-07-05T04:05:59Z,63.64,2026-07-05T00:10:00Z,2026-07-05T04:05:30Z,history-da86eb99-b6bd-50e1-a236-8d1f24528842-compact.parquet
e05e61b2-7893-5189-88c2-4e12465628a1,0xe8703089c1426eb5a86e3bb2527630f5fe71c60fe2d1331686f3b12e9fad00a4,mlb,San Francisco Giants vs. Colorado Rockies - First 5 Innings Winner,rest,San Francisco Giants winning after 5 innings?,Yes|No,Yes,2026-07-05T00:10:00Z,2026-07-05T08:10:00Z,2026-07-05T03:00:53Z,0.00,2026-07-05T00:10:00Z,2026-07-05T02:59:45Z,history-e05e61b2-7893-5189-88c2-4e12465628a1-compact.parquet
e427d5cb-1e6b-5894-ba73-d77aa034c0b9,0xf7fdcbf911ee578baf5418b819ba9b557341cdcf78747335a4b82e570aed3d66,mlb,Philadelphia Phillies vs. Kansas City Royals,rest,Will there be a run scored in the first inning?: Philadelphia Phillies vs. Kansas City Royals,Yes|No,No,2026-07-05T00:10:00Z,2026-07-05T08:10:00Z,2026-07-05T00:45:27Z,307.41,2026-07-05T00:10:00Z,2026-07-05T00:45:15Z,history-e427d5cb-1e6b-5894-ba73-d77aa034c0b9-compact.parquet
e8b7dc2c-4b59-598b-ba08-16dc47a6b687,0x653d1a427166fd0fdb8dc7c79f352e5be05a3317f952df2c2ff8db1085ada6e7,mlb,Philadelphia Phillies vs. Kansas City Royals - Player Props,rest,Jac Caglianone: Home Runs O/U 0.5,Over|Under,Under,2026-07-05T00:10:00Z,2026-07-05T08:10:00Z,2026-07-05T03:02:46Z,0.00,2026-07-05T00:10:00Z,2026-07-05T03:02:40Z,history-e8b7dc2c-4b59-598b-ba08-16dc47a6b687-compact.parquet
eaa00ab8-2347-5592-899c-274f6d92431c,0xfd95ee31305ff19a2e9b088c422e58dbc95d5c0f407d4474042a32057ed758b4,mlb,San Francisco Giants vs. Colorado Rockies - Player Props,rest,Casey Schmitt: Home Runs O/U 0.5,Over|Under,Under,2026-07-05T00:10:00Z,2026-07-05T08:10:00Z,2026-07-05T04:06:35Z,0.00,2026-07-05T00:10:00Z,2026-07-05T04:05:58Z,history-eaa00ab8-2347-5592-899c-274f6d92431c-compact.parquet
f6999c66-7bd2-5182-ac19-29c1c6392dda,0x34fd1c8e15e2c1999716cf4b0cca006cee3db0f05d5d65918355b9545f73e3eb,mlb,Philadelphia Phillies vs. Kansas City Royals,total:f5,Philadelphia Phillies vs. Kansas City Royals: 1st 5 Innings O/U 5.5,Over|Under,Under,2026-07-05T00:10:00Z,2026-07-05T08:10:00Z,2026-07-05T01:53:24Z,0.00,2026-07-05T00:10:00Z,2026-07-05T01:52:28Z,history-f6999c66-7bd2-5182-ac19-29c1c6392dda-compact.parquet
faf826dd-9a9b-54ba-8f59-6a46bee9a2bc,0xe47530b1529d7ddb868274c778317dfd38d6739ea13701ac6e8840dbbee91919,mlb,San Francisco Giants vs. Colorado Rockies - First 5 Innings Winner,rest,San Francisco Giants vs. Colorado Rockies: Tied after 5 innings?,Yes|No,No,2026-07-05T00:10:00Z,2026-07-05T08:10:00Z,2026-07-05T02:56:50Z,0.00,2026-07-05T00:10:00Z,2026-07-05T02:56:02Z,history-faf826dd-9a9b-54ba-8f59-6a46bee9a2bc-compact.parquet
02f556a5-c121-57aa-a1c4-d56721dd4990,0x7be0a801943a5ff32dc5d2581dede9e032264cec1257f1fc7781524096d82d72,mlb,Boston Red Sox vs. Los Angeles Angels - First 5 Innings Winner,rest,Boston Red Sox winning after 5 innings?,Yes|No,Yes,2026-07-05T01:38:00Z,2026-07-05T09:38:00Z,2026-07-05T03:40:55Z,0.00,2026-07-05T01:38:00Z,2026-07-05T03:39:57Z,history-02f556a5-c121-57aa-a1c4-d56721dd4990-compact.parquet
229a99bb-d89c-5943-b126-7bef96b2b644,0xead2d7002da5fa1b1c651bef27c43822535cc4a25df0a423b9094fa82b152c44,mlb,Boston Red Sox vs. Los Angeles Angels - Player Props,rest,Zach Neto: Home Runs O/U 0.5,Over|Under,Under,2026-07-05T01:38:00Z,2026-07-05T09:38:00Z,2026-07-05T04:35:18Z,19.05,2026-07-05T01:38:00Z,2026-07-05T04:34:53Z,history-229a99bb-d89c-5943-b126-7bef96b2b644-compact.parquet
2678bdf5-5868-5e2e-a415-a295cf57281d,0x6af08d3d071b74896feb7b5b59a2fc2727f5ab5a730d0b3e4f552e27c2dd65be,mlb,Boston Red Sox vs. Los Angeles Angels,moneyline,Boston Red Sox vs. Los Angeles Angels,Boston Red Sox|Los Angeles Angels,Boston Red Sox,2026-07-05T01:38:00Z,2026-07-05T09:38:00Z,2026-07-05T04:35:12Z,95247.02,2026-07-05T01:38:00Z,2026-07-05T04:34:15Z,history-2678bdf5-5868-5e2e-a415-a295cf57281d-compact.parquet
2c0da098-1e00-59d4-b93e-e29ef4195f7b,0x7fdb06c43829b4333aa79d57bfea04f9e04a6b1a70a41fe31a95a40b3dcfcdd5,mlb,Boston Red Sox vs. Los Angeles Angels,total,Boston Red Sox vs. Los Angeles Angels: O/U 8.5,Over|Under,Over,2026-07-05T01:38:00Z,2026-07-05T09:38:00Z,2026-07-05T04:18:26Z,7862.84,2026-07-05T01:38:00Z,2026-07-05T04:18:11Z,history-2c0da098-1e00-59d4-b93e-e29ef4195f7b-compact.parquet
315128dc-5465-5474-b16e-26544dbcc084,0x8fc2813eed909df79fd19dec91d839b49af39b3ac7fb7dac8ffe9a1af6033e8b,mlb,Boston Red Sox vs. Los Angeles Angels - Player Props,rest,Josh Lowe: Home Runs O/U 0.5,Over|Under,Over,2026-07-05T01:38:00Z,2026-07-05T09:38:00Z,2026-07-05T04:35:16Z,0.00,2026-07-05T01:38:00Z,2026-07-05T04:34:57Z,history-315128dc-5465-5474-b16e-26544dbcc084-compact.parquet
34f10617-c3e1-5ff9-a9d1-7d37fcfb7c2b,0x3f8ee787f925a8cd11dabc743b726a6f01e6927e4bd8cbe5aa83e96e3311f16e,mlb,Boston Red Sox vs. Los Angeles Angels,rest,Will the game go to extra innings?: Boston Red Sox vs. Los Angeles Angels,Yes|No,No,2026-07-05T01:38:00Z,2026-07-05T09:38:00Z,2026-07-05T04:35:29Z,0.00,2026-07-05T01:38:00Z,2026-07-05T04:35:03Z,history-34f10617-c3e1-5ff9-a9d1-7d37fcfb7c2b-compact.parquet
388b735e-d087-56bb-b887-67ae4d550b06,0xd6f7bd1a6b6e57cac4f74b6dc772f3b081716120b3d154e2c0d81fd91688057e,mlb,Boston Red Sox vs. Los Angeles Angels - Player Props,rest,Sam Aldegheri: Strikeouts O/U 3.5,Over|Under,Under,2026-07-05T01:38:00Z,2026-07-05T09:38:00Z,2026-07-05T04:35:34Z,0.00,2026-07-05T01:38:00Z,2026-07-05T04:34:53Z,history-388b735e-d087-56bb-b887-67ae4d550b06-compact.parquet
3d043a45-9fcb-5a38-9314-579017cb3978,0xffbf65a9e769882597516e8efa821a837c939b878b31cde49a677d31d1d3d71e,mlb,Boston Red Sox vs. Los Angeles Angels,total:f5,Boston Red Sox vs. Los Angeles Angels: 1st 5 Innings O/U 6.5,Over|Under,Over,2026-07-05T01:38:00Z,2026-07-05T09:38:00Z,2026-07-05T03:27:22Z,0.00,2026-07-05T01:38:00Z,2026-07-05T03:26:45Z,history-3d043a45-9fcb-5a38-9314-579017cb3978-compact.parquet
4c237e76-1ece-5106-8e47-aae49076b575,0x8ddc4f45d2fc588423474cfa6f5bf10bd8f857ec8dbe45cf192fe40dc610bc2b,mlb,Boston Red Sox vs. Los Angeles Angels,total:f5,Boston Red Sox vs. Los Angeles Angels: 1st 5 Innings O/U 5.5,Over|Under,Over,2026-07-05T01:38:00Z,2026-07-05T09:38:00Z,2026-07-05T03:22:24Z,0.00,2026-07-05T01:38:00Z,2026-07-05T03:21:42Z,history-4c237e76-1ece-5106-8e47-aae49076b575-compact.parquet
59fcde46-f26d-59df-a8ac-8c619686b4b9,0xeed7930bcf3c2b2809a03e4de018617911edebf8fe73af2c1a0dac98a926d54c,mlb,Boston Red Sox vs. Los Angeles Angels,spread:f5,1st 5 Innings Spread: Boston Red Sox (-1.5),Boston Red Sox|Los Angeles Angels,Boston Red Sox,2026-07-05T01:38:00Z,2026-07-05T09:38:00Z,2026-07-05T03:36:38Z,0.00,2026-07-05T01:38:00Z,2026-07-05T03:36:24Z,history-59fcde46-f26d-59df-a8ac-8c619686b4b9-compact.parquet
5c75ca4b-bb34-5b9b-9508-fe93ff79ba5c,0x85108229e38323617473a6f8bda5b21309e7be76a82dd34c597e9219131aae30,mlb,Boston Red Sox vs. Los Angeles Angels - Player Props,rest,Jo Adell: Home Runs O/U 0.5,Over|Under,Under,2026-07-05T01:38:00Z,2026-07-05T09:38:00Z,2026-07-05T04:40:09Z,0.00,2026-07-05T01:38:00Z,2026-07-05T04:39:58Z,history-5c75ca4b-bb34-5b9b-9508-fe93ff79ba5c-compact.parquet
64801fdd-b503-5e4b-8e5b-854953168fe2,0xc998cb007e89e1c6b585b5e1de5b06c499e50ffcf6f08f2f108dfaff72cf2ac6,mlb,Boston Red Sox vs. Los Angeles Angels - Player Props,rest,Wilyer Abreu: Home Runs O/U 0.5,Over|Under,Under,2026-07-05T01:38:00Z,2026-07-05T09:38:00Z,2026-07-05T04:35:12Z,0.00,2026-07-05T01:38:00Z,2026-07-05T04:34:22Z,history-64801fdd-b503-5e4b-8e5b-854953168fe2-compact.parquet
672bbee1-e290-5fc3-9c1e-0322abb5ce41,0x70af87ff7d9c2f1f896f4604a399bf361a01ea4c28d52148ba18541013069788,mlb,Boston Red Sox vs. Los Angeles Angels,spread:f5,1st 5 Innings Spread: Los Angeles Angels (-2.5),Los Angeles Angels|Boston Red Sox,Boston Red Sox,2026-07-05T01:38:00Z,2026-07-05T09:38:00Z,2026-07-05T03:36:52Z,51.00,2026-07-05T01:38:00Z,2026-07-05T03:36:22Z,history-672bbee1-e290-5fc3-9c1e-0322abb5ce41-compact.parquet
67e9427a-a5d0-5634-8d67-59a52efe0bfe,0x41405a4ee325107cdec650b95a1120e92ddf365fbb841353f2c04146356e5576,mlb,Boston Red Sox vs. Los Angeles Angels - Player Props,rest,Willson Contreras: Home Runs O/U 0.5,Over|Under,Over,2026-07-05T01:38:00Z,2026-07-05T09:38:00Z,2026-07-05T04:35:26Z,0.00,2026-07-05T01:38:00Z,2026-07-05T04:35:00Z,history-67e9427a-a5d0-5634-8d67-59a52efe0bfe-compact.parquet
6e1a94a5-c15b-5f3f-96ae-2b2d528bc208,0x928f7ac33146561ddb1f966eec5c47a39d26342947e121bdb6e07cc860305865,mlb,Boston Red Sox vs. Los Angeles Angels - Player Props,rest,Nolan Schanuel: Home Runs O/U 0.5,Over|Under,Under,2026-07-05T01:38:00Z,2026-07-05T09:38:00Z,2026-07-05T04:35:20Z,0.00,2026-07-05T01:38:00Z,2026-07-05T04:35:02Z,history-6e1a94a5-c15b-5f3f-96ae-2b2d528bc208-compact.parquet
76e7dc90-988f-50d8-9ee0-185be9f07d01,0x624c24aceda1b3763522aec9e13168f60ec6c90e32e088b1ca47d6774db179a6,mlb,Boston Red Sox vs. Los Angeles Angels - First 5 Innings Winner,rest,Boston Red Sox vs. Los Angeles Angels: Tied after 5 innings?,Yes|No,No,2026-07-05T01:38:00Z,2026-07-05T09:38:00Z,2026-07-05T03:37:21Z,0.00,2026-07-05T01:38:00Z,2026-07-05T03:36:36Z,history-76e7dc90-988f-50d8-9ee0-185be9f07d01-compact.parquet
7865d729-135e-55a6-8ac8-bb723a8fc71b,0xce8210204d9c9d8aad3c3da5b8e3706877660df74aed4f6c2242dd4c4f8f37d7,mlb,Boston Red Sox vs. Los Angeles Angels - Player Props,rest,Andruw Monasterio: Home Runs O/U 0.5,Over|Under,Under,2026-07-05T01:38:00Z,2026-07-05T09:38:00Z,2026-07-05T04:35:34Z,0.00,2026-07-05T01:38:00Z,2026-07-05T04:35:03Z,history-7865d729-135e-55a6-8ac8-bb723a8fc71b-compact.parquet
797c3a0b-5fb7-5c3d-9819-735b70e07cb8,0x3c16d278b475aac8eb96b08aad6d22b2e9999ea67fca0e42329297866e403286,mlb,Boston Red Sox vs. Los Angeles Angels - Player Props,rest,Sonny Gray: Strikeouts O/U 6.5,Over|Under,Over,2026-07-05T01:38:00Z,2026-07-05T09:38:00Z,2026-07-05T04:35:35Z,64.00,2026-07-05T01:38:00Z,2026-07-05T04:35:31Z,history-797c3a0b-5fb7-5c3d-9819-735b70e07cb8-compact.parquet
7f7eaa2d-ad40-59df-8bfd-a8c3f792888b,0x6919aeb76d861833e23d2a7d60b0e40087bf922791bef1d95189b7890a02aa57,mlb,Boston Red Sox vs. Los Angeles Angels - Player Props,rest,Ceddanne Rafaela: Home Runs O/U 0.5,Over|Under,Under,2026-07-05T01:38:00Z,2026-07-05T09:38:00Z,2026-07-05T04:35:45Z,0.00,2026-07-05T01:38:00Z,2026-07-05T04:35:09Z,history-7f7eaa2d-ad40-59df-8bfd-a8c3f792888b-compact.parquet
8613645a-52ee-5740-98f1-ef5798322ab9,0xb6f37582dde4a14a5b6360d78bb800a1b2396ae8afb858d3f6560e5b296e4628,mlb,Boston Red Sox vs. Los Angeles Angels - First 5 Innings Winner,rest,Los Angeles Angels winning after 5 innings?,Yes|No,No,2026-07-05T01:38:00Z,2026-07-05T09:38:00Z,2026-07-05T03:37:21Z,13.15,2026-07-05T01:38:00Z,2026-07-05T03:36:45Z,history-8613645a-52ee-5740-98f1-ef5798322ab9-compact.parquet
86e45e88-8ca9-5716-aec4-a3d65232c6cc,0x5d3cd0ebae79932a1839cc6d6269bcf40b4e963aa4bd8e0ef0d7bb11f8e015b3,mlb,Boston Red Sox vs. Los Angeles Angels,total:f5,Boston Red Sox vs. Los Angeles Angels: 1st 5 Innings O/U 4.5,Over|Under,Over,2026-07-05T01:38:00Z,2026-07-05T09:38:00Z,2026-07-05T03:46:14Z,2.04,2026-07-05T01:38:00Z,2026-07-05T03:46:01Z,history-86e45e88-8ca9-5716-aec4-a3d65232c6cc-compact.parquet
95786e1a-7615-5380-8948-b7bd302ae8fd,0x8579c88ed079d833c8cc5d4efa6fa41a7554aafeb38e7952f7d6561e3b1528b7,mlb,Boston Red Sox vs. Los Angeles Angels,rest,Will there be a run scored in the first inning?: Boston Red Sox vs. Los Angeles Angels,Yes|No,Yes,2026-07-05T01:38:00Z,2026-07-05T09:38:00Z,2026-07-05T02:09:19Z,232.82,2026-07-05T01:38:00Z,2026-07-05T02:08:31Z,history-95786e1a-7615-5380-8948-b7bd302ae8fd-compact.parquet
9d7a9de1-3ffa-5737-8833-d90c22112008,0x418b7a16c4b93590555175b1a0be0547867711e2b498b1e1c08fbd59a26410a2,mlb,Boston Red Sox vs. Los Angeles Angels,spread:f5,1st 5 Innings Spread: Boston Red Sox (-2.5),Boston Red Sox|Los Angeles Angels,Boston Red Sox,2026-07-05T01:38:00Z,2026-07-05T09:38:00Z,2026-07-05T03:36:53Z,10.00,2026-07-05T01:38:00Z,2026-07-05T03:36:03Z,history-9d7a9de1-3ffa-5737-8833-d90c22112008-compact.parquet
b7fd7b94-3867-5f6f-ba87-926bef523da3,0x1a6fca16697a3dad2a137c80732ab98e1326272a2dc3fea51d0a915a285a357e,mlb,Boston Red Sox vs. Los Angeles Angels - Player Props,rest,Romy Gonzalez: Home Runs O/U 0.5,Over|Under,Over,2026-07-05T01:38:00Z,2026-07-05T09:38:00Z,2026-07-05T04:35:34Z,0.00,2026-07-05T01:38:00Z,2026-07-05T04:34:57Z,history-b7fd7b94-3867-5f6f-ba87-926bef523da3-compact.parquet
b86c67f9-fdb9-5c2d-b4a3-c0514a3514fd,0x5441c15008d0578d597975a222be8808eaa8b2e8b48afed34f75fbb7f2d4dc2d,mlb,Boston Red Sox vs. Los Angeles Angels - Player Props,rest,Sonny Gray: Strikeouts O/U 5.5,Over|Under,Over,2026-07-05T01:38:00Z,2026-07-05T09:38:00Z,2026-07-05T04:35:35Z,20.00,2026-07-05T01:38:00Z,2026-07-05T04:35:15Z,history-b86c67f9-fdb9-5c2d-b4a3-c0514a3514fd-compact.parquet
d0b812db-93e2-5f3f-b62d-f027c8bb31d2,0x521c222e3cad91fb9b029710ec58ad98954d9f9fb0a88d792a7f48c10189e639,mlb,Boston Red Sox vs. Los Angeles Angels - Player Props,rest,Anthony Seigler: Home Runs O/U 0.5,Over|Under,Under,2026-07-05T01:38:00Z,2026-07-05T09:38:00Z,2026-07-05T04:35:30Z,0.00,2026-07-05T01:38:00Z,2026-07-05T04:35:14Z,history-d0b812db-93e2-5f3f-b62d-f027c8bb31d2-compact.parquet
e70f5a20-7797-502f-a8b3-df71b3150ed1,0xd5e07112f7f927f3232dc3f20591782203143456ac1ba9b901b6bfbb524ef235,mlb,Boston Red Sox vs. Los Angeles Angels,total:f5,Boston Red Sox vs. Los Angeles Angels: 1st 5 Innings O/U 3.5,Over|Under,Over,2026-07-05T01:38:00Z,2026-07-05T09:38:00Z,2026-07-05T02:34:53Z,5.00,2026-07-05T01:38:00Z,2026-07-05T02:33:58Z,history-e70f5a20-7797-502f-a8b3-df71b3150ed1-compact.parquet
e8aab354-fe0c-54a7-8f57-38eb0cdcb8b1,0x64195afe769fdb5415ae042eb0997d51daf71f8fd15725fe7e27c6e29e00ca32,mlb,Boston Red Sox vs. Los Angeles Angels,total:f5,Boston Red Sox vs. Los Angeles Angels: 1st 5 Innings O/U 2.5,Over|Under,Over,2026-07-05T01:38:00Z,2026-07-05T09:38:00Z,2026-07-05T02:15:39Z,0.00,2026-07-05T01:38:00Z,2026-07-05T02:15:18Z,history-e8aab354-fe0c-54a7-8f57-38eb0cdcb8b1-compact.parquet
e9da455b-2011-5aa4-beb7-8b09dc4636c7,0xc96929e7e5b2fc6ab9a461e30cd42ab0a34273200e141b9ca6371417b4846d25,mlb,Boston Red Sox vs. Los Angeles Angels - Player Props,rest,Nate Eaton: Home Runs O/U 0.5,Over|Under,Under,2026-07-05T01:38:00Z,2026-07-05T09:38:00Z,2026-07-05T04:35:19Z,0.00,2026-07-05T01:38:00Z,2026-07-05T04:34:46Z,history-e9da455b-2011-5aa4-beb7-8b09dc4636c7-compact.parquet
ea2db1f0-ee27-526a-997d-0a4e88270a67,0xe55c698e75a299fa3027bf4c456d7159e9964ec0407643cdb6cd8806e3128502,mlb,Boston Red Sox vs. Los Angeles Angels,spread:f5,1st 5 Innings Spread: Los Angeles Angels (-1.5),Los Angeles Angels|Boston Red Sox,Boston Red Sox,2026-07-05T01:38:00Z,2026-07-05T09:38:00Z,2026-07-05T03:36:52Z,0.00,2026-07-05T01:38:00Z,2026-07-05T03:36:22Z,history-ea2db1f0-ee27-526a-997d-0a4e88270a67-compact.parquet
f08d5eb3-cf13-552b-a36b-6e0c2967772a,0x36f7bcf9b5805f95ba317e79af448741957a5d5c03d74186b0dd4b2ec94ddb18,mlb,Boston Red Sox vs. Los Angeles Angels - Player Props,rest,Willson Contreras: Home Runs O/U 1.5,Over|Under,Under,2026-07-05T01:38:00Z,2026-07-05T09:38:00Z,2026-07-05T04:35:30Z,0.00,2026-07-05T01:38:00Z,2026-07-05T04:34:45Z,history-f08d5eb3-cf13-552b-a36b-6e0c2967772a-compact.parquet
f4509495-5cf0-5640-b8da-73afc4542b39,0xeb84f7f79929f219ab4a93943a1783edcf740778547d8b0b534b27f1355d524f,mlb,Boston Red Sox vs. Los Angeles Angels,spread,Spread: Boston Red Sox (-1.5),Boston Red Sox|Los Angeles Angels,Boston Red Sox,2026-07-05T01:38:00Z,2026-07-05T09:38:00Z,2026-07-05T04:35:16Z,87670.91,2026-07-05T01:38:00Z,2026-07-05T04:34:53Z,history-f4509495-5cf0-5640-b8da-73afc4542b39-compact.parquet
fa4c8f61-58cb-5169-bd8f-70090cf35c1f,0x0e3157504261a6872e5d2f2cb83e796879c2f3698c9b4274201838e20dca91ed,mlb,Boston Red Sox vs. Los Angeles Angels - Player Props,rest,Caleb Durbin: Home Runs O/U 0.5,Over|Under,Under,2026-07-05T01:38:00Z,2026-07-05T09:38:00Z,2026-07-05T04:35:19Z,0.00,2026-07-05T01:38:00Z,2026-07-05T04:34:13Z,history-fa4c8f61-58cb-5169-bd8f-70090cf35c1f-compact.parquet
fab13cda-c723-5c14-a52b-f48193f0a24e,0x743283cb5418af5399626a0f91f305b82f4660d25ee9adb9270042f87456cfc0,mlb,Boston Red Sox vs. Los Angeles Angels - Player Props,rest,Denzer Guzman: Home Runs O/U 0.5,Over|Under,Under,2026-07-05T01:38:00Z,2026-07-05T09:38:00Z,2026-07-05T04:35:17Z,0.00,2026-07-05T01:38:00Z,2026-07-05T04:35:09Z,history-fab13cda-c723-5c14-a52b-f48193f0a24e-compact.parquet
087c6d6b-d5d1-5356-aba3-7892f4203369,0xd6544f6cb55723f4fcef34cd77b2de4f7abf6a5f2b91c76894040d1295734fbb,mlb,Miami Marlins vs. Athletics - Player Props,rest,Jeff McNeil: Home Runs O/U 0.5,Over|Under,Under,2026-07-05T01:40:00Z,2026-07-05T09:40:00Z,2026-07-05T04:52:21Z,0.00,2026-07-05T01:40:00Z,2026-07-05T04:51:59Z,history-087c6d6b-d5d1-5356-aba3-7892f4203369-compact.parquet
10b4925d-a2d4-5cfb-bbb9-3c29bee4b1aa,0xf303a1487e6099229626487c0cbf830b365432f8d7e6628c5c99d0ebdd52cf44,mlb,Miami Marlins vs. Athletics - Player Props,rest,Javier Sanoja: Home Runs O/U 0.5,Over|Under,Under,2026-07-05T01:40:00Z,2026-07-05T09:40:00Z,2026-07-05T04:52:15Z,0.00,2026-07-05T01:40:00Z,2026-07-05T04:52:00Z,history-10b4925d-a2d4-5cfb-bbb9-3c29bee4b1aa-compact.parquet
14aaca5a-e536-59a6-81f5-2060fd0fd980,0xb7d84dae987eb172914fc50092eb4d5279bec7e9fa28554d661ace60fdf7b548,mlb,Miami Marlins vs. Athletics,rest,Will there be a run scored in the first inning?: Miami Marlins vs. Athletics,Yes|No,No,2026-07-05T01:40:00Z,2026-07-05T09:40:00Z,2026-07-05T02:18:42Z,522.56,2026-07-05T01:40:00Z,2026-07-05T02:17:48Z,history-14aaca5a-e536-59a6-81f5-2060fd0fd980-compact.parquet
219061e3-d7dc-53d8-93cb-bfdcc247c10b,0x82944102a2c8beaae1621194894de3d82e74d8abd533f11c386474693d128b45,mlb,Milwaukee Brewers vs. Arizona Diamondbacks,total:f5,Milwaukee Brewers vs. Arizona Diamondbacks: 1st 5 Innings O/U 5.5,Over|Under,Under,2026-07-05T01:40:00Z,2026-07-05T09:40:00Z,2026-07-05T03:46:16Z,3.64,2026-07-05T01:40:00Z,2026-07-05T03:45:42Z,history-219061e3-d7dc-53d8-93cb-bfdcc247c10b-compact.parquet
230c4e58-788e-5a5f-83cb-22c017c9c480,0xd333c5d3aac67629edf8eb1a4edf8e018afb7d453f2647d0958ed7a9dba74971,mlb,Miami Marlins vs. Athletics - Player Props,rest,Henry Bolte: Home Runs O/U 0.5,Over|Under,Under,2026-07-05T01:40:00Z,2026-07-05T09:40:00Z,2026-07-05T04:52:15Z,0.00,2026-07-05T01:40:00Z,2026-07-05T04:51:29Z,history-230c4e58-788e-5a5f-83cb-22c017c9c480-compact.parquet
283a633b-ad96-5e09-aa5b-1d110dcb103d,0x81a664983fdd1273f6052e6dc56060ea48f4d3fbb3453855d664c0e85b9530f7,mlb,Milwaukee Brewers vs. Arizona Diamondbacks - Player Props,rest,Brice Turang: Home Runs O/U 0.5,Over|Under,Under,2026-07-05T01:40:00Z,2026-07-05T09:40:00Z,2026-07-05T04:33:01Z,0.00,2026-07-05T01:40:00Z,2026-07-05T04:32:02Z,history-283a633b-ad96-5e09-aa5b-1d110dcb103d-compact.parquet
2f4fe764-7243-5472-933c-69a7f0b73d90,0xd5dc673d221fbd9ce507639cbc1f9006503bc3ba46ba10ec26e875a0ef78487e,mlb,Milwaukee Brewers vs. Arizona Diamondbacks - Player Props,rest,Sal Frelick: Home Runs O/U 0.5,Over|Under,Under,2026-07-05T01:40:00Z,2026-07-05T09:40:00Z,2026-07-05T04:36:20Z,0.00,2026-07-05T01:40:00Z,2026-07-05T04:36:02Z,history-2f4fe764-7243-5472-933c-69a7f0b73d90-compact.parquet
3339a34d-f6e5-5290-8a9a-859b17a2253a,0x2bb02793f4cd3c721bd0bc3a726cff5b38c01bd31ee006719c846348c2daa698,mlb,Milwaukee Brewers vs. Arizona Diamondbacks - First 5 Innings Winner,rest,Arizona Diamondbacks winning after 5 innings?,Yes|No,Yes,2026-07-05T01:40:00Z,2026-07-05T09:40:00Z,2026-07-05T03:40:55Z,12.50,2026-07-05T01:40:00Z,2026-07-05T03:40:32Z,history-3339a34d-f6e5-5290-8a9a-859b17a2253a-compact.parquet
38103b8c-7006-5eb6-9a3e-14f35ee5fd89,0x022c69f1fb77789a6273370fb19a2a0b23973d5110376c40e95069d6103fd623,mlb,Milwaukee Brewers vs. Arizona Diamondbacks,total:f5,Milwaukee Brewers vs. Arizona Diamondbacks: 1st 5 Innings O/U 4.5,Over|Under,Over,2026-07-05T01:40:00Z,2026-07-05T09:40:00Z,2026-07-05T03:23:40Z,2.33,2026-07-05T01:40:00Z,2026-07-05T03:23:20Z,history-38103b8c-7006-5eb6-9a3e-14f35ee5fd89-compact.parquet
3950c091-23c9-58db-a19a-68a4cccf0983,0x77251e6ed0890a9e99499ccbe1a28de561578077d3efcf2789c64263dd4a676a,mlb,Miami Marlins vs. Athletics - Player Props,rest,Nick Kurtz: Home Runs O/U 0.5,Over|Under,Under,2026-07-05T01:40:00Z,2026-07-05T09:40:00Z,2026-07-05T04:52:21Z,2645.42,2026-07-05T01:40:00Z,2026-07-05T04:51:36Z,history-3950c091-23c9-58db-a19a-68a4cccf0983-compact.parquet
3b4d6819-f86f-5f62-8c54-b38f2b5f5719,0x39e6f550c0c5f4cb18396fbe6a3d620968add17e9b9be44229349f5ab1d24b0f,mlb,Milwaukee Brewers vs. Arizona Diamondbacks - Player Props,rest,Ketel Marte: Home Runs O/U 1.5,Over|Under,Under,2026-07-05T01:40:00Z,2026-07-05T09:40:00Z,2026-07-05T04:36:32Z,0.00,2026-07-05T01:40:00Z,2026-07-05T04:35:57Z,history-3b4d6819-f86f-5f62-8c54-b38f2b5f5719-compact.parquet
48032296-9690-58c0-892c-64b8cc13ff06,0x5220e61ac2b318a734c4db86c99222705a0e3ec11c3aa914e577b94394662ce5,mlb,Milwaukee Brewers vs. Arizona Diamondbacks,total:f5,Milwaukee Brewers vs. Arizona Diamondbacks: 1st 5 Innings O/U 3.5,Over|Under,Over,2026-07-05T01:40:00Z,2026-07-05T09:40:00Z,2026-07-05T03:23:41Z,3.53,2026-07-05T01:40:00Z,2026-07-05T03:22:44Z,history-48032296-9690-58c0-892c-64b8cc13ff06-compact.parquet
4ac0c311-f80e-5b36-b50f-bc8a29e52d10,0x587d058dde1d253e1780513b0b5f01d9845173f032e801853e1bb483a12c4257,mlb,Miami Marlins vs. Athletics,total:f5,Miami Marlins vs. Athletics: 1st 5 Innings O/U 2.5,Over|Under,Over,2026-07-05T01:40:00Z,2026-07-05T09:40:00Z,2026-07-05T02:42:11Z,0.00,2026-07-05T01:40:00Z,2026-07-05T02:41:45Z,history-4ac0c311-f80e-5b36-b50f-bc8a29e52d10-compact.parquet
4b957b59-cf02-5e68-b2ed-07328a00112a,0x32653890c9d985d16183bbf58d2e4db534209151f7fec1f592e3bae874b8aaa0,mlb,Miami Marlins vs. Athletics,total,Miami Marlins vs. Athletics: O/U 10.5,Over|Under,Under,2026-07-05T01:40:00Z,2026-07-05T09:40:00Z,2026-07-05T04:52:02Z,4178.00,2026-07-05T01:40:00Z,2026-07-05T04:51:19Z,history-4b957b59-cf02-5e68-b2ed-07328a00112a-compact.parquet
4c3db73b-e920-5781-b886-4240474fd711,0x96560c3d19b04ebd606feb4ac55e70e1299e8c71cccc838d48245a4f33d0a1c8,mlb,Milwaukee Brewers vs. Arizona Diamondbacks,total:f5,Milwaukee Brewers vs. Arizona Diamondbacks: 1st 5 Innings O/U 2.5,Over|Under,Over,2026-07-05T01:40:00Z,2026-07-05T09:40:00Z,2026-07-05T02:19:52Z,0.00,2026-07-05T01:40:00Z,2026-07-05T02:18:47Z,history-4c3db73b-e920-5781-b886-4240474fd711-compact.parquet
4fe0ddde-fcaa-5ab7-b7e5-abe309fbc38e,0x5a0800a2340dc278b8e3dc7bc66e774327728e3a11e658d665e90c65c497c247,mlb,Milwaukee Brewers vs. Arizona Diamondbacks,spread:f5,1st 5 Innings Spread: Arizona Diamondbacks (-1.5),Arizona Diamondbacks|Milwaukee Brewers,Milwaukee Brewers,2026-07-05T01:40:00Z,2026-07-05T09:40:00Z,2026-07-05T03:36:40Z,5.00,2026-07-05T01:40:00Z,2026-07-05T03:35:51Z,history-4fe0ddde-fcaa-5ab7-b7e5-abe309fbc38e-compact.parquet
4ff5ed1d-7026-56a7-9c96-4c66af442b73,0x1a1d4e26405e3cecc4e8fe557aac796b9649ba9d2a707644514a3a41561b69aa,mlb,Milwaukee Brewers vs. Arizona Diamondbacks,moneyline,Milwaukee Brewers vs. Arizona Diamondbacks,Milwaukee Brewers|Arizona Diamondbacks,Arizona Diamondbacks,2026-07-05T01:40:00Z,2026-07-05T09:40:00Z,2026-07-05T04:32:56Z,70111.99,2026-07-05T01:40:00Z,2026-07-05T04:32:32Z,history-4ff5ed1d-7026-56a7-9c96-4c66af442b73-compact.parquet
511459b0-ad39-59c8-a5e2-7bf1af320b09,0x2bc556178028d724fc8a5d45bc78d0e1c620613dc6f4c735f2e235a4fcc3496d,mlb,Miami Marlins vs. Athletics - Player Props,rest,Owen Caissie: Home Runs O/U 0.5,Over|Under,Under,2026-07-05T01:40:00Z,2026-07-05T09:40:00Z,2026-07-05T04:52:22Z,0.00,2026-07-05T01:40:00Z,2026-07-05T04:52:10Z,history-511459b0-ad39-59c8-a5e2-7bf1af320b09-compact.parquet
518d874f-f16e-51ee-b399-1418d80fa3c1,0x3bd3360383190376803a88f0870df01bc4278c78c83d9e79340973f87cd5d981,mlb,Miami Marlins vs. Athletics,total:f5,Miami Marlins vs. Athletics: 1st 5 Innings O/U 4.5,Over|Under,Under,2026-07-05T01:40:00Z,2026-07-05T09:40:00Z,2026-07-05T03:29:03Z,6.76,2026-07-05T01:40:00Z,2026-07-05T03:28:04Z,history-518d874f-f16e-51ee-b399-1418d80fa3c1-compact.parquet
54bca2f4-2c43-5692-9f02-cf81855a7d75,0x578d10054b6428fbe13d75caf5a483bc78354eb0ffff39604a05b7c9e780b590,mlb,Miami Marlins vs. Athletics - Player Props,rest,Griffin Conine: Home Runs O/U 0.5,Over|Under,Under,2026-07-05T01:40:00Z,2026-07-05T09:40:00Z,2026-07-05T04:52:13Z,0.00,2026-07-05T01:40:00Z,2026-07-05T04:52:11Z,history-54bca2f4-2c43-5692-9f02-cf81855a7d75-compact.parquet
564346ec-0c85-59ae-ba6d-87f3a37f6b83,0x004b16e974bf03301429f31b8173b79ddaa9cc21f608f5555466f0b950ad6351,mlb,Miami Marlins vs. Athletics,total:f5,Miami Marlins vs. Athletics: 1st 5 Innings O/U 6.5,Over|Under,Under,2026-07-05T01:40:00Z,2026-07-05T09:40:00Z,2026-07-05T03:29:07Z,42.38,2026-07-05T01:40:00Z,2026-07-05T03:28:35Z,history-564346ec-0c85-59ae-ba6d-87f3a37f6b83-compact.parquet
5f5543ce-1957-5584-8240-e6acd07296ad,0xcbaae7cc7b855b5581a42633b93fb748ab98988714c9d8a3f26b26c082820c0c,mlb,Miami Marlins vs. Athletics - Player Props,rest,Jakob Marsee: Home Runs O/U 0.5,Over|Under,Under,2026-07-05T01:40:00Z,2026-07-05T09:40:00Z,2026-07-05T04:53:09Z,0.00,2026-07-05T01:40:00Z,2026-07-05T04:52:46Z,history-5f5543ce-1957-5584-8240-e6acd07296ad-compact.parquet
6a1b4f88-5759-5f42-a4e7-618d1d892540,0x18a0bd0fe2c4d5c3818fdb8e8293cff00bc724af533ef7b4720119de47d900ef,mlb,Milwaukee Brewers vs. Arizona Diamondbacks - Player Props,rest,William Contreras: Home Runs O/U 0.5,Over|Under,Under,2026-07-05T01:40:00Z,2026-07-05T09:40:00Z,2026-07-05T04:33:00Z,0.00,2026-07-05T01:40:00Z,2026-07-05T04:32:56Z,history-6a1b4f88-5759-5f42-a4e7-618d1d892540-compact.parquet
6fe94e03-0a81-5253-b611-2c497ed7c303,0x7e1271e3752aa59674d9ff1f8d00791f73d7045b8e9c941b1ca671fd1ad4cf84,mlb,Milwaukee Brewers vs. Arizona Diamondbacks - Player Props,rest,Christian Yelich: Home Runs O/U 0.5,Over|Under,Over,2026-07-05T01:40:00Z,2026-07-05T09:40:00Z,2026-07-05T04:36:25Z,0.00,2026-07-05T01:40:00Z,2026-07-05T04:35:27Z,history-6fe94e03-0a81-5253-b611-2c497ed7c303-compact.parquet
709f5e11-d26f-5d94-abd2-f549edd30b2e,0x4bca42457a7f0f80cb04776e6d9448a3a8a2292f22a049bc9afd997493a97b98,mlb,Miami Marlins vs. Athletics - First 5 Innings Winner,rest,Athletics winning after 5 innings?,Yes|No,No,2026-07-05T01:40:00Z,2026-07-05T09:40:00Z,2026-07-05T03:29:23Z,55.81,2026-07-05T01:40:00Z,2026-07-05T03:28:17Z,history-709f5e11-d26f-5d94-abd2-f549edd30b2e-compact.parquet
75b178af-4327-5320-90be-f719eb9522ef,0x2d8bd0c647ff9237e77240b99d93bd0aba18213748744f2d3c2d8f18d063e5c3,mlb,Miami Marlins vs. Athletics,moneyline,Miami Marlins vs. Athletics,Miami Marlins|Athletics,Miami Marlins,2026-07-05T01:40:00Z,2026-07-05T09:40:00Z,2026-07-05T04:52:03Z,289238.94,2026-07-05T01:40:00Z,2026-07-05T04:51:30Z,history-75b178af-4327-5320-90be-f719eb9522ef-compact.parquet
80ba6e54-b5e5-5eb3-ae61-babf823773b2,0xb79e505389a860424be9b98631992bcb3cd95912685d5b4f21b7c0df58929228,mlb,Milwaukee Brewers vs. Arizona Diamondbacks - Player Props,rest,Merrill Kelly: Strikeouts O/U 3.5,Over|Under,Over,2026-07-05T01:40:00Z,2026-07-05T09:40:00Z,2026-07-05T04:36:35Z,0.00,2026-07-05T01:40:00Z,2026-07-05T04:36:02Z,history-80ba6e54-b5e5-5eb3-ae61-babf823773b2-compact.parquet
8b76a758-4191-5b66-ac76-e230f8af5644,0x18eb53b23c37fbf1073f47e9c3ab2c06ecf2c77a5dec52cc4e8c064ba2722921,mlb,Miami Marlins vs. Athletics - Player Props,rest,Xavier Edwards: Home Runs O/U 0.5,Over|Under,Under,2026-07-05T01:40:00Z,2026-07-05T09:40:00Z,2026-07-05T04:52:01Z,0.00,2026-07-05T01:40:00Z,2026-07-05T04:51:54Z,history-8b76a758-4191-5b66-ac76-e230f8af5644-compact.parquet
8c054493-525c-58fd-8c04-cfd935ac0045,0x3cec9e0b94903844d9026810ab400797d00632820459872fb696925c12e4a605,mlb,Milwaukee Brewers vs. Arizona Diamondbacks,spread,Spread: Milwaukee Brewers (-1.5),Milwaukee Brewers|Arizona Diamondbacks,Arizona Diamondbacks,2026-07-05T01:40:00Z,2026-07-05T09:40:00Z,2026-07-05T04:36:29Z,15265.39,2026-07-05T01:40:00Z,2026-07-05T04:36:03Z,history-8c054493-525c-58fd-8c04-cfd935ac0045-compact.parquet
902113c4-8564-586b-9471-0614934de044,0xf754faa316566e90483feaae4039c87e70c4fa8cfce8bec614e32a9acc4394b0,mlb,Milwaukee Brewers vs. Arizona Diamondbacks,spread:f5,1st 5 Innings Spread: Milwaukee Brewers (-2.5),Milwaukee Brewers|Arizona Diamondbacks,Arizona Diamondbacks,2026-07-05T01:40:00Z,2026-07-05T09:40:00Z,2026-07-05T03:36:39Z,5.39,2026-07-05T01:40:00Z,2026-07-05T03:35:36Z,history-902113c4-8564-586b-9471-0614934de044-compact.parquet
998afed0-c4ac-5b2f-8509-473123ffc333,0x5f54cc2359d44dfacda343b7270fa4ae7c9977a78e5a533e606a101b90733d0b,mlb,Miami Marlins vs. Athletics,total:f5,Miami Marlins vs. Athletics: 1st 5 Innings O/U 5.5,Over|Under,Under,2026-07-05T01:40:00Z,2026-07-05T09:40:00Z,2026-07-05T03:28:56Z,40.00,2026-07-05T01:40:00Z,2026-07-05T03:28:26Z,history-998afed0-c4ac-5b2f-8509-473123ffc333-compact.parquet
9bc05446-519a-5bc2-9be7-91ac8efe1fd3,0x0d36786c1b21fe131e5441d75a43fb42e4d9507c7ec59fa1211e0c2d41415062,mlb,Miami Marlins vs. Athletics,total,Miami Marlins vs. Athletics: O/U 11.5,Over|Under,Under,2026-07-05T01:40:00Z,2026-07-05T09:40:00Z,2026-07-05T04:52:03Z,30560.99,2026-07-05T01:40:00Z,2026-07-05T04:51:19Z,history-9bc05446-519a-5bc2-9be7-91ac8efe1fd3-compact.parquet
9c24ed0c-9bcf-54da-a28c-a5c0d341910e,0x05600021ae7d0b13396d90e2dd0be9f5e8dbdb5f3578ba38a0600d63f4131063,mlb,Miami Marlins vs. Athletics - First 5 Innings Winner,rest,Miami Marlins winning after 5 innings?,Yes|No,Yes,2026-07-05T01:40:00Z,2026-07-05T09:40:00Z,2026-07-05T03:32:15Z,349.37,2026-07-05T01:40:00Z,2026-07-05T03:31:36Z,history-9c24ed0c-9bcf-54da-a28c-a5c0d341910e-compact.parquet
9ecb0189-2c70-5a16-a3bd-e83e881adaa0,0x53b4f47ec481356a62052f5032f22d5443f186f0ebc58af1823df6bbf65f5edf,mlb,Milwaukee Brewers vs. Arizona Diamondbacks - Player Props,rest,Gabriel Moreno: Home Runs O/U 0.5,Over|Under,Under,2026-07-05T01:40:00Z,2026-07-05T09:40:00Z,2026-07-05T04:32:55Z,0.00,2026-07-05T01:40:00Z,2026-07-05T04:32:46Z,history-9ecb0189-2c70-5a16-a3bd-e83e881adaa0-compact.parquet
a228487e-249c-5989-88b6-0198d20f3296,0x3413b467a1e11faf2f670b02fb2ab84fd774638b9d4cac9c68ab1ecd8729951a,mlb,Milwaukee Brewers vs. Arizona Diamondbacks,total:f5,Milwaukee Brewers vs. Arizona Diamondbacks: 1st 5 Innings O/U 6.5,Over|Under,Under,2026-07-05T01:40:00Z,2026-07-05T09:40:00Z,2026-07-05T03:36:42Z,7.20,2026-07-05T01:40:00Z,2026-07-05T03:35:51Z,history-a228487e-249c-5989-88b6-0198d20f3296-compact.parquet
a5dddc9a-40b5-5e8e-a695-ad66a128dc68,0xb18d6813fe87c90dc6321b13dc0a0eee71d57f62ea5d678f674655497024a940,mlb,Milwaukee Brewers vs. Arizona Diamondbacks,total,Milwaukee Brewers vs. Arizona Diamondbacks: O/U 9.5,Over|Under,Under,2026-07-05T01:40:00Z,2026-07-05T09:40:00Z,2026-07-05T04:36:26Z,34016.75,2026-07-05T01:40:00Z,2026-07-05T04:35:11Z,history-a5dddc9a-40b5-5e8e-a695-ad66a128dc68-compact.parquet
a667eb0e-0bc6-5a7d-b202-b7e47cb1d304,0x944c18368a95bd8acede39320e73c8b272b5d1a11e464013bc33a707fce00e20,mlb,Milwaukee Brewers vs. Arizona Diamondbacks,rest,Will there be a run scored in the first inning?: Milwaukee Brewers vs. Arizona Diamondbacks,Yes|No,Yes,2026-07-05T01:40:00Z,2026-07-05T09:40:00Z,2026-07-05T02:18:41Z,435.90,2026-07-05T01:40:00Z,2026-07-05T02:18:03Z,history-a667eb0e-0bc6-5a7d-b202-b7e47cb1d304-compact.parquet
a6773390-1dc6-5eaf-a35b-b44fb3f79875,0x02a67376c7ab458cf102ec3b2eb969329ce8554667a8fa8fdf89c7761e02f371,mlb,Miami Marlins vs. Athletics,spread:f5,1st 5 Innings Spread: Miami Marlins (-1.5),Miami Marlins|Athletics,Miami Marlins,2026-07-05T01:40:00Z,2026-07-05T09:40:00Z,2026-07-05T03:28:56Z,0.00,2026-07-05T01:40:00Z,2026-07-05T03:28:23Z,history-a6773390-1dc6-5eaf-a35b-b44fb3f79875-compact.parquet
a726987d-2ee6-573e-961b-0552f8317974,0x6c9514d345156ace6b6272c431869030b5849391e38717de264e1051c7b47d9f,mlb,Milwaukee Brewers vs. Arizona Diamondbacks - Player Props,rest,Corbin Carroll: Home Runs O/U 0.5,Over|Under,Under,2026-07-05T01:40:00Z,2026-07-05T09:40:00Z,2026-07-05T04:32:58Z,0.00,2026-07-05T01:40:00Z,2026-07-05T04:32:57Z,history-a726987d-2ee6-573e-961b-0552f8317974-compact.parquet
a766ecb3-fcff-56df-9536-a760a78b0635,0xd6fe9c9e7d06c082780a17c762d38a54c64eea667608ef2894ec7c1c769284c9,mlb,Milwaukee Brewers vs. Arizona Diamondbacks - Player Props,rest,Brandon Woodruff: Strikeouts O/U 4.5,Over|Under,Over,2026-07-05T01:40:00Z,2026-07-05T09:40:00Z,2026-07-05T04:36:29Z,0.00,2026-07-05T01:40:00Z,2026-07-05T04:35:53Z,history-a766ecb3-fcff-56df-9536-a760a78b0635-compact.parquet
a8498adf-1b0d-525f-90dd-c3ef8c438983,0xad445077e1ae174353f7fafc2ba09de8ba161615ccc357011d572dac294fcd30,mlb,Milwaukee Brewers vs. Arizona Diamondbacks,spread:f5,1st 5 Innings Spread: Arizona Diamondbacks (-2.5),Arizona Diamondbacks|Milwaukee Brewers,Milwaukee Brewers,2026-07-05T01:40:00Z,2026-07-05T09:40:00Z,2026-07-05T03:36:38Z,0.00,2026-07-05T01:40:00Z,2026-07-05T03:36:00Z,history-a8498adf-1b0d-525f-90dd-c3ef8c438983-compact.parquet
a976a158-95ad-5dcb-b180-e2609f38d607,0x5e97901478bbc527c0ef384b08df610f5f38d6f823163aa4668a3ffaf8180e29,mlb,Miami Marlins vs. Athletics - First 5 Innings Winner,rest,Miami Marlins vs. Athletics: Tied after 5 innings?,Yes|No,No,2026-07-05T01:40:00Z,2026-07-05T09:40:00Z,2026-07-05T03:29:22Z,34.06,2026-07-05T01:40:00Z,2026-07-05T03:28:17Z,history-a976a158-95ad-5dcb-b180-e2609f38d607-compact.parquet
aa45626e-80ab-537b-a7f4-7b0bf4c9c309,0xe4a709906ee773da9241befd3423dbae4fc9d77e203d446b6db1c73fef58dd0f,mlb,Miami Marlins vs. Athletics,spread,Spread: Miami Marlins (-1.5),Miami Marlins|Athletics,Miami Marlins,2026-07-05T01:40:00Z,2026-07-05T09:40:00Z,2026-07-05T04:52:03Z,3000.56,2026-07-05T01:40:00Z,2026-07-05T04:51:06Z,history-aa45626e-80ab-537b-a7f4-7b0bf4c9c309-compact.parquet
b2d5f031-891d-52e9-a1ce-b5541022dd28,0x9ab2c63918ff142ca9b412696c8b4c5a3400d72298fb923aa6666f044c45a65e,mlb,Miami Marlins vs. Athletics,spread:f5,1st 5 Innings Spread: Athletics (-2.5),Athletics|Miami Marlins,Miami Marlins,2026-07-05T01:40:00Z,2026-07-05T09:40:00Z,2026-07-05T03:28:56Z,0.00,2026-07-05T01:40:00Z,2026-07-05T03:28:23Z,history-b2d5f031-891d-52e9-a1ce-b5541022dd28-compact.parquet
b3a1f257-34f4-5cc0-b958-15f1379ea8c2,0x1c91394490cafe1728e8e5f0a4ace5cf7f32c781269b4ed0bb75420ddffe4831,mlb,Miami Marlins vs. Athletics - Player Props,rest,Carlos Cortes: Home Runs O/U 0.5,Over|Under,Under,2026-07-05T01:40:00Z,2026-07-05T09:40:00Z,2026-07-05T04:52:22Z,0.00,2026-07-05T01:40:00Z,2026-07-05T04:52:04Z,history-b3a1f257-34f4-5cc0-b958-15f1379ea8c2-compact.parquet
ba766b35-8a22-5990-820d-390c9225beff,0xc263d85c89e3476ea58b296bfc02385a8d0c54f43f602cfd80b5376d7e81319f,mlb,Milwaukee Brewers vs. Arizona Diamondbacks - First 5 Innings Winner,rest,Milwaukee Brewers winning after 5 innings?,Yes|No,No,2026-07-05T01:40:00Z,2026-07-05T09:40:00Z,2026-07-05T03:37:22Z,42.31,2026-07-05T01:40:00Z,2026-07-05T03:36:36Z,history-ba766b35-8a22-5990-820d-390c9225beff-compact.parquet
bb6a88e8-6e16-5e7a-a09c-710add2ba682,0x62de3f058553fa16898a6601be8467dc5954ada104eaf0933d818e2d353e7218,mlb,Miami Marlins vs. Athletics - Player Props,rest,Aaron Civale: Strikeouts O/U 3.5,Over|Under,Over,2026-07-05T01:40:00Z,2026-07-05T09:40:00Z,2026-07-05T04:52:00Z,0.00,2026-07-05T01:40:00Z,2026-07-05T04:51:05Z,history-bb6a88e8-6e16-5e7a-a09c-710add2ba682-compact.parquet
bc171f88-2a39-54f3-b018-0f8a071673b7,0xe3ec529ef0f1d504ba50ef55fbf3b5f91b42d20e3346deedeabd7cb9115c7df5,mlb,Milwaukee Brewers vs. Arizona Diamondbacks,rest,Will the game go to extra innings?: Milwaukee Brewers vs. Arizona Diamondbacks,Yes|No,No,2026-07-05T01:40:00Z,2026-07-05T09:40:00Z,2026-07-05T04:33:37Z,0.00,2026-07-05T01:40:00Z,2026-07-05T04:33:09Z,history-bc171f88-2a39-54f3-b018-0f8a071673b7-compact.parquet
bcbd16f3-865f-5a5b-85c0-7b276661e2d4,0x448312ff40135c7c455a53c184031801d49b52a94412c858ab85738bea17c88d,mlb,Milwaukee Brewers vs. Arizona Diamondbacks - First 5 Innings Winner,rest,Milwaukee Brewers vs. Arizona Diamondbacks: Tied after 5 innings?,Yes|No,No,2026-07-05T01:40:00Z,2026-07-05T09:40:00Z,2026-07-05T03:37:22Z,0.00,2026-07-05T01:40:00Z,2026-07-05T03:35:51Z,history-bcbd16f3-865f-5a5b-85c0-7b276661e2d4-compact.parquet
c129d61f-617c-5589-aa75-3e28037bf490,0xf48806002b17b50ef90f8a7b5436e6f8e4d8bc0b27b1bf733d3d4387cb21c283,mlb,Milwaukee Brewers vs. Arizona Diamondbacks - Player Props,rest,Ketel Marte: Home Runs O/U 0.5,Over|Under,Under,2026-07-05T01:40:00Z,2026-07-05T09:40:00Z,2026-07-05T04:32:59Z,21.74,2026-07-05T01:40:00Z,2026-07-05T04:32:57Z,history-c129d61f-617c-5589-aa75-3e28037bf490-compact.parquet
c8ed75e5-508c-5b96-882a-10f5597cfb0d,0x68860f89393f8cd366da5aab00a5aec689ba3599f278d8e12f2a05f03be475c6,mlb,Miami Marlins vs. Athletics - Player Props,rest,Sandy Alcantara: Strikeouts O/U 4.5,Over|Under,Over,2026-07-05T01:40:00Z,2026-07-05T09:40:00Z,2026-07-05T04:51:59Z,0.00,2026-07-05T01:40:00Z,2026-07-05T04:51:45Z,history-c8ed75e5-508c-5b96-882a-10f5597cfb0d-compact.parquet
ca35ee76-7f23-52dc-8d40-8d36281263f6,0x011c965273d90da48f63a1b8e9fb0fffc2c8b80353ce1e342e70e58c3d431985,mlb,Miami Marlins vs. Athletics,total:f5,Miami Marlins vs. Athletics: 1st 5 Innings O/U 3.5,Over|Under,Over,2026-07-05T01:40:00Z,2026-07-05T09:40:00Z,2026-07-05T03:16:28Z,0.00,2026-07-05T01:40:00Z,2026-07-05T03:16:17Z,history-ca35ee76-7f23-52dc-8d40-8d36281263f6-compact.parquet
ca62bdf9-74eb-582a-a60d-91d5c91a70f8,0x837219abd311f981231e6434d7b6ce7bbf3acdb653f8e7d772624e4a5bddb16d,mlb,Miami Marlins vs. Athletics - Player Props,rest,Liam Hicks: Home Runs O/U 0.5,Over|Under,Under,2026-07-05T01:40:00Z,2026-07-05T09:40:00Z,2026-07-05T04:52:22Z,0.00,2026-07-05T01:40:00Z,2026-07-05T04:52:22Z,history-ca62bdf9-74eb-582a-a60d-91d5c91a70f8-compact.parquet
d820f294-8e44-586a-b7fc-2b2a2a099b82,0x3b49df6d18a060c026e4146240a160b60da9e40a1ea6dabbaa7aea4c4ba987a0,mlb,Milwaukee Brewers vs. Arizona Diamondbacks,spread:f5,1st 5 Innings Spread: Milwaukee Brewers (-1.5),Milwaukee Brewers|Arizona Diamondbacks,Arizona Diamondbacks,2026-07-05T01:40:00Z,2026-07-05T09:40:00Z,2026-07-05T03:36:38Z,0.00,2026-07-05T01:40:00Z,2026-07-05T03:35:41Z,history-d820f294-8e44-586a-b7fc-2b2a2a099b82-compact.parquet
db1452ca-0bdd-500e-8550-f0abfd48a931,0xe65b6bb1de1ecbb5e3d02b4f322086195947e71d990cd65087f6228741698b78,mlb,Miami Marlins vs. Athletics - Player Props,rest,Kyle Stowers: Home Runs O/U 0.5,Over|Under,Over,2026-07-05T01:40:00Z,2026-07-05T09:40:00Z,2026-07-05T04:52:12Z,0.00,2026-07-05T01:40:00Z,2026-07-05T04:52:01Z,history-db1452ca-0bdd-500e-8550-f0abfd48a931-compact.parquet
e3f9a7e9-1de2-54d2-a668-caa1cd38c517,0xfda4b004f0bf12cdc7f9679d6812326b53fbeed383cfa7f10160f37db3e4d506,mlb,Miami Marlins vs. Athletics - Player Props,rest,Otto Lopez: Home Runs O/U 0.5,Over|Under,Over,2026-07-05T01:40:00Z,2026-07-05T09:40:00Z,2026-07-05T04:52:21Z,0.00,2026-07-05T01:40:00Z,2026-07-05T04:52:00Z,history-e3f9a7e9-1de2-54d2-a668-caa1cd38c517-compact.parquet
e8dfa66b-3164-59c4-98d7-cfac65dd4e09,0x07e13651924d389d092014008da56ccfacec19540c45c111aa621ce0858533dd,mlb,Miami Marlins vs. Athletics - Player Props,rest,Lawrence Butler: Home Runs O/U 0.5,Over|Under,Under,2026-07-05T01:40:00Z,2026-07-05T09:40:00Z,2026-07-05T04:52:15Z,0.00,2026-07-05T01:40:00Z,2026-07-05T04:52:09Z,history-e8dfa66b-3164-59c4-98d7-cfac65dd4e09-compact.parquet
eb1611e5-77c0-5a12-a315-084c7cc71985,0xe5ed073d1edf765fa107acc4e026cfd95b8f26b33eac8ec5c895c9398669dae1,mlb,Miami Marlins vs. Athletics,rest,Will the game go to extra innings?: Miami Marlins vs. Athletics,Yes|No,No,2026-07-05T01:40:00Z,2026-07-05T09:40:00Z,2026-07-05T04:52:14Z,0.00,2026-07-05T01:40:00Z,2026-07-05T04:51:59Z,history-eb1611e5-77c0-5a12-a315-084c7cc71985-compact.parquet
ebfa12d5-7940-54c5-8b30-c6afe28ab5be,0x78956dffcf354bdb17f5d29007bb405d72e6668f6df99b33b61aa8a914f18662,mlb,Milwaukee Brewers vs. Arizona Diamondbacks - Player Props,rest,Jake Bauers: Home Runs O/U 0.5,Over|Under,Under,2026-07-05T01:40:00Z,2026-07-05T09:40:00Z,2026-07-05T04:36:30Z,1036.47,2026-07-05T01:40:00Z,2026-07-05T04:35:57Z,history-ebfa12d5-7940-54c5-8b30-c6afe28ab5be-compact.parquet
ef4acec6-b750-5c39-8ae5-5c63e1fd5217,0x332a5f793ae6e04a3bbcedd90c9e17e6865686accb74038503f35ff5648f360b,mlb,Milwaukee Brewers vs. Arizona Diamondbacks - Player Props,rest,Jackson Chourio: Home Runs O/U 0.5,Over|Under,Over,2026-07-05T01:40:00Z,2026-07-05T09:40:00Z,2026-07-05T04:33:01Z,0.00,2026-07-05T01:40:00Z,2026-07-05T04:33:00Z,history-ef4acec6-b750-5c39-8ae5-5c63e1fd5217-compact.parquet
f2e6a366-0531-5cc2-9f48-d6d0d1335031,0xdb983a4d2649507cf373d73f778c0247059053fd5f1c18e859e1919304e07721,mlb,Miami Marlins vs. Athletics,spread:f5,1st 5 Innings Spread: Miami Marlins (-2.5),Miami Marlins|Athletics,Miami Marlins,2026-07-05T01:40:00Z,2026-07-05T09:40:00Z,2026-07-05T03:29:00Z,0.00,2026-07-05T01:40:00Z,2026-07-05T03:28:32Z,history-f2e6a366-0531-5cc2-9f48-d6d0d1335031-compact.parquet
f779a772-a7e2-556f-841e-0f8a1c273f45,0x6b80c42f763ebfdd95a678cfce2a5340cf2df6398d4c4ead098c14f89207fe78,mlb,Miami Marlins vs. Athletics - Player Props,rest,Joe Mack: Home Runs O/U 0.5,Over|Under,Over,2026-07-05T01:40:00Z,2026-07-05T09:40:00Z,2026-07-05T04:51:56Z,0.00,2026-07-05T01:40:00Z,2026-07-05T04:51:52Z,history-f779a772-a7e2-556f-841e-0f8a1c273f45-compact.parquet
f80a47fb-668e-5ec8-a95e-092b252696cf,0xbbd67794f290feb074c45503539cf3ffc32f10490a9ac869b36f95fe8cab1184,mlb,Miami Marlins vs. Athletics,spread:f5,1st 5 Innings Spread: Athletics (-1.5),Athletics|Miami Marlins,Miami Marlins,2026-07-05T01:40:00Z,2026-07-05T09:40:00Z,2026-07-05T03:28:56Z,0.00,2026-07-05T01:40:00Z,2026-07-05T03:27:35Z,history-f80a47fb-668e-5ec8-a95e-092b252696cf-compact.parquet
f9628253-0038-54b2-a9f7-26a2254d9501,0xe9e48d65ddcd8fe948a7281a686ba8bf49c6dab1a243a0877d107346a70866f8,mlb,Milwaukee Brewers vs. Arizona Diamondbacks - Player Props,rest,Garrett Mitchell: Home Runs O/U 0.5,Over|Under,Under,2026-07-05T01:40:00Z,2026-07-05T09:40:00Z,2026-07-05T04:36:21Z,0.00,2026-07-05T01:40:00Z,2026-07-05T04:35:57Z,history-f9628253-0038-54b2-a9f7-26a2254d9501-compact.parquet
fe17c6a1-65a5-57a7-a5d7-9cfca346aac4,0x4c6e935595659caaf65989053806710d3cf39409f6c20b9ca727685089b17ceb,mlb,Miami Marlins vs. Athletics - Player Props,rest,Jonah Heim: Home Runs O/U 0.5,Over|Under,Under,2026-07-05T01:40:00Z,2026-07-05T09:40:00Z,2026-07-05T04:52:14Z,0.00,2026-07-05T01:40:00Z,2026-07-05T04:51:14Z,history-fe17c6a1-65a5-57a7-a5d7-9cfca346aac4-compact.parquet
07bf5711-711d-5348-81dd-93289f92077c,0x09e17f3c624d533e93ca6db85f7d6f54d08ca3c362df7b04b5b09584e7864766,mlb,San Diego Padres vs. Los Angeles Dodgers - First 5 Innings Winner,rest,San Diego Padres winning after 5 innings?,Yes|No,No,2026-07-05T02:10:00Z,2026-07-05T10:10:00Z,2026-07-05T03:56:50Z,0.00,2026-07-05T02:10:00Z,2026-07-05T03:55:56Z,history-07bf5711-711d-5348-81dd-93289f92077c-compact.parquet
08fe8703-4868-599a-b3b4-db40ff6b939c,0xc7cc95731d005a6672061fd669069ad5661c48f0e19ff62282075b784e554226,mlb,San Diego Padres vs. Los Angeles Dodgers - First 5 Innings Winner,rest,Los Angeles Dodgers winning after 5 innings?,Yes|No,Yes,2026-07-05T02:10:00Z,2026-07-05T10:10:00Z,2026-07-05T04:01:54Z,0.00,2026-07-05T02:10:00Z,2026-07-05T04:01:23Z,history-08fe8703-4868-599a-b3b4-db40ff6b939c-compact.parquet
095e10b4-4f19-5451-9c03-b13f3205d896,0x53d5b0fdc91d792b92928730467f9f7c9eec0f086fa902b3bd1f6cd75c90837e,mlb,San Diego Padres vs. Los Angeles Dodgers,spread,Spread: Los Angeles Dodgers (-1.5),Los Angeles Dodgers|San Diego Padres,Los Angeles Dodgers,2026-07-05T02:10:00Z,2026-07-05T10:10:00Z,2026-07-05T04:58:27Z,22537.35,2026-07-05T02:10:00Z,2026-07-05T04:58:20Z,history-095e10b4-4f19-5451-9c03-b13f3205d896-compact.parquet
0dc70d30-4ae1-5cce-9a67-31813f7684ac,0xabf25b41fbc9d03547f3596d957998ae52ca362aaf87982f846cc6330c879ba4,mlb,San Diego Padres vs. Los Angeles Dodgers,total:f5,San Diego Padres vs. Los Angeles Dodgers: 1st 5 Innings O/U 2.5,Over|Under,Under,2026-07-05T02:10:00Z,2026-07-05T10:10:00Z,2026-07-05T03:56:08Z,0.00,2026-07-05T02:10:00Z,2026-07-05T03:55:58Z,history-0dc70d30-4ae1-5cce-9a67-31813f7684ac-compact.parquet
0dd61cdf-1ff5-581b-a8eb-6416da57d60d,0x4b21236e09a44efe55fe5aceab35fd15481182d909908cd4db70569470160170,mlb,San Diego Padres vs. Los Angeles Dodgers - Player Props,rest,Mookie Betts: Home Runs O/U 0.5,Over|Under,Under,2026-07-05T02:10:00Z,2026-07-05T10:10:00Z,2026-07-05T04:58:14Z,0.00,2026-07-05T02:10:00Z,2026-07-05T04:57:24Z,history-0dd61cdf-1ff5-581b-a8eb-6416da57d60d-compact.parquet
1293b312-7686-550c-a077-1cd5c41b947d,0x84ab76869887d70c5fa54aaa0b11cf7f8cecf75df88070300c330042461aa411,mlb,San Diego Padres vs. Los Angeles Dodgers - Player Props,rest,Yoshinobu Yamamoto: Strikeouts O/U 5.5,Over|Under,Over,2026-07-05T02:10:00Z,2026-07-05T10:10:00Z,2026-07-05T04:58:28Z,0.00,2026-07-05T02:10:00Z,2026-07-05T04:58:16Z,history-1293b312-7686-550c-a077-1cd5c41b947d-compact.parquet
1da048ce-ca23-5b04-8f05-e0be188fb995,0x2584f7a35d260f7ac9a0aa9a0b5595bab8e5749e7274668809c3cc62fbd8eba3,mlb,San Diego Padres vs. Los Angeles Dodgers - Player Props,rest,Freddie Freeman: Home Runs O/U 0.5,Over|Under,Over,2026-07-05T02:10:00Z,2026-07-05T10:10:00Z,2026-07-05T04:58:22Z,0.00,2026-07-05T02:10:00Z,2026-07-05T04:57:35Z,history-1da048ce-ca23-5b04-8f05-e0be188fb995-compact.parquet
247f6b96-a93d-579f-9c7e-15da893ba5fd,0x4c1d2511b3ad81d0b298cbc64411afddea5a10e7d6cd00828ceacb69952e2256,mlb,San Diego Padres vs. Los Angeles Dodgers - First 5 Innings Winner,rest,San Diego Padres vs. Los Angeles Dodgers: Tied after 5 innings?,Yes|No,No,2026-07-05T02:10:00Z,2026-07-05T10:10:00Z,2026-07-05T03:56:50Z,0.00,2026-07-05T02:10:00Z,2026-07-05T03:56:01Z,history-247f6b96-a93d-579f-9c7e-15da893ba5fd-compact.parquet
2734c6bf-50fc-502b-97bc-444ac7dce783,0x43c94afad7ec57c2d88686e9c8096b957289b8ebf3c7ba1d460330d76937699c,mlb,San Diego Padres vs. Los Angeles Dodgers - Player Props,rest,Jackson Merrill: Home Runs O/U 0.5,Over|Under,Under,2026-07-05T02:10:00Z,2026-07-05T10:10:00Z,2026-07-05T04:58:25Z,0.00,2026-07-05T02:10:00Z,2026-07-05T04:58:04Z,history-2734c6bf-50fc-502b-97bc-444ac7dce783-compact.parquet
28cf76de-77a7-5892-9919-ad25c97864ec,0x81c94b59142d3e27bc44cd013bf88ed4dc33031243149e3438aaed83e1ae67f4,mlb,San Diego Padres vs. Los Angeles Dodgers - Player Props,rest,Fernando Tatis Jr.: Home Runs O/U 1.5,Over|Under,Under,2026-07-05T02:10:00Z,2026-07-05T10:10:00Z,2026-07-05T04:58:22Z,0.00,2026-07-05T02:10:00Z,2026-07-05T04:57:54Z,history-28cf76de-77a7-5892-9919-ad25c97864ec-compact.parquet
29f5cdc0-9b3e-5bf9-ac3b-00fa790e2d1b,0xcd265f4fbd07a311e594a53bbdb7e259e07ec49d88d342decea77f1783da00d3,mlb,San Diego Padres vs. Los Angeles Dodgers,total:f5,San Diego Padres vs. Los Angeles Dodgers: 1st 5 Innings O/U 5.5,Over|Under,Under,2026-07-05T02:10:00Z,2026-07-05T10:10:00Z,2026-07-05T03:56:10Z,44.45,2026-07-05T02:10:00Z,2026-07-05T03:56:03Z,history-29f5cdc0-9b3e-5bf9-ac3b-00fa790e2d1b-compact.parquet
3224746f-c066-583c-bede-dbcb4b7d7181,0x31e30873f6f9c173fb83098403d4fb4fcb3cacd564e2f050e11ae3e95da4f06a,mlb,San Diego Padres vs. Los Angeles Dodgers - Player Props,rest,Max Muncy: Home Runs O/U 0.5,Over|Under,Under,2026-07-05T02:10:00Z,2026-07-05T10:10:00Z,2026-07-05T04:58:13Z,0.00,2026-07-05T02:10:00Z,2026-07-05T04:57:55Z,history-3224746f-c066-583c-bede-dbcb4b7d7181-compact.parquet
32fad341-bed5-545b-bc8f-d87ef0163f48,0xf8b803248ba3d17c52ae27d7374db9f70f8ec2cd6399ad287d7abb526e66a13d,mlb,San Diego Padres vs. Los Angeles Dodgers - Player Props,rest,Dalton Rushing: Home Runs O/U 0.5,Over|Under,Under,2026-07-05T02:10:00Z,2026-07-05T10:10:00Z,2026-07-05T04:58:28Z,0.00,2026-07-05T02:10:00Z,2026-07-05T04:58:23Z,history-32fad341-bed5-545b-bc8f-d87ef0163f48-compact.parquet
34da02f1-7cb3-5f7a-896c-ca1a6692df96,0xa225e009a108eb93600b4f9fcd50dc888e21345a8bea7a9f129976e8996fd1d6,mlb,San Diego Padres vs. Los Angeles Dodgers - Player Props,rest,Griffin Canning: Strikeouts O/U 4.5,Over|Under,Under,2026-07-05T02:10:00Z,2026-07-05T10:10:00Z,2026-07-05T04:58:14Z,0.00,2026-07-05T02:10:00Z,2026-07-05T04:57:04Z,history-34da02f1-7cb3-5f7a-896c-ca1a6692df96-compact.parquet
3d1b448a-90d7-5dd9-baae-a8dd2ebcb14f,0x1a0e1626a18132494a8b8829a42254be818f0a148042cf5ee8b47e733cbc66e4,mlb,San Diego Padres vs. Los Angeles Dodgers,total:f5,San Diego Padres vs. Los Angeles Dodgers: 1st 5 Innings O/U 4.5,Over|Under,Under,2026-07-05T02:10:00Z,2026-07-05T10:10:00Z,2026-07-05T03:56:09Z,2.17,2026-07-05T02:10:00Z,2026-07-05T03:55:59Z,history-3d1b448a-90d7-5dd9-baae-a8dd2ebcb14f-compact.parquet
45bac7ef-2d40-5854-b6eb-49ec031e7f50,0x05af9a97da46194a3f2a49cbacfaa8f4ff9f5dfbec03d9d181905af83992f152,mlb,San Diego Padres vs. Los Angeles Dodgers - Player Props,rest,Teoscar Hernández: Home Runs O/U 0.5,Over|Under,Under,2026-07-05T02:10:00Z,2026-07-05T10:10:00Z,2026-07-05T04:58:13Z,0.00,2026-07-05T02:10:00Z,2026-07-05T04:58:01Z,history-45bac7ef-2d40-5854-b6eb-49ec031e7f50-compact.parquet
4dc0a7e5-d88c-5e89-a9f4-e557ec400ff1,0x0c5d92e4ec421bca8d6899b756d8c7a320a69a60a797a24cb20f108c5df8e8c9,mlb,San Diego Padres vs. Los Angeles Dodgers,spread:f5,1st 5 Innings Spread: Los Angeles Dodgers (-2.5),Los Angeles Dodgers|San Diego Padres,San Diego Padres,2026-07-05T02:10:00Z,2026-07-05T10:10:00Z,2026-07-05T03:56:08Z,10.00,2026-07-05T02:10:00Z,2026-07-05T03:55:58Z,history-4dc0a7e5-d88c-5e89-a9f4-e557ec400ff1-compact.parquet
54b8da7c-63f9-5755-b6d3-08662f0ab4f2,0x1bcbb51c3f5cd124fc562db437f853a3a591e17e0129bd69214c40d0e56cc404,mlb,San Diego Padres vs. Los Angeles Dodgers,rest,Will there be a run scored in the first inning?: San Diego Padres vs. Los Angeles Dodgers,Yes|No,No,2026-07-05T02:10:00Z,2026-07-05T10:10:00Z,2026-07-05T02:42:54Z,776.16,2026-07-05T02:10:00Z,2026-07-05T02:41:52Z,history-54b8da7c-63f9-5755-b6d3-08662f0ab4f2-compact.parquet
588c70ce-bb33-5661-bdea-2e776f5ab70a,0x22c85100bd44a58d56b3f67713dc9fe0406a1b80cbc8a2ad5a96d844f0175177,mlb,San Diego Padres vs. Los Angeles Dodgers,total:f5,San Diego Padres vs. Los Angeles Dodgers: 1st 5 Innings O/U 6.5,Over|Under,Under,2026-07-05T02:10:00Z,2026-07-05T10:10:00Z,2026-07-05T03:56:08Z,0.00,2026-07-05T02:10:00Z,2026-07-05T03:55:43Z,history-588c70ce-bb33-5661-bdea-2e776f5ab70a-compact.parquet
5950d6c2-f1a1-5c09-9e6f-37c6a5017d8f,0x5d8255085687c852ab0112ad6c04d0d9321f977e274d0a2d3112669847bdb3d4,mlb,San Diego Padres vs. Los Angeles Dodgers,rest,Will the game go to extra innings?: San Diego Padres vs. Los Angeles Dodgers,Yes|No,No,2026-07-05T02:10:00Z,2026-07-05T10:10:00Z,2026-07-05T04:58:23Z,0.00,2026-07-05T02:10:00Z,2026-07-05T04:58:03Z,history-5950d6c2-f1a1-5c09-9e6f-37c6a5017d8f-compact.parquet
6c0a8552-1e7a-59d4-a789-5ef4615a610c,0xd7947a32d83d2201996160582f5f315053b524486bd35ebac07993c9817c143d,mlb,San Diego Padres vs. Los Angeles Dodgers - Player Props,rest,Kyle Tucker: Home Runs O/U 0.5,Over|Under,Under,2026-07-05T02:10:00Z,2026-07-05T10:10:00Z,2026-07-05T04:58:17Z,0.00,2026-07-05T02:10:00Z,2026-07-05T04:57:11Z,history-6c0a8552-1e7a-59d4-a789-5ef4615a610c-compact.parquet
6f11a23a-2072-568c-a790-f9649ff1d5c5,0x9e39e62cf165d88aa8fc34aba305e2d21be0d17d2f7cac916b5592442b3c40b9,mlb,San Diego Padres vs. Los Angeles Dodgers - Player Props,rest,Andy Pages: Home Runs O/U 0.5,Over|Under,Under,2026-07-05T02:10:00Z,2026-07-05T10:10:00Z,2026-07-05T04:58:23Z,0.00,2026-07-05T02:10:00Z,2026-07-05T04:58:05Z,history-6f11a23a-2072-568c-a790-f9649ff1d5c5-compact.parquet
930a4dd8-87eb-5cbc-a4c3-38bf0d5f60b0,0x4d3641973d71598c80339508deb8ebd8dcf0da89d9005789a6ca96e978ee0b67,mlb,San Diego Padres vs. Los Angeles Dodgers - Player Props,rest,Tommy Edman: Home Runs O/U 0.5,Over|Under,Under,2026-07-05T02:10:00Z,2026-07-05T10:10:00Z,2026-07-05T04:58:16Z,0.00,2026-07-05T02:10:00Z,2026-07-05T04:57:47Z,history-930a4dd8-87eb-5cbc-a4c3-38bf0d5f60b0-compact.parquet
933dd8b9-2d22-505d-b26a-7be200820308,0xa29e67d5ddfdf7ef43731931f656ea37c7b7f11f2021b91dc4ed9bb294fe8e2b,mlb,San Diego Padres vs. Los Angeles Dodgers,moneyline,San Diego Padres vs. Los Angeles Dodgers,San Diego Padres|Los Angeles Dodgers,Los Angeles Dodgers,2026-07-05T02:10:00Z,2026-07-05T10:10:00Z,2026-07-05T04:58:30Z,55631.60,2026-07-05T02:10:00Z,2026-07-05T04:58:20Z,history-933dd8b9-2d22-505d-b26a-7be200820308-compact.parquet
9552f02e-c0cc-58df-b37a-402f943e4845,0x1654b03be19803eeb77ef1fda785ff0f30e9221b6f2c00033526db98333c8dad,mlb,San Diego Padres vs. Los Angeles Dodgers - Player Props,rest,Griffin Canning: Strikeouts O/U 3.5,Over|Under,Over,2026-07-05T02:10:00Z,2026-07-05T10:10:00Z,2026-07-05T04:58:16Z,0.00,2026-07-05T02:10:00Z,2026-07-05T04:57:24Z,history-9552f02e-c0cc-58df-b37a-402f943e4845-compact.parquet
9f72af1d-86d6-5f13-93e3-6e812404e207,0x1d963cebba8eefe4ee2b9c0f7df106a7769e699e685c09193fae43ecc7868087,mlb,San Diego Padres vs. Los Angeles Dodgers,spread:f5,1st 5 Innings Spread: Los Angeles Dodgers (-1.5),Los Angeles Dodgers|San Diego Padres,San Diego Padres,2026-07-05T02:10:00Z,2026-07-05T10:10:00Z,2026-07-05T03:56:09Z,268.76,2026-07-05T02:10:00Z,2026-07-05T03:55:44Z,history-9f72af1d-86d6-5f13-93e3-6e812404e207-compact.parquet
a8cf72ea-677f-53d2-9489-f2612116f967,0xe2dde6bdbe7a105710efdc7fd8149c2a234a229280b2a90165977c6bc9e5ebe5,mlb,San Diego Padres vs. Los Angeles Dodgers - Player Props,rest,Fernando Tatis Jr.: Home Runs O/U 0.5,Over|Under,Under,2026-07-05T02:10:00Z,2026-07-05T10:10:00Z,2026-07-05T04:58:30Z,0.00,2026-07-05T02:10:00Z,2026-07-05T04:57:54Z,history-a8cf72ea-677f-53d2-9489-f2612116f967-compact.parquet
a94d6c35-2f77-55f0-afdd-f1617b8a54a2,0x3958198b899a4ce5d80d0f64924aec7fb080d418bed98dd9ebfc650b41cbe908,mlb,San Diego Padres vs. Los Angeles Dodgers - Player Props,rest,Manny Machado: Home Runs O/U 0.5,Over|Under,Under,2026-07-05T02:10:00Z,2026-07-05T10:10:00Z,2026-07-05T04:58:22Z,0.00,2026-07-05T02:10:00Z,2026-07-05T04:58:00Z,history-a94d6c35-2f77-55f0-afdd-f1617b8a54a2-compact.parquet
b12707f3-964d-5fbd-89d2-07ab28ceb1de,0x0e491778dd079cd67bd019ca39a30bb859f3db5eeda78bf99d53e22b0ecb483a,mlb,San Diego Padres vs. Los Angeles Dodgers - Player Props,rest,Yoshinobu Yamamoto: Strikeouts O/U 6.5,Over|Under,Over,2026-07-05T02:10:00Z,2026-07-05T10:10:00Z,2026-07-05T04:58:26Z,0.00,2026-07-05T02:10:00Z,2026-07-05T04:58:04Z,history-b12707f3-964d-5fbd-89d2-07ab28ceb1de-compact.parquet
b1405923-05b5-5bd6-ba1c-294b1e19ece3,0xf3300ad96394c2331f0dfc0f8383f1a55a66b169a556d23254945dc220290f73,mlb,San Diego Padres vs. Los Angeles Dodgers,spread:f5,1st 5 Innings Spread: San Diego Padres (-2.5),San Diego Padres|Los Angeles Dodgers,Los Angeles Dodgers,2026-07-05T02:10:00Z,2026-07-05T10:10:00Z,2026-07-05T03:56:09Z,0.00,2026-07-05T02:10:00Z,2026-07-05T03:55:44Z,history-b1405923-05b5-5bd6-ba1c-294b1e19ece3-compact.parquet
bdb8af10-faee-5180-b965-5a3f254c195f,0x6d4c4bdd8db5fdb378bdd810687fe2f6cb5777ff8bb2bc0349f094af9277e289,mlb,San Diego Padres vs. Los Angeles Dodgers,total,San Diego Padres vs. Los Angeles Dodgers: O/U 8.5,Over|Under,Under,2026-07-05T02:10:00Z,2026-07-05T10:10:00Z,2026-07-05T04:58:28Z,40136.34,2026-07-05T02:10:00Z,2026-07-05T04:58:17Z,history-bdb8af10-faee-5180-b965-5a3f254c195f-compact.parquet
c22bab93-d6f0-5cc7-aafa-e2ec01f635f3,0x3cac9b394a2999e8c6bf852c147e358e9e21be84a86c998a45f303dcf6fc4f5b,mlb,San Diego Padres vs. Los Angeles Dodgers,total:f5,San Diego Padres vs. Los Angeles Dodgers: 1st 5 Innings O/U 3.5,Over|Under,Under,2026-07-05T02:10:00Z,2026-07-05T10:10:00Z,2026-07-05T03:56:10Z,0.00,2026-07-05T02:10:00Z,2026-07-05T03:55:40Z,history-c22bab93-d6f0-5cc7-aafa-e2ec01f635f3-compact.parquet
ca6d771d-9907-56da-ae27-c9d315b47bc0,0x4a2de0a559be9de42dea377418146d6eb08a238a6b5b2c2a9ead065b6748e379,mlb,San Diego Padres vs. Los Angeles Dodgers - Player Props,rest,Ty France: Home Runs O/U 0.5,Over|Under,Under,2026-07-05T02:10:00Z,2026-07-05T10:10:00Z,2026-07-05T04:58:32Z,7.37,2026-07-05T02:10:00Z,2026-07-05T04:58:00Z,history-ca6d771d-9907-56da-ae27-c9d315b47bc0-compact.parquet
eaa35d69-5e17-5903-b234-8d330d2aafa7,0xd2ef2c908f26d61a9c77afedac8c4fef287c39d786e5532ff7fedffdbdb1b17a,mlb,San Diego Padres vs. Los Angeles Dodgers,spread:f5,1st 5 Innings Spread: San Diego Padres (-1.5),San Diego Padres|Los Angeles Dodgers,Los Angeles Dodgers,2026-07-05T02:10:00Z,2026-07-05T10:10:00Z,2026-07-05T03:56:09Z,0.00,2026-07-05T02:10:00Z,2026-07-05T03:55:58Z,history-eaa35d69-5e17-5903-b234-8d330d2aafa7-compact.parquet
094e2faf-0dd9-5860-a813-705dcb7b0a67,0x16ea3f26847a82658b09d78e87ded129b8331f45855bb278dbefee3a603d1e12,mlb,New York Mets vs. Atlanta Braves,rest,Will the game go to extra innings?: New York Mets vs. Atlanta Braves,Yes|No,No,2026-07-05T16:30:00Z,2026-07-06T00:30:00Z,2026-07-05T21:38:26Z,10.02,2026-07-05T16:30:00Z,2026-07-05T21:38:21Z,history-094e2faf-0dd9-5860-a813-705dcb7b0a67-compact.parquet
0a4a6e35-e8c8-562d-8357-cd58aeb86111,0x446e99a7c703ca91a61f4bdf0c073241d572844737b81b043ec0ec6363df7891,mlb,New York Mets vs. Atlanta Braves,spread:f5,1st 5 Innings Spread: Atlanta Braves (-1.5),Atlanta Braves|New York Mets,New York Mets,2026-07-05T16:30:00Z,2026-07-06T00:30:00Z,2026-07-05T20:08:22Z,66.78,2026-07-05T16:30:00Z,2026-07-05T20:07:58Z,history-0a4a6e35-e8c8-562d-8357-cd58aeb86111-compact.parquet
0c24ff8f-d710-58e5-a555-081bd827f86d,0x4e5f1eac623e2195b69cafeb1f7264c0297c8781e2fcac4e513e4b51d4e57d8a,mlb,New York Mets vs. Atlanta Braves,total:f5,New York Mets vs. Atlanta Braves: 1st 5 Innings O/U 6.5,Over|Under,Over,2026-07-05T16:30:00Z,2026-07-06T00:30:00Z,2026-07-05T19:07:51Z,54.30,2026-07-05T16:30:00Z,2026-07-05T19:07:00Z,history-0c24ff8f-d710-58e5-a555-081bd827f86d-compact.parquet
11054fc6-da85-5be3-9133-9548a6104fa1,0x87d01f6df1ace6b16fc6a77c72eea3393909a43c089355bd87436b3e7e497612,mlb,New York Mets vs. Atlanta Braves,moneyline,New York Mets vs. Atlanta Braves,New York Mets|Atlanta Braves,New York Mets,2026-07-05T16:30:00Z,2026-07-06T00:30:00Z,2026-07-05T21:38:44Z,107394.74,2026-07-05T16:30:00Z,2026-07-05T21:38:09Z,history-11054fc6-da85-5be3-9133-9548a6104fa1-compact.parquet
17785407-d88a-5452-a9e4-5baf8d26d76d,0x4d6c6ab118b28d9f9e9a1129a8c61980dfc2f8aa2d1427f32660b56a019cc602,mlb,New York Mets vs. Atlanta Braves,total:f5,New York Mets vs. Atlanta Braves: 1st 5 Innings O/U 4.5,Over|Under,Over,2026-07-05T16:30:00Z,2026-07-06T00:30:00Z,2026-07-05T18:59:41Z,225.00,2026-07-05T16:30:00Z,2026-07-05T18:58:59Z,history-17785407-d88a-5452-a9e4-5baf8d26d76d-compact.parquet
1ce359a9-a795-5f67-a1dc-426cbed563b1,0xa2e7aa49327f9f91970355d7da936d2b43f7a6815cd90d47e6c6ec73223ab7b2,mlb,New York Mets vs. Atlanta Braves - Player Props,rest,Martín Pérez: Strikeouts O/U 4.5,Over|Under,Under,2026-07-05T16:30:00Z,2026-07-06T00:30:00Z,2026-07-05T21:38:39Z,0.00,2026-07-05T16:30:00Z,2026-07-05T21:38:28Z,history-1ce359a9-a795-5f67-a1dc-426cbed563b1-compact.parquet
214a32af-8840-57cd-8314-9394db825f81,0x4743d054a92e05fb0b5516357e5eb8dd97b48ae8518e06704a3be043904d3362,mlb,New York Mets vs. Atlanta Braves - Player Props,rest,Matt Olson: Home Runs O/U 0.5,Over|Under,Under,2026-07-05T16:30:00Z,2026-07-06T00:30:00Z,2026-07-05T21:38:30Z,0.00,2026-07-05T16:30:00Z,2026-07-05T21:37:38Z,history-214a32af-8840-57cd-8314-9394db825f81-compact.parquet
21692595-2f46-5c02-ad97-dc4930afeec7,0xb1b57b232dd52b4b9b0d0dcb2446a79b8e462a1acd37145ac2f0b0c4ff16537c,mlb,New York Mets vs. Atlanta Braves - Player Props,rest,Nolan McLean: Strikeouts O/U 6.5,Over|Under,Under,2026-07-05T16:30:00Z,2026-07-06T00:30:00Z,2026-07-05T21:38:45Z,75.00,2026-07-05T16:30:00Z,2026-07-05T21:38:40Z,history-21692595-2f46-5c02-ad97-dc4930afeec7-compact.parquet
2285641f-be59-5972-b2c9-83d85a9c0d36,0x8b6ee953b015084a18d6529919f41836adb74b5a8776d121f6791f07065b3d86,mlb,New York Mets vs. Atlanta Braves,rest,Will there be a run scored in the first inning?: New York Mets vs. Atlanta Braves,Yes|No,Yes,2026-07-05T16:30:00Z,2026-07-06T00:30:00Z,2026-07-05T18:40:22Z,159.94,2026-07-05T16:30:00Z,2026-07-05T18:39:52Z,history-2285641f-be59-5972-b2c9-83d85a9c0d36-compact.parquet
3d460c19-b72f-5e97-a84d-a45dbca40eef,0x7c378d5f1665ed3a5997b8984ba3f45203152ad04e4dc326b11a3ef84e529086,mlb,New York Mets vs. Atlanta Braves - Player Props,rest,Juan Soto: Home Runs O/U 1.5,Over|Under,Under,2026-07-05T16:30:00Z,2026-07-06T00:30:00Z,2026-07-05T21:38:29Z,0.00,2026-07-05T16:30:00Z,2026-07-05T21:38:28Z,history-3d460c19-b72f-5e97-a84d-a45dbca40eef-compact.parquet
3ed14dab-6ff1-5461-bed1-95f7a0131be7,0xfe550708efff1ab15674f778aabb2a70d29bc7d3626b47efa5417dcb58106f62,mlb,New York Mets vs. Atlanta Braves - Player Props,rest,Mauricio Dubón: Home Runs O/U 0.5,Over|Under,Under,2026-07-05T16:30:00Z,2026-07-06T00:30:00Z,2026-07-05T21:38:39Z,0.00,2026-07-05T16:30:00Z,2026-07-05T21:38:25Z,history-3ed14dab-6ff1-5461-bed1-95f7a0131be7-compact.parquet
40ace5df-6836-5b06-91c8-654cbd5336d9,0x04c489e549a1ee083a9be9d55138cddfd810a04c7495d23519a9fab14732c81f,mlb,New York Mets vs. Atlanta Braves - Player Props,rest,Michael Harris II: Home Runs O/U 0.5,Over|Under,Under,2026-07-05T16:30:00Z,2026-07-06T00:30:00Z,2026-07-05T21:38:42Z,0.00,2026-07-05T16:30:00Z,2026-07-05T21:38:28Z,history-40ace5df-6836-5b06-91c8-654cbd5336d9-compact.parquet
44928b2d-8324-5df0-ad4f-57255fc83c8a,0x4ed21074e792d7bfdf398820d9b6c2e473c25e6a42b3d2d496df135e622124f8,mlb,New York Mets vs. Atlanta Braves,spread:f5,1st 5 Innings Spread: New York Mets (-1.5),New York Mets|Atlanta Braves,New York Mets,2026-07-05T16:30:00Z,2026-07-06T00:30:00Z,2026-07-05T20:08:21Z,23.94,2026-07-05T16:30:00Z,2026-07-05T20:07:10Z,history-44928b2d-8324-5df0-ad4f-57255fc83c8a-compact.parquet
4e111612-c87a-54d8-8ff6-764053b1e335,0xb49347e7876d1ea0e92e37be40fbd33bba1a867357b51460fe4f12e748d1f804,mlb,New York Mets vs. Atlanta Braves - Player Props,rest,Carson Benge: Home Runs O/U 0.5,Over|Under,Under,2026-07-05T16:30:00Z,2026-07-06T00:30:00Z,2026-07-05T21:38:43Z,0.00,2026-07-05T16:30:00Z,2026-07-05T21:38:21Z,history-4e111612-c87a-54d8-8ff6-764053b1e335-compact.parquet
522a766e-eb2c-524f-b01a-97e79d421464,0xbcafacdd2af62beae41143b6f21df09cef9549aa5098f34d303ec598ee5f1b94,mlb,New York Mets vs. Atlanta Braves - First 5 Innings Winner,rest,Atlanta Braves winning after 5 innings?,Yes|No,No,2026-07-05T16:30:00Z,2026-07-06T00:30:00Z,2026-07-05T20:08:53Z,0.00,2026-07-05T16:30:00Z,2026-07-05T20:07:22Z,history-522a766e-eb2c-524f-b01a-97e79d421464-compact.parquet
56d77acf-ca7d-5a43-93db-1c5892c149ca,0xd4ae64bba0a4d5043366eb5d23c53a1817990cb118faaeceb49629da85521fea,mlb,New York Mets vs. Atlanta Braves - Player Props,rest,Bo Bichette: Home Runs O/U 0.5,Over|Under,Under,2026-07-05T16:30:00Z,2026-07-06T00:30:00Z,2026-07-05T21:38:26Z,0.00,2026-07-05T16:30:00Z,2026-07-05T21:37:30Z,history-56d77acf-ca7d-5a43-93db-1c5892c149ca-compact.parquet
669ecdcc-4d5e-594f-95ce-315ed4fa053c,0x174f97af030c5d132ac5c1fc65376952d219e5125801039e1ab56b15169d81cf,mlb,New York Mets vs. Atlanta Braves - Player Props,rest,Francisco Alvarez: Home Runs O/U 1.5,Over|Under,Under,2026-07-05T16:30:00Z,2026-07-06T00:30:00Z,2026-07-05T21:38:31Z,5.01,2026-07-05T16:30:00Z,2026-07-05T21:37:39Z,history-669ecdcc-4d5e-594f-95ce-315ed4fa053c-compact.parquet
73fce88f-8e0e-57e3-9979-6a06e3265c51,0x83795da975a0b6f78bab3b48ee3203b0c7c7c67a402c1d6dd0367a0540ae8b67,mlb,New York Mets vs. Atlanta Braves - First 5 Innings Winner,rest,New York Mets winning after 5 innings?,Yes|No,Yes,2026-07-05T16:30:00Z,2026-07-06T00:30:00Z,2026-07-05T20:11:49Z,0.00,2026-07-05T16:30:00Z,2026-07-05T20:10:08Z,history-73fce88f-8e0e-57e3-9979-6a06e3265c51-compact.parquet
766180a3-646b-5941-875c-618a9b9a5bf7,0x921dc962611c6fa2eeae820ae165c26284ce5131e8171cc8c2205bdd9e696e05,mlb,New York Mets vs. Atlanta Braves - Player Props,rest,Juan Soto: Home Runs O/U 0.5,Over|Under,Under,2026-07-05T16:30:00Z,2026-07-06T00:30:00Z,2026-07-05T21:38:30Z,0.00,2026-07-05T16:30:00Z,2026-07-05T21:37:38Z,history-766180a3-646b-5941-875c-618a9b9a5bf7-compact.parquet
78b8f620-87c3-580e-97a6-ffd720359fd1,0x73a32f071bb64b769d282e7b6638b04ec2a956e95aa16e553ec2d3b33a5f04d1,mlb,New York Mets vs. Atlanta Braves - Player Props,rest,Ozzie Albies: Home Runs O/U 0.5,Over|Under,Under,2026-07-05T16:30:00Z,2026-07-06T00:30:00Z,2026-07-05T21:38:39Z,0.00,2026-07-05T16:30:00Z,2026-07-05T21:38:25Z,history-78b8f620-87c3-580e-97a6-ffd720359fd1-compact.parquet
7c70ecf8-dd57-5b6a-8453-9a51983aa108,0x618eab0b9271c3bac271e32b9e13fae7c4b05c852c2e04f07f8668f0ef3b0292,mlb,New York Mets vs. Atlanta Braves - Player Props,rest,Mark Vientos: Home Runs O/U 0.5,Over|Under,Under,2026-07-05T16:30:00Z,2026-07-06T00:30:00Z,2026-07-05T21:38:30Z,0.00,2026-07-05T16:30:00Z,2026-07-05T21:37:40Z,history-7c70ecf8-dd57-5b6a-8453-9a51983aa108-compact.parquet
7c7eaede-3250-5951-8e91-9383759d75fc,0xec6650f3526744d945ca92167fe27d0f1ba5df48d3498a7b83ed405216f9d4f8,mlb,New York Mets vs. Atlanta Braves - Player Props,rest,Drake Baldwin: Home Runs O/U 0.5,Over|Under,Over,2026-07-05T16:30:00Z,2026-07-06T00:30:00Z,2026-07-05T21:38:28Z,0.00,2026-07-05T16:30:00Z,2026-07-05T21:38:21Z,history-7c7eaede-3250-5951-8e91-9383759d75fc-compact.parquet
7de70b4c-7a2b-5724-9f6a-86204baf94b0,0xae88aefdb6722c38e3a9e10c2e1d897dbf60672ab83bdc66e28d3dfcf369a473,mlb,New York Mets vs. Atlanta Braves,spread:f5,1st 5 Innings Spread: Atlanta Braves (-2.5),Atlanta Braves|New York Mets,New York Mets,2026-07-05T16:30:00Z,2026-07-06T00:30:00Z,2026-07-05T20:08:22Z,212.37,2026-07-05T16:30:00Z,2026-07-05T20:07:23Z,history-7de70b4c-7a2b-5724-9f6a-86204baf94b0-compact.parquet
82023c42-1e60-5fad-b5a9-5ff1af700850,0xc956a039344884c4929636c2c4b35281eb06aa67c3171ac836215d1705b8f567,mlb,New York Mets vs. Atlanta Braves - Player Props,rest,Martín Pérez: Strikeouts O/U 3.5,Over|Under,Under,2026-07-05T16:30:00Z,2026-07-06T00:30:00Z,2026-07-05T21:38:41Z,0.00,2026-07-05T16:30:00Z,2026-07-05T21:38:30Z,history-82023c42-1e60-5fad-b5a9-5ff1af700850-compact.parquet
9a97100e-a2ba-545f-b667-bb8f8d1ce925,0x1f8bfa639ca110dfd1fbb4b509657e6effb0d6fe4f5cd79cc84882b48dff78fe,mlb,New York Mets vs. Atlanta Braves - First 5 Innings Winner,rest,New York Mets vs. Atlanta Braves: Tied after 5 innings?,Yes|No,No,2026-07-05T16:30:00Z,2026-07-06T00:30:00Z,2026-07-05T20:08:52Z,0.00,2026-07-05T16:30:00Z,2026-07-05T20:07:25Z,history-9a97100e-a2ba-545f-b667-bb8f8d1ce925-compact.parquet
a8833a3d-53bb-5242-b2dd-e960a0c9d143,0xacb4151d834575d57e938d851d1746a9e0fed6367df08c959103d9f49e9c48e3,mlb,New York Mets vs. Atlanta Braves,total,New York Mets vs. Atlanta Braves: O/U 9.5,Over|Under,Over,2026-07-05T16:30:00Z,2026-07-06T00:30:00Z,2026-07-05T21:13:24Z,5506.50,2026-07-05T16:30:00Z,2026-07-05T21:12:48Z,history-a8833a3d-53bb-5242-b2dd-e960a0c9d143-compact.parquet
af6f4467-9546-59ee-aca4-969c4c113a4e,0xf025a3df3fd5e84a1dd7bdcb75cb380d16ef493f56adafcd02a1333c5d21b684,mlb,New York Mets vs. Atlanta Braves,spread:f5,1st 5 Innings Spread: New York Mets (-2.5),New York Mets|Atlanta Braves,Atlanta Braves,2026-07-05T16:30:00Z,2026-07-06T00:30:00Z,2026-07-05T20:08:17Z,0.00,2026-07-05T16:30:00Z,2026-07-05T20:07:43Z,history-af6f4467-9546-59ee-aca4-969c4c113a4e-compact.parquet
b1ac0e0e-21e3-50e5-8b46-f93f2cd51b09,0x05dd99cd3824daffb334c02f362821bf03e63eddfc23520984d0f38ecd2b934f,mlb,New York Mets vs. Atlanta Braves - Player Props,rest,Francisco Alvarez: Home Runs O/U 0.5,Over|Under,Under,2026-07-05T16:30:00Z,2026-07-06T00:30:00Z,2026-07-05T21:38:29Z,0.00,2026-07-05T16:30:00Z,2026-07-05T21:37:44Z,history-b1ac0e0e-21e3-50e5-8b46-f93f2cd51b09-compact.parquet
bb850d7f-3d3a-5ba0-b996-e025211c454c,0xd33fbdefbe12c693c19208eeeffcd32061f940aac9f8a8d29bd15ea262cdccad,mlb,New York Mets vs. Atlanta Braves,spread,Spread: Atlanta Braves (-1.5),Atlanta Braves|New York Mets,New York Mets,2026-07-05T16:30:00Z,2026-07-06T00:30:00Z,2026-07-05T21:38:26Z,9071.47,2026-07-05T16:30:00Z,2026-07-05T21:37:55Z,history-bb850d7f-3d3a-5ba0-b996-e025211c454c-compact.parquet
bcdae957-0f59-5c0d-adf8-de7fec90fe68,0x73f5d7873b803d9289de625c898bd49ce04050b41f83ea9b6433a34b81214ae4,mlb,New York Mets vs. Atlanta Braves - Player Props,rest,Dominic Smith: Home Runs O/U 0.5,Over|Under,Under,2026-07-05T16:30:00Z,2026-07-06T00:30:00Z,2026-07-05T21:38:42Z,0.00,2026-07-05T16:30:00Z,2026-07-05T21:38:21Z,history-bcdae957-0f59-5c0d-adf8-de7fec90fe68-compact.parquet
d5cd89a0-f064-53b7-aed0-315b68910be7,0x0bf581219ae4a1b054fcfaf9a1913c393fcc1b0489156441ae0be916887c44eb,mlb,New York Mets vs. Atlanta Braves,spread,Spread: New York Mets (-1.5),New York Mets|Atlanta Braves,Atlanta Braves,2026-07-05T16:30:00Z,2026-07-06T00:30:00Z,2026-07-05T21:38:29Z,1389.23,2026-07-05T16:30:00Z,2026-07-05T21:37:56Z,history-d5cd89a0-f064-53b7-aed0-315b68910be7-compact.parquet
e82a8e7a-a366-502b-9b9f-539031b3c5ad,0xa2632a49c59c7ba175e08921b1dc8c3f2362fd2a5b6279c722ec7a4c340c656a,mlb,New York Mets vs. Atlanta Braves - Player Props,rest,Matt Olson: Home Runs O/U 1.5,Over|Under,Under,2026-07-05T16:30:00Z,2026-07-06T00:30:00Z,2026-07-05T21:38:41Z,0.00,2026-07-05T16:30:00Z,2026-07-05T21:38:11Z,history-e82a8e7a-a366-502b-9b9f-539031b3c5ad-compact.parquet
f2cc28b9-a1f4-5556-95cc-0dec8c4f6d03,0x494cdfd3990aff8336f2bdc74678ede8841d0e0d8936479db6790c47deda4a63,mlb,New York Mets vs. Atlanta Braves - Player Props,rest,Nolan McLean: Strikeouts O/U 5.5,Over|Under,Under,2026-07-05T16:30:00Z,2026-07-06T00:30:00Z,2026-07-05T21:38:43Z,100.00,2026-07-05T16:30:00Z,2026-07-05T21:38:39Z,history-f2cc28b9-a1f4-5556-95cc-0dec8c4f6d03-compact.parquet
f3c312c1-f077-5dfc-8f79-f6231933c91c,0xee56d55231ce639662be0a834837973a25a1441199402c1e71dc5aa8fed0a3b5,mlb,New York Mets vs. Atlanta Braves,total:f5,New York Mets vs. Atlanta Braves: 1st 5 Innings O/U 2.5,Over|Under,Over,2026-07-05T16:30:00Z,2026-07-06T00:30:00Z,2026-07-05T18:53:21Z,1.40,2026-07-05T16:30:00Z,2026-07-05T18:52:51Z,history-f3c312c1-f077-5dfc-8f79-f6231933c91c-compact.parquet
f7fa55d8-8c66-5754-ae23-227e09854b3b,0xea63a0e3f938ab241563862703aa8122bd9d226a60824ec33d60afede10036e0,mlb,New York Mets vs. Atlanta Braves - Player Props,rest,Francisco Lindor: Home Runs O/U 0.5,Over|Under,Under,2026-07-05T16:30:00Z,2026-07-06T00:30:00Z,2026-07-05T21:38:30Z,0.00,2026-07-05T16:30:00Z,2026-07-05T21:38:12Z,history-f7fa55d8-8c66-5754-ae23-227e09854b3b-compact.parquet
f93a370f-c747-5129-bc46-3f62f6847af1,0xba75994436a8e11b20a3ee76641b39af5dbfbc37a015f4221de8020c9f22fd9e,mlb,New York Mets vs. Atlanta Braves,total:f5,New York Mets vs. Atlanta Braves: 1st 5 Innings O/U 3.5,Over|Under,Over,2026-07-05T16:30:00Z,2026-07-06T00:30:00Z,2026-07-05T18:54:53Z,0.00,2026-07-05T16:30:00Z,2026-07-05T18:54:06Z,history-f93a370f-c747-5129-bc46-3f62f6847af1-compact.parquet
fd702866-8c59-5276-9f3e-cbbb425dcef0,0x56ed5b5f34e8203c575731e873f8cf4f6b09c2582e841410c1455e0a5f429464,mlb,New York Mets vs. Atlanta Braves,total:f5,New York Mets vs. Atlanta Braves: 1st 5 Innings O/U 5.5,Over|Under,Over,2026-07-05T16:30:00Z,2026-07-06T00:30:00Z,2026-07-05T19:05:38Z,219.00,2026-07-05T16:30:00Z,2026-07-05T19:05:16Z,history-fd702866-8c59-5276-9f3e-cbbb425dcef0-compact.parquet
04cc66d1-2176-5ddf-818c-2afa4dabbcf2,0x008461a20b405abd26e68249e863250a8de1b70b1331f84706a78d91e0d57fef,mlb,Pittsburgh Pirates vs. Washington Nationals,total:f5,Pittsburgh Pirates vs. Washington Nationals: 1st 5 Innings O/U 3.5,Over|Under,Over,2026-07-05T17:00:00Z,2026-07-06T01:00:00Z,2026-07-05T18:08:27Z,0.00,2026-07-05T17:00:00Z,2026-07-05T18:07:47Z,history-04cc66d1-2176-5ddf-818c-2afa4dabbcf2-compact.parquet
0aa29598-0c24-5fbf-a6e6-a641040da595,0x9f229cea1b56597c278b825f3c15d8c0313b1f2eafef5b65789e4e90ae07a6f8,mlb,Pittsburgh Pirates vs. Washington Nationals - Player Props,rest,Keibert Ruiz: Home Runs O/U 0.5,Over|Under,Under,2026-07-05T17:00:00Z,2026-07-06T01:00:00Z,2026-07-05T20:52:26Z,0.00,2026-07-05T17:00:00Z,2026-07-05T20:51:35Z,history-0aa29598-0c24-5fbf-a6e6-a641040da595-compact.parquet
16e33768-18f1-5521-9e81-9de9b0be03a3,0x30d7f0cadf3d133a35d1c3fd44eb6d5fad38d6bc8d849f076c5bc89acf2e022d,mlb,Pittsburgh Pirates vs. Washington Nationals - Player Props,rest,Konnor Griffin: Home Runs O/U 0.5,Over|Under,Under,2026-07-05T17:00:00Z,2026-07-06T01:00:00Z,2026-07-05T20:52:28Z,0.00,2026-07-05T17:00:00Z,2026-07-05T20:52:16Z,history-16e33768-18f1-5521-9e81-9de9b0be03a3-compact.parquet
1b2abedc-8581-523c-8daa-29dfcdc09da9,0xc1f67369b2a7dd3aa9daa2fbd4cb08f94a57de2babad645a244defe44df37d8c,mlb,Pittsburgh Pirates vs. Washington Nationals - Player Props,rest,Cade Cavalli: Strikeouts O/U 5.5,Over|Under,Under,2026-07-05T17:00:00Z,2026-07-06T01:00:00Z,2026-07-05T20:52:13Z,0.00,2026-07-05T17:00:00Z,2026-07-05T20:51:35Z,history-1b2abedc-8581-523c-8daa-29dfcdc09da9-compact.parquet
1bf317eb-84dd-5b4f-9807-ab18d693f260,0x49b2a42c70e551ef2b1d55992d35100712e919deab506fdf3f0bac96c000cc5e,mlb,Pittsburgh Pirates vs. Washington Nationals - Player Props,rest,Curtis Mead: Home Runs O/U 0.5,Over|Under,Under,2026-07-05T17:00:00Z,2026-07-06T01:00:00Z,2026-07-05T20:52:21Z,0.00,2026-07-05T17:00:00Z,2026-07-05T20:51:18Z,history-1bf317eb-84dd-5b4f-9807-ab18d693f260-compact.parquet
1ec27f19-187b-55cb-a018-a42609215791,0x7ad66f514549b2a18af5e91ed5905adc0f108e6bb8941397b522740d69797405,mlb,Pittsburgh Pirates vs. Washington Nationals - First 5 Innings Winner,rest,Pittsburgh Pirates vs. Washington Nationals: Tied after 5 innings?,Yes|No,Yes,2026-07-05T17:00:00Z,2026-07-06T01:00:00Z,2026-07-05T19:31:55Z,5.00,2026-07-05T17:00:00Z,2026-07-05T19:31:10Z,history-1ec27f19-187b-55cb-a018-a42609215791-compact.parquet
1ec612a0-c744-579d-a7e1-3b0bd100cffe,0xd2ba4badac12e060e594fbeeec984e636ef492d3762ab9c6c468902f030a39e7,mlb,Pittsburgh Pirates vs. Washington Nationals - First 5 Innings Winner,rest,Washington Nationals winning after 5 innings?,Yes|No,No,2026-07-05T17:00:00Z,2026-07-06T01:00:00Z,2026-07-05T19:28:25Z,0.00,2026-07-05T17:00:00Z,2026-07-05T19:27:10Z,history-1ec612a0-c744-579d-a7e1-3b0bd100cffe-compact.parquet
1f189727-4a81-5178-b992-50f7abe6cc3e,0xc5b9ff3fa18ec2ee180dca8716f56a015280e688844ba5a4d86d3594b9d07ab3,mlb,Pittsburgh Pirates vs. Washington Nationals - Player Props,rest,Brandon Lowe: Home Runs O/U 0.5,Over|Under,Over,2026-07-05T17:00:00Z,2026-07-06T01:00:00Z,2026-07-05T20:52:21Z,0.00,2026-07-05T17:00:00Z,2026-07-05T20:51:35Z,history-1f189727-4a81-5178-b992-50f7abe6cc3e-compact.parquet
2910ed28-4709-5b7f-baef-239a2eea63d9,0xa326bb3d24f8bcdc330f5578a9a014fd1c14666952e08d7b49e71b636df6047d,mlb,Pittsburgh Pirates vs. Washington Nationals - Player Props,rest,Bubba Chandler: Strikeouts O/U 4.5,Over|Under,Under,2026-07-05T17:00:00Z,2026-07-06T01:00:00Z,2026-07-05T20:52:14Z,275.00,2026-07-05T17:00:00Z,2026-07-05T20:51:30Z,history-2910ed28-4709-5b7f-baef-239a2eea63d9-compact.parquet
3b93e37f-4d2c-5246-9be3-efe128503170,0x8e40f0810063b1b144534e7a4261d92446f620de551058e4704b1a81056f6eed,mlb,Pittsburgh Pirates vs. Washington Nationals,rest,Will there be a run scored in the first inning?: Pittsburgh Pirates vs. Washington Nationals,Yes|No,No,2026-07-05T17:00:00Z,2026-07-06T01:00:00Z,2026-07-05T17:39:42Z,51.92,2026-07-05T17:00:00Z,2026-07-05T17:39:35Z,history-3b93e37f-4d2c-5246-9be3-efe128503170-compact.parquet
42a01390-d7d4-5454-b857-3f865a34f55d,0x5edfd3b45f9861cf54cd1978e008d07268de8dba50abd584450f5bed5dba9db5,mlb,Pittsburgh Pirates vs. Washington Nationals - Player Props,rest,CJ Abrams: Home Runs O/U 0.5,Over|Under,Under,2026-07-05T17:00:00Z,2026-07-06T01:00:00Z,2026-07-05T20:52:22Z,0.00,2026-07-05T17:00:00Z,2026-07-05T20:51:35Z,history-42a01390-d7d4-5454-b857-3f865a34f55d-compact.parquet
558f5eae-1677-5b68-9bd5-a96e31c70dc2,0xa0f9044156426d96540a8bdbaad875b3a7045d6476742afc225a47e7fa39d861,mlb,Pittsburgh Pirates vs. Washington Nationals - Player Props,rest,Bryan Reynolds: Home Runs O/U 0.5,Over|Under,Over,2026-07-05T17:00:00Z,2026-07-06T01:00:00Z,2026-07-05T20:52:27Z,0.00,2026-07-05T17:00:00Z,2026-07-05T20:51:51Z,history-558f5eae-1677-5b68-9bd5-a96e31c70dc2-compact.parquet
5ca00399-1340-5dab-b3b5-73a433a1f634,0x351c0e8b349861d408be62ac8d5ae2162512a4f7c58d09d702565bf1ed31c83d,mlb,Pittsburgh Pirates vs. Washington Nationals,spread:f5,1st 5 Innings Spread: Washington Nationals (-2.5),Washington Nationals|Pittsburgh Pirates,Pittsburgh Pirates,2026-07-05T17:00:00Z,2026-07-06T01:00:00Z,2026-07-05T19:27:34Z,0.00,2026-07-05T17:00:00Z,2026-07-05T19:26:58Z,history-5ca00399-1340-5dab-b3b5-73a433a1f634-compact.parquet
5d9f8f34-0fcf-54b7-abaf-4a9c0e82e125,0xe98e438b2d0e9bda074570fa7ed450c6049ef3160039ce1dd04f1767f93ef23a,mlb,Pittsburgh Pirates vs. Washington Nationals,total:f5,Pittsburgh Pirates vs. Washington Nationals: 1st 5 Innings O/U 5.5,Over|Under,Over,2026-07-05T17:00:00Z,2026-07-06T01:00:00Z,2026-07-05T18:30:37Z,31.89,2026-07-05T17:00:00Z,2026-07-05T18:29:51Z,history-5d9f8f34-0fcf-54b7-abaf-4a9c0e82e125-compact.parquet
5edf0706-7e0f-55ae-8276-e644f3ef683c,0xcd5ce155f61e4907d586c7247de1a941d48eb4f8667532974e839c999d259b0d,mlb,Pittsburgh Pirates vs. Washington Nationals - Player Props,rest,Luis García Jr.: Home Runs O/U 0.5,Over|Under,Over,2026-07-05T17:00:00Z,2026-07-06T01:00:00Z,2026-07-05T20:52:29Z,0.00,2026-07-05T17:00:00Z,2026-07-05T20:51:39Z,history-5edf0706-7e0f-55ae-8276-e644f3ef683c-compact.parquet
60e4a978-5e97-59f9-be0d-975f0c6db9da,0x402a26762ca99750190d94910e5b6011259eafc02e04881c5bf74d3c59fec2d1,mlb,Pittsburgh Pirates vs. Washington Nationals - Player Props,rest,Cade Cavalli: Strikeouts O/U 6.5,Over|Under,Under,2026-07-05T17:00:00Z,2026-07-06T01:00:00Z,2026-07-05T20:52:14Z,0.00,2026-07-05T17:00:00Z,2026-07-05T20:51:35Z,history-60e4a978-5e97-59f9-be0d-975f0c6db9da-compact.parquet
66e3c471-012b-599e-b79f-18e393b26659,0xa45f84f5915ac1a12fd3638d1d5811ca65feb475e0fe4f2a9ea2b5d00ef2dfa6,mlb,Pittsburgh Pirates vs. Washington Nationals - Player Props,rest,James Wood: Home Runs O/U 0.5,Over|Under,Under,2026-07-05T17:00:00Z,2026-07-06T01:00:00Z,2026-07-05T20:52:29Z,0.00,2026-07-05T17:00:00Z,2026-07-05T20:51:51Z,history-66e3c471-012b-599e-b79f-18e393b26659-compact.parquet
77ea79c1-2bfe-55ea-a95e-3faa1cda0bb9,0xcf8e9596ad85f3da3ce20342d4f2b154a4a3617fc3ce6637ca0c4d826afb522e,mlb,Pittsburgh Pirates vs. Washington Nationals,spread:f5,1st 5 Innings Spread: Pittsburgh Pirates (-2.5),Pittsburgh Pirates|Washington Nationals,Washington Nationals,2026-07-05T17:00:00Z,2026-07-06T01:00:00Z,2026-07-05T19:27:29Z,0.00,2026-07-05T17:00:00Z,2026-07-05T19:26:57Z,history-77ea79c1-2bfe-55ea-a95e-3faa1cda0bb9-compact.parquet
82798b9e-64be-5ec6-abb8-17168cea5fcf,0x474935512e33aea11bcdffe7df724f33876fece00076eb68b582e74ff0ed9e2f,mlb,Pittsburgh Pirates vs. Washington Nationals,total,Pittsburgh Pirates vs. Washington Nationals: O/U 9.5,Over|Under,Over,2026-07-05T17:00:00Z,2026-07-06T01:00:00Z,2026-07-05T20:15:07Z,781.18,2026-07-05T17:00:00Z,2026-07-05T20:14:30Z,history-82798b9e-64be-5ec6-abb8-17168cea5fcf-compact.parquet
88a7bdf2-c467-5336-83af-002c813966db,0xee8c18763a20b92dc46e167de0be361488950f7ea757ce562e6e74d7f3405e96,mlb,Pittsburgh Pirates vs. Washington Nationals - Player Props,rest,James Wood: Home Runs O/U 1.5,Over|Under,Under,2026-07-05T17:00:00Z,2026-07-06T01:00:00Z,2026-07-05T20:52:26Z,0.00,2026-07-05T17:00:00Z,2026-07-05T20:52:16Z,history-88a7bdf2-c467-5336-83af-002c813966db-compact.parquet
ac52d2fc-1dc4-5d2e-b9c1-1907d54316c1,0x9198139a69951b7eb4c13e226533c4e4f34e634c019691c6bc326d77d3b2d348,mlb,Pittsburgh Pirates vs. Washington Nationals,moneyline,Pittsburgh Pirates vs. Washington Nationals,Pittsburgh Pirates|Washington Nationals,Pittsburgh Pirates,2026-07-05T17:00:00Z,2026-07-06T01:00:00Z,2026-07-05T20:52:35Z,24268.05,2026-07-05T17:00:00Z,2026-07-05T20:52:00Z,history-ac52d2fc-1dc4-5d2e-b9c1-1907d54316c1-compact.parquet
ae4f1928-fd01-5f30-9ead-d6c5d754ee17,0x0d2b9e284c8328ad5df955e0e046ce6aa1fb70598a8a2b94c39577807b814185,mlb,Pittsburgh Pirates vs. Washington Nationals,spread,Spread: Washington Nationals (-1.5),Washington Nationals|Pittsburgh Pirates,Pittsburgh Pirates,2026-07-05T17:00:00Z,2026-07-06T01:00:00Z,2026-07-05T20:52:35Z,2264.35,2026-07-05T17:00:00Z,2026-07-05T20:51:46Z,history-ae4f1928-fd01-5f30-9ead-d6c5d754ee17-compact.parquet
b0eac9e0-84ad-5ac8-a0b8-a6df6d6841f7,0x091ad04ac058fcf1cec588c2b9f675dcf4362d84200ae30b63d4c4d287a6afa1,mlb,Pittsburgh Pirates vs. Washington Nationals - Player Props,rest,Dylan Crews: Home Runs O/U 0.5,Over|Under,Over,2026-07-05T17:00:00Z,2026-07-06T01:00:00Z,2026-07-05T20:52:28Z,0.00,2026-07-05T17:00:00Z,2026-07-05T20:51:35Z,history-b0eac9e0-84ad-5ac8-a0b8-a6df6d6841f7-compact.parquet
bf2a48bb-7a82-5620-a65f-785d34dcdb33,0x1317c13628be9ca99cd474bf424f98d97cb393e71e13ae525b7ef6e47d257b76,mlb,Pittsburgh Pirates vs. Washington Nationals,rest,Will the game go to extra innings?: Pittsburgh Pirates vs. Washington Nationals,Yes|No,No,2026-07-05T17:00:00Z,2026-07-06T01:00:00Z,2026-07-05T20:52:20Z,10.02,2026-07-05T17:00:00Z,2026-07-05T20:51:51Z,history-bf2a48bb-7a82-5620-a65f-785d34dcdb33-compact.parquet
cab7b08f-4cb7-5d6b-9f91-f4cbb594db41,0xdd4a0d7f84a1673574d0798e14b3436fda40c58200fba6ffe3bd109e59f3971e,mlb,Pittsburgh Pirates vs. Washington Nationals - Player Props,rest,Esmerlyn Valdez: Home Runs O/U 0.5,Over|Under,Under,2026-07-05T17:00:00Z,2026-07-06T01:00:00Z,2026-07-05T20:52:26Z,0.00,2026-07-05T17:00:00Z,2026-07-05T20:52:18Z,history-cab7b08f-4cb7-5d6b-9f91-f4cbb594db41-compact.parquet
cc0e01f9-cca7-50a7-9705-2ee1d5309dd2,0xbc527c5cdd4d3c71109acd3a1bb6b0e9dfa51728ccc5bf07d9752d8fcf84e6e7,mlb,Pittsburgh Pirates vs. Washington Nationals - Player Props,rest,CJ Abrams: Home Runs O/U 1.5,Over|Under,Under,2026-07-05T17:00:00Z,2026-07-06T01:00:00Z,2026-07-05T20:52:23Z,0.00,2026-07-05T17:00:00Z,2026-07-05T20:52:06Z,history-cc0e01f9-cca7-50a7-9705-2ee1d5309dd2-compact.parquet
ccf65dc6-204c-50c3-bef0-d886b650a6c2,0x83495e045b85ec05f7b9ee874935631aa12e995a61db929fe4d23da8bbbdde2d,mlb,Pittsburgh Pirates vs. Washington Nationals,total:f5,Pittsburgh Pirates vs. Washington Nationals: 1st 5 Innings O/U 4.5,Over|Under,Over,2026-07-05T17:00:00Z,2026-07-06T01:00:00Z,2026-07-05T18:30:37Z,0.00,2026-07-05T17:00:00Z,2026-07-05T18:30:09Z,history-ccf65dc6-204c-50c3-bef0-d886b650a6c2-compact.parquet
d4d0fdea-1e03-50ad-b85f-f21ceb385b23,0x654510cf1f0727e0b0e03d7c08d97416d21fb5beaed478f41b305f9b7091a9cd,mlb,Pittsburgh Pirates vs. Washington Nationals - Player Props,rest,Daylen Lile: Home Runs O/U 0.5,Over|Under,Under,2026-07-05T17:00:00Z,2026-07-06T01:00:00Z,2026-07-05T20:52:20Z,0.00,2026-07-05T17:00:00Z,2026-07-05T20:52:03Z,history-d4d0fdea-1e03-50ad-b85f-f21ceb385b23-compact.parquet
d5fd210f-ae77-5c16-91d3-d3f0cb7b4265,0xcca4226cbbec2a182a227cb76da185dd558ce8dcba8cc71b368d01e7ad97836c,mlb,Pittsburgh Pirates vs. Washington Nationals - Player Props,rest,Ryan O'Hearn: Home Runs O/U 0.5,Over|Under,Under,2026-07-05T17:00:00Z,2026-07-06T01:00:00Z,2026-07-05T20:52:29Z,0.00,2026-07-05T17:00:00Z,2026-07-05T20:52:18Z,history-d5fd210f-ae77-5c16-91d3-d3f0cb7b4265-compact.parquet
db19c751-8155-5830-a0b9-8582562f2200,0x0c50f951ae264246f16e8b22b7f6385e9a221b14fd5721f770d63b49e1e7f51d,mlb,Pittsburgh Pirates vs. Washington Nationals - Player Props,rest,Bubba Chandler: Strikeouts O/U 3.5,Over|Under,Under,2026-07-05T17:00:00Z,2026-07-06T01:00:00Z,2026-07-05T20:52:14Z,0.00,2026-07-05T17:00:00Z,2026-07-05T20:51:18Z,history-db19c751-8155-5830-a0b9-8582562f2200-compact.parquet
db9f93ef-b094-518f-9e5b-6398f9bcd60e,0xec20fb745b54c7df10b3a375f7507a64a74f603e0a37cdc942c799b0c06a3b50,mlb,Pittsburgh Pirates vs. Washington Nationals,spread,Spread: Pittsburgh Pirates (-1.5),Pittsburgh Pirates|Washington Nationals,Pittsburgh Pirates,2026-07-05T17:00:00Z,2026-07-06T01:00:00Z,2026-07-05T20:52:35Z,1146.19,2026-07-05T17:00:00Z,2026-07-05T20:51:43Z,history-db9f93ef-b094-518f-9e5b-6398f9bcd60e-compact.parquet
dd08efb2-a49d-5db3-bbfa-d219ceedb0fe,0xb9f28a8d8eca7dcd5ddcd856bcdd7dd71b5295a1227814bd66faabfb812f7a7e,mlb,Pittsburgh Pirates vs. Washington Nationals,total:f5,Pittsburgh Pirates vs. Washington Nationals: 1st 5 Innings O/U 2.5,Over|Under,Over,2026-07-05T17:00:00Z,2026-07-06T01:00:00Z,2026-07-05T17:53:29Z,0.00,2026-07-05T17:00:00Z,2026-07-05T17:52:28Z,history-dd08efb2-a49d-5db3-bbfa-d219ceedb0fe-compact.parquet
e6620978-4d9b-5ab1-865e-05b39cc311e2,0xdaf0613d6a3b9ae1c2b3a0a50e8b32bc984296f82e634ef562aedcbaec1b8cf4,mlb,Pittsburgh Pirates vs. Washington Nationals,spread:f5,1st 5 Innings Spread: Pittsburgh Pirates (-1.5),Pittsburgh Pirates|Washington Nationals,Washington Nationals,2026-07-05T17:00:00Z,2026-07-06T01:00:00Z,2026-07-05T19:27:26Z,0.00,2026-07-05T17:00:00Z,2026-07-05T19:27:10Z,history-e6620978-4d9b-5ab1-865e-05b39cc311e2-compact.parquet
e73e4c77-5225-5a82-8144-d1ea343086ed,0x15038b57b125b968862bc14b13f27054842ae6eaa25792ed7d32b24880bd8355,mlb,Pittsburgh Pirates vs. Washington Nationals - First 5 Innings Winner,rest,Pittsburgh Pirates winning after 5 innings?,Yes|No,No,2026-07-05T17:00:00Z,2026-07-06T01:00:00Z,2026-07-05T19:28:24Z,0.00,2026-07-05T17:00:00Z,2026-07-05T19:26:49Z,history-e73e4c77-5225-5a82-8144-d1ea343086ed-compact.parquet
f4ac2ee7-cab7-59f4-8a30-6ec57c8fd819,0x98a5ca102dbe1e51a17156d56fd625420063bac237e09182a0204702a6b631b2,mlb,Pittsburgh Pirates vs. Washington Nationals,total:f5,Pittsburgh Pirates vs. Washington Nationals: 1st 5 Innings O/U 6.5,Over|Under,Over,2026-07-05T17:00:00Z,2026-07-06T01:00:00Z,2026-07-05T18:58:24Z,13.03,2026-07-05T17:00:00Z,2026-07-05T18:57:57Z,history-f4ac2ee7-cab7-59f4-8a30-6ec57c8fd819-compact.parquet
f6a98a8c-aec7-5e46-b1ab-bc876b35e11e,0xd1953b51dfe74b12cd989f7412174e65c5a8aa874d88c251084ddcb5d5b74c6e,mlb,Pittsburgh Pirates vs. Washington Nationals,total,Pittsburgh Pirates vs. Washington Nationals: O/U 11.5,Over|Under,Over,2026-07-05T17:00:00Z,2026-07-06T01:00:00Z,2026-07-05T20:18:51Z,72.44,2026-07-05T17:00:00Z,2026-07-05T20:18:16Z,history-f6a98a8c-aec7-5e46-b1ab-bc876b35e11e-compact.parquet
fc3640e5-2ba6-5d82-9a7d-bf2a2e21e884,0xc82ff646f25ed4bcfff8d3be1a81b81028032a71d4ba3953f4484634f4be0dcd,mlb,Pittsburgh Pirates vs. Washington Nationals,spread:f5,1st 5 Innings Spread: Washington Nationals (-1.5),Washington Nationals|Pittsburgh Pirates,Pittsburgh Pirates,2026-07-05T17:00:00Z,2026-07-06T01:00:00Z,2026-07-05T19:27:26Z,0.00,2026-07-05T17:00:00Z,2026-07-05T19:27:11Z,history-fc3640e5-2ba6-5d82-9a7d-bf2a2e21e884-compact.parquet
147f99f2-7261-5a0d-b12f-a92d7ebc5751,0x34fbdef4fb2553419f71cd1f7b96f81183f82c2c0d973c6f83cfa1fa87756ea7,mlb,Baltimore Orioles vs. Cincinnati Reds,spread:f5,1st 5 Innings Spread: Cincinnati Reds (-2.5),Cincinnati Reds|Baltimore Orioles,Baltimore Orioles,2026-07-05T17:05:00Z,2026-07-06T01:05:00Z,2026-07-05T18:42:41Z,0.00,2026-07-05T17:05:00Z,2026-07-05T18:42:24Z,history-147f99f2-7261-5a0d-b12f-a92d7ebc5751-compact.parquet
201dc4dd-ac0e-5fe4-9470-4b03e81e6b47,0x5da908e7d80c8a128de7c5a56eba29da68d48a47f164bc0c3da37cc3842a998c,mlb,Baltimore Orioles vs. Cincinnati Reds - Player Props,rest,Gunnar Henderson: Home Runs O/U 1.5,Over|Under,Under,2026-07-05T17:05:00Z,2026-07-06T01:05:00Z,2026-07-05T20:09:26Z,0.00,2026-07-05T17:05:00Z,2026-07-05T20:08:58Z,history-201dc4dd-ac0e-5fe4-9470-4b03e81e6b47-compact.parquet
213731b2-c328-5417-9eff-6fea4f98010c,0x30fe6365e53cffb4e3b68d2c9da2be5bbe58719852e76eb2f2e3405fb478175d,mlb,Baltimore Orioles vs. Cincinnati Reds - Player Props,rest,Tyler O'Neill: Home Runs O/U 1.5,Over|Under,Under,2026-07-05T17:05:00Z,2026-07-06T01:05:00Z,2026-07-05T20:09:35Z,0.00,2026-07-05T17:05:00Z,2026-07-05T20:09:13Z,history-213731b2-c328-5417-9eff-6fea4f98010c-compact.parquet
283a13c2-b517-5f08-8578-0f3509d62985,0xd61d70a412d58408b0da10eb80490c794b7fbea00baf665c1add69445745fcab,mlb,Baltimore Orioles vs. Cincinnati Reds,total:f5,Baltimore Orioles vs. Cincinnati Reds: 1st 5 Innings O/U 5.5,Over|Under,Under,2026-07-05T17:05:00Z,2026-07-06T01:05:00Z,2026-07-05T18:42:44Z,0.00,2026-07-05T17:05:00Z,2026-07-05T18:42:12Z,history-283a13c2-b517-5f08-8578-0f3509d62985-compact.parquet
2d8673ab-915a-5cf0-8f96-39a64a68f4a9,0xbba500927e47bb698c8c7eeba854a7edc3860b33dcb6e090f5411d3ba112edf9,mlb,Baltimore Orioles vs. Cincinnati Reds - Player Props,rest,Nick Lodolo: Strikeouts O/U 4.5,Over|Under,Under,2026-07-05T17:05:00Z,2026-07-06T01:05:00Z,2026-07-05T20:09:15Z,0.00,2026-07-05T17:05:00Z,2026-07-05T20:08:27Z,history-2d8673ab-915a-5cf0-8f96-39a64a68f4a9-compact.parquet
316f8845-d192-50c4-9cec-95fba4477b49,0xb2ad2e913b7e42b914816f71fc54b344f82c5087c10c66096ec1d33cf3152eda,mlb,Baltimore Orioles vs. Cincinnati Reds - Player Props,rest,Taylor Ward: Home Runs O/U 1.5,Over|Under,Under,2026-07-05T17:05:00Z,2026-07-06T01:05:00Z,2026-07-05T20:09:28Z,0.00,2026-07-05T17:05:28Z,2026-07-05T20:09:18Z,history-316f8845-d192-50c4-9cec-95fba4477b49-compact.parquet
353df915-cdb8-54e9-ad2d-511d60b403d6,0x29888b92ba9dfec926ffacf98fa25a21b0bbd9ffee5a0fcdaa2deb523971297b,mlb,Baltimore Orioles vs. Cincinnati Reds - Player Props,rest,Nathaniel Lowe: Home Runs O/U 1.5,Over|Under,Under,2026-07-05T17:05:00Z,2026-07-06T01:05:00Z,2026-07-05T20:09:35Z,5.01,2026-07-05T17:05:00Z,2026-07-05T20:09:18Z,history-353df915-cdb8-54e9-ad2d-511d60b403d6-compact.parquet
4a01f020-cad7-568e-8b84-b57592772ac3,0xd847b0aafb0a76cacb5a047be8abc6b70a9d219e9200214978d1a52f0fe56b93,mlb,Baltimore Orioles vs. Cincinnati Reds - Player Props,rest,Pete Alonso: Home Runs O/U 0.5,Over|Under,Under,2026-07-05T17:05:00Z,2026-07-06T01:05:00Z,2026-07-05T20:09:26Z,0.00,2026-07-05T17:05:00Z,2026-07-05T20:09:20Z,history-4a01f020-cad7-568e-8b84-b57592772ac3-compact.parquet
4c1f2748-9c7f-53d6-8c66-255f98d88c91,0x15369dd866491873f20e21959f72cbb5f67ff219bd2bc4a1fb7d9104f6668bac,mlb,Baltimore Orioles vs. Cincinnati Reds - Player Props,rest,Nathaniel Lowe: Home Runs O/U 0.5,Over|Under,Under,2026-07-05T17:05:00Z,2026-07-06T01:05:00Z,2026-07-05T20:09:35Z,0.00,2026-07-05T17:05:00Z,2026-07-05T20:09:18Z,history-4c1f2748-9c7f-53d6-8c66-255f98d88c91-compact.parquet
4d246665-43a5-5959-8cb6-43fe6ee9ed6c,0xdd025adce46fa6973a806bb2644d482761d84429fa58c0b3f5b1a43490834d4a,mlb,Baltimore Orioles vs. Cincinnati Reds,spread,Spread: Baltimore Orioles (-1.5),Baltimore Orioles|Cincinnati Reds,Cincinnati Reds,2026-07-05T17:05:00Z,2026-07-06T01:05:00Z,2026-07-05T20:09:13Z,829.38,2026-07-05T17:05:00Z,2026-07-05T20:08:29Z,history-4d246665-43a5-5959-8cb6-43fe6ee9ed6c-compact.parquet
4f1d04a6-c8f4-587a-9979-9b2dba557f70,0x96b248088e83c1318a4aa57e2c3e8c87d77325f6a6149157ad764c4be348bdec,mlb,Baltimore Orioles vs. Cincinnati Reds - Player Props,rest,Nick Lodolo: Strikeouts O/U 5.5,Over|Under,Under,2026-07-05T17:05:00Z,2026-07-06T01:05:00Z,2026-07-05T20:09:13Z,181.00,2026-07-05T17:05:00Z,2026-07-05T20:08:20Z,history-4f1d04a6-c8f4-587a-9979-9b2dba557f70-compact.parquet
55bb2c6b-4329-563d-be95-091d6716fb6e,0x9802644aac5fdc6650904403a9f7e53a169b7eb97df64ee05b2833608c728e08,mlb,Baltimore Orioles vs. Cincinnati Reds - Player Props,rest,Gunnar Henderson: Home Runs O/U 0.5,Over|Under,Under,2026-07-05T17:05:00Z,2026-07-06T01:05:00Z,2026-07-05T20:09:26Z,0.00,2026-07-05T17:05:00Z,2026-07-05T20:09:09Z,history-55bb2c6b-4329-563d-be95-091d6716fb6e-compact.parquet
5751f301-3e91-5ff6-9f4c-f895e7ec2118,0x1064b6367bd5bd7254254b67eede7eae9bfc939c04c7d42f2f6f89ad13c8f176,mlb,Baltimore Orioles vs. Cincinnati Reds - First 5 Innings Winner,rest,Cincinnati Reds winning after 5 innings?,Yes|No,Yes,2026-07-05T17:05:00Z,2026-07-06T01:05:00Z,2026-07-05T18:45:49Z,0.00,2026-07-05T17:05:00Z,2026-07-05T18:45:08Z,history-5751f301-3e91-5ff6-9f4c-f895e7ec2118-compact.parquet
6d513f74-9e44-51a7-8fee-00f8d566dbc6,0xde62998eb9b3ffd356983b952d057a3bdf333c9c7636fe9bcaddf07e537c2b14,mlb,Baltimore Orioles vs. Cincinnati Reds - Player Props,rest,Elly De La Cruz: Home Runs O/U 0.5,Over|Under,Under,2026-07-05T17:05:00Z,2026-07-06T01:05:00Z,2026-07-05T20:09:29Z,0.00,2026-07-05T17:05:00Z,2026-07-05T20:09:22Z,history-6d513f74-9e44-51a7-8fee-00f8d566dbc6-compact.parquet
6e537acc-1bfd-5ced-9178-9fbee9c3160c,0xda3b5ce3353e041cd1eacfc5105525012d3181f11bb9e90a66134b25b72560f3,mlb,Baltimore Orioles vs. Cincinnati Reds,total:f5,Baltimore Orioles vs. Cincinnati Reds: 1st 5 Innings O/U 4.5,Over|Under,Under,2026-07-05T17:05:00Z,2026-07-06T01:05:00Z,2026-07-05T18:42:43Z,1.85,2026-07-05T17:05:00Z,2026-07-05T18:42:29Z,history-6e537acc-1bfd-5ced-9178-9fbee9c3160c-compact.parquet
6f789d88-a2a7-5f7c-a95c-630728f2f080,0x5d36d4d2c1593e4cec6250feef13d4cdf214fff097cb852ebc1688fe645184bd,mlb,Baltimore Orioles vs. Cincinnati Reds,rest,Will the game go to extra innings?: Baltimore Orioles vs. Cincinnati Reds,Yes|No,No,2026-07-05T17:05:00Z,2026-07-06T01:05:00Z,2026-07-05T20:09:21Z,5.00,2026-07-05T17:05:00Z,2026-07-05T20:08:41Z,history-6f789d88-a2a7-5f7c-a95c-630728f2f080-compact.parquet
7707d21e-912d-5978-a60d-39d6173ec906,0xd00ff541815b0d7e8dc0dd60048349069a19c424c564f41822f2590858f6ef30,mlb,Baltimore Orioles vs. Cincinnati Reds,total,Baltimore Orioles vs. Cincinnati Reds: O/U 9.5,Over|Under,Under,2026-07-05T17:05:00Z,2026-07-06T01:05:00Z,2026-07-05T20:09:15Z,1688.67,2026-07-05T17:05:00Z,2026-07-05T20:08:23Z,history-7707d21e-912d-5978-a60d-39d6173ec906-compact.parquet
7a5ae551-e5f1-5732-b95b-8236ead91cac,0x0601c763f610f7233de6f8bed171806061ddf2bbb6fb6f03f1ddbb713111c80d,mlb,Baltimore Orioles vs. Cincinnati Reds - Player Props,rest,Sal Stewart: Home Runs O/U 0.5,Over|Under,Under,2026-07-05T17:05:00Z,2026-07-06T01:05:00Z,2026-07-05T20:09:26Z,0.00,2026-07-05T17:05:00Z,2026-07-05T20:09:10Z,history-7a5ae551-e5f1-5732-b95b-8236ead91cac-compact.parquet
84f14495-b9bc-51e5-8dbb-611efc82ef18,0x6bab72afaf2b2a2d9defcc695ac5490e588d450df1533a297c4f9c69c641866a,mlb,Baltimore Orioles vs. Cincinnati Reds,moneyline,Baltimore Orioles vs. Cincinnati Reds,Baltimore Orioles|Cincinnati Reds,Cincinnati Reds,2026-07-05T17:05:00Z,2026-07-06T01:05:00Z,2026-07-05T20:09:21Z,17109.21,2026-07-05T17:05:00Z,2026-07-05T20:08:36Z,history-84f14495-b9bc-51e5-8dbb-611efc82ef18-compact.parquet
8786d9f3-4a48-5ede-b844-e1ebd7fa3ee7,0xa23f6298e179f6be82b7611fb076b6112fc16cd34e5f95e6388d925c961fd0c3,mlb,Baltimore Orioles vs. Cincinnati Reds - Player Props,rest,Adley Rutschman: Home Runs O/U 0.5,Over|Under,Under,2026-07-05T17:05:00Z,2026-07-06T01:05:00Z,2026-07-05T20:09:23Z,0.00,2026-07-05T17:05:00Z,2026-07-05T20:09:02Z,history-8786d9f3-4a48-5ede-b844-e1ebd7fa3ee7-compact.parquet
90d568a6-4570-50f8-933b-0e6c6cb456d4,0x4c9b439eba04bb56d6a0cc017ec0ce77b319564b348e351f835fd4de35a69560,mlb,Baltimore Orioles vs. Cincinnati Reds - Player Props,rest,Kyle Bradish: Strikeouts O/U 6.5,Over|Under,Under,2026-07-05T17:05:00Z,2026-07-06T01:05:00Z,2026-07-05T20:09:13Z,85.00,2026-07-05T17:05:00Z,2026-07-05T20:08:11Z,history-90d568a6-4570-50f8-933b-0e6c6cb456d4-compact.parquet
911483c8-997d-5732-abf4-c1d51ff248ec,0x83a719ce7931c9baf324a6de67afb01efca3daf981299af20fbb492c4ebf40c6,mlb,Baltimore Orioles vs. Cincinnati Reds,spread:f5,1st 5 Innings Spread: Cincinnati Reds (-1.5),Cincinnati Reds|Baltimore Orioles,Cincinnati Reds,2026-07-05T17:05:00Z,2026-07-06T01:05:00Z,2026-07-05T18:42:43Z,45.00,2026-07-05T17:05:00Z,2026-07-05T18:42:03Z,history-911483c8-997d-5732-abf4-c1d51ff248ec-compact.parquet
95ee2924-b6a3-54b7-972f-1b0b9fe2bd2a,0x19b9a4fb47dcd34d7753b8777c6d67200d9eee7da596a8c766aa0ddd71c2e3ea,mlb,Baltimore Orioles vs. Cincinnati Reds - Player Props,rest,Coby Mayo: Home Runs O/U 0.5,Over|Under,Under,2026-07-05T17:05:00Z,2026-07-06T01:05:00Z,2026-07-05T20:09:27Z,0.00,2026-07-05T17:05:00Z,2026-07-05T20:09:10Z,history-95ee2924-b6a3-54b7-972f-1b0b9fe2bd2a-compact.parquet
9b6a6435-6217-5a75-b1b4-3aa307471715,0x060bc84496647e59edbc07274baea25115aca73000d85f58679fddabf6538adc,mlb,Baltimore Orioles vs. Cincinnati Reds - First 5 Innings Winner,rest,Baltimore Orioles winning after 5 innings?,Yes|No,No,2026-07-05T17:05:00Z,2026-07-06T01:05:00Z,2026-07-05T18:43:19Z,0.00,2026-07-05T17:05:00Z,2026-07-05T18:42:40Z,history-9b6a6435-6217-5a75-b1b4-3aa307471715-compact.parquet
9faabee7-3158-5a58-a920-157a6859325e,0x2dccfdd83208d5ff9ab0faae6510b9c23c1410a25b46fc8a6cefec35a869bc1e,mlb,Baltimore Orioles vs. Cincinnati Reds - Player Props,rest,Noelvi Marte: Home Runs O/U 0.5,Over|Under,Under,2026-07-05T17:05:00Z,2026-07-06T01:05:00Z,2026-07-05T20:09:36Z,0.00,2026-07-05T17:05:00Z,2026-07-05T20:09:23Z,history-9faabee7-3158-5a58-a920-157a6859325e-compact.parquet
9fb8e60c-67c7-516f-90d0-c2a30bffc6bc,0xe804dab7009a98139b168fe5267946da498f7e51093c7884772cbd166cab96ed,mlb,Baltimore Orioles vs. Cincinnati Reds,spread:f5,1st 5 Innings Spread: Baltimore Orioles (-2.5),Baltimore Orioles|Cincinnati Reds,Cincinnati Reds,2026-07-05T17:05:00Z,2026-07-06T01:05:00Z,2026-07-05T18:42:45Z,0.00,2026-07-05T17:05:00Z,2026-07-05T18:42:03Z,history-9fb8e60c-67c7-516f-90d0-c2a30bffc6bc-compact.parquet
b4969e9e-e51c-5a06-a7af-56987dd1b856,0x02c56983d6aa5644ced08103c8f5f4fc2603e46bd9f55b8089326bf99d521405,mlb,Baltimore Orioles vs. Cincinnati Reds - Player Props,rest,Tyler O'Neill: Home Runs O/U 0.5,Over|Under,Under,2026-07-05T17:05:00Z,2026-07-06T01:05:00Z,2026-07-05T20:09:27Z,0.00,2026-07-05T17:05:00Z,2026-07-05T20:09:08Z,history-b4969e9e-e51c-5a06-a7af-56987dd1b856-compact.parquet
b4ce9e86-cb48-561d-b30d-6c6d9c43fed8,0x9d66d4e9b17e0cad21c00268d5cefc50b5a6e923f49973b283cbb44b143191d2,mlb,Baltimore Orioles vs. Cincinnati Reds,total:f5,Baltimore Orioles vs. Cincinnati Reds: 1st 5 Innings O/U 2.5,Over|Under,Under,2026-07-05T17:05:00Z,2026-07-06T01:05:00Z,2026-07-05T18:42:41Z,0.00,2026-07-05T17:05:00Z,2026-07-05T18:42:08Z,history-b4ce9e86-cb48-561d-b30d-6c6d9c43fed8-compact.parquet
b6592026-5665-505c-8f15-60d8e15baa95,0x4c140508682be53b68414ab995238165815084bfa1369edc500df2e7e3f33b24,mlb,Baltimore Orioles vs. Cincinnati Reds - First 5 Innings Winner,rest,Baltimore Orioles vs. Cincinnati Reds: Tied after 5 innings?,Yes|No,No,2026-07-05T17:05:00Z,2026-07-06T01:05:00Z,2026-07-05T18:43:20Z,0.00,2026-07-05T17:05:00Z,2026-07-05T18:42:03Z,history-b6592026-5665-505c-8f15-60d8e15baa95-compact.parquet
bf28b51a-37b1-5996-ae17-74cec0243ad5,0x940ce9b46b538859ff66c25970a84fa80bff54b161fe9269d9ccdbda5750b7da,mlb,Baltimore Orioles vs. Cincinnati Reds - Player Props,rest,Taylor Ward: Home Runs O/U 0.5,Over|Under,Under,2026-07-05T17:05:00Z,2026-07-06T01:05:00Z,2026-07-05T20:09:28Z,0.00,2026-07-05T17:05:00Z,2026-07-05T20:09:23Z,history-bf28b51a-37b1-5996-ae17-74cec0243ad5-compact.parquet
bfa90465-fe37-57dc-9c4b-66374de7dbac,0x421be747216c306f102fbf3c8d7f296bd7cbaff6900141c781dd3fae696a2e4b,mlb,Baltimore Orioles vs. Cincinnati Reds - Player Props,rest,Kyle Bradish: Strikeouts O/U 5.5,Over|Under,Under,2026-07-05T17:05:00Z,2026-07-06T01:05:00Z,2026-07-05T20:09:15Z,0.00,2026-07-05T17:05:00Z,2026-07-05T20:08:20Z,history-bfa90465-fe37-57dc-9c4b-66374de7dbac-compact.parquet
d744cb77-ed3d-5b2a-9052-b72a994ba8cb,0x4c116b4161ce35b967c2437fc92c78edef1b18cdc1ff024c9ebcd5e3525db8a2,mlb,Baltimore Orioles vs. Cincinnati Reds - Player Props,rest,Blaze Alexander: Home Runs O/U 0.5,Over|Under,Under,2026-07-05T17:05:00Z,2026-07-06T01:05:00Z,2026-07-05T20:09:27Z,0.00,2026-07-05T17:05:00Z,2026-07-05T20:09:21Z,history-d744cb77-ed3d-5b2a-9052-b72a994ba8cb-compact.parquet
d7bf49bf-e363-5428-a930-d3f67facca98,0x13967cbaa5b4118b3c7151fd5754244761cd90f5f5d979b23281614ac3f9f230,mlb,Baltimore Orioles vs. Cincinnati Reds,total:f5,Baltimore Orioles vs. Cincinnati Reds: 1st 5 Innings O/U 3.5,Over|Under,Under,2026-07-05T17:05:00Z,2026-07-06T01:05:00Z,2026-07-05T18:42:43Z,0.00,2026-07-05T17:05:00Z,2026-07-05T18:42:03Z,history-d7bf49bf-e363-5428-a930-d3f67facca98-compact.parquet
d9a1c051-245d-5825-9398-38d9cf71108a,0x973a2ffdc6228fe55a9d633ba36e99a858fa11369c3d1be2210e20ac71090cdb,mlb,Baltimore Orioles vs. Cincinnati Reds - Player Props,rest,Pete Alonso: Home Runs O/U 1.5,Over|Under,Under,2026-07-05T17:05:00Z,2026-07-06T01:05:00Z,2026-07-05T20:09:29Z,0.00,2026-07-05T17:05:00Z,2026-07-05T20:09:23Z,history-d9a1c051-245d-5825-9398-38d9cf71108a-compact.parquet
df0843a5-b270-5636-9a58-601530b18d23,0xcd231e8d66ebbc02895c645b35938f44730bac36dce4beee87057f75a2e356df,mlb,Baltimore Orioles vs. Cincinnati Reds - Player Props,rest,Elly De La Cruz: Home Runs O/U 1.5,Over|Under,Under,2026-07-05T17:05:00Z,2026-07-06T01:05:00Z,2026-07-05T20:09:36Z,0.00,2026-07-05T17:05:00Z,2026-07-05T20:09:28Z,history-df0843a5-b270-5636-9a58-601530b18d23-compact.parquet
e4b4879b-48aa-5456-8742-715eaf6c1a4d,0x46058ada91ecb78525a6181dac65f8c0f257cf1189ef10eef1ecaa5e21e22ff4,mlb,Baltimore Orioles vs. Cincinnati Reds,spread:f5,1st 5 Innings Spread: Baltimore Orioles (-1.5),Baltimore Orioles|Cincinnati Reds,Cincinnati Reds,2026-07-05T17:05:00Z,2026-07-06T01:05:00Z,2026-07-05T18:42:43Z,0.00,2026-07-05T17:05:00Z,2026-07-05T18:41:53Z,history-e4b4879b-48aa-5456-8742-715eaf6c1a4d-compact.parquet
e6de7d75-6c98-5037-a137-f368d50e5bce,0xa7b86eb7da3987f699f03d14984ed81d98484648d85e0d84c6578dcc190b3cee,mlb,Baltimore Orioles vs. Cincinnati Reds,total:f5,Baltimore Orioles vs. Cincinnati Reds: 1st 5 Innings O/U 6.5,Over|Under,Under,2026-07-05T17:05:00Z,2026-07-06T01:05:00Z,2026-07-05T18:42:46Z,12.03,2026-07-05T17:05:00Z,2026-07-05T18:42:07Z,history-e6de7d75-6c98-5037-a137-f368d50e5bce-compact.parquet
f47a41c8-7a51-5631-999e-f465c088af14,0xe0471384193b5544dc9b986faf6473db31959e0441ea3383274ee945deb0f0d0,mlb,Baltimore Orioles vs. Cincinnati Reds - Player Props,rest,JJ Bleday: Home Runs O/U 0.5,Over|Under,Under,2026-07-05T17:05:00Z,2026-07-06T01:05:00Z,2026-07-05T20:09:36Z,0.00,2026-07-05T17:05:00Z,2026-07-05T20:09:18Z,history-f47a41c8-7a51-5631-999e-f465c088af14-compact.parquet
f73f6f62-52aa-5326-9d12-b21b047ddcb2,0x8b9e6bfd2e28dc6d1148cb3979625e27a5877e12ed993f905cecd4285036c8f6,mlb,Baltimore Orioles vs. Cincinnati Reds,rest,Will there be a run scored in the first inning?: Baltimore Orioles vs. Cincinnati Reds,Yes|No,No,2026-07-05T17:05:00Z,2026-07-06T01:05:00Z,2026-07-05T17:33:52Z,65.87,2026-07-05T17:05:00Z,2026-07-05T17:33:11Z,history-f73f6f62-52aa-5326-9d12-b21b047ddcb2-compact.parquet
feb7e913-ed1e-5e88-889e-06f33aae8237,0x18b55c46df23ae9ceddc842bf48df4e2ed3aa01883bcd5bfc1b1364899258efb,mlb,Baltimore Orioles vs. Cincinnati Reds - Player Props,rest,Coby Mayo: Home Runs O/U 1.5,Over|Under,Under,2026-07-05T17:05:00Z,2026-07-06T01:05:00Z,2026-07-05T20:09:27Z,0.00,2026-07-05T17:05:00Z,2026-07-05T20:09:26Z,history-feb7e913-ed1e-5e88-889e-06f33aae8237-compact.parquet
009a2e84-497a-59c7-809a-b3c9719b1646,0xfc2802e68276527a8ab37ba00fb426b5e7081545b77b76e2227905e2995f5f4e,mlb,Minnesota Twins vs. New York Yankees,rest,Will there be a run scored in the first inning?: Minnesota Twins vs. New York Yankees,Yes|No,Yes,2026-07-05T17:35:00Z,2026-07-06T01:35:00Z,2026-07-05T18:04:00Z,104.76,2026-07-05T17:35:00Z,2026-07-05T18:02:03Z,history-009a2e84-497a-59c7-809a-b3c9719b1646-compact.parquet
05362826-2f50-5dd0-ab5b-9bda04081d19,0xd62fc4a2e0e6b87f97f841cb8f61dad26f8f4013f424bd8abda48b51e687b674,mlb,Minnesota Twins vs. New York Yankees - Player Props,rest,Jazz Chisholm Jr.: Home Runs O/U 1.5,Over|Under,Under,2026-07-05T17:35:00Z,2026-07-06T01:35:00Z,2026-07-05T20:57:29Z,0.00,2026-07-05T17:35:00Z,2026-07-05T20:57:09Z,history-05362826-2f50-5dd0-ab5b-9bda04081d19-compact.parquet
0544a869-fa8d-5cc4-bc28-0c43ad0ab903,0xdd3680929f7b705759d62b7d55e30142fd195d07afbc90c2e446fedb211d52bb,mlb,Minnesota Twins vs. New York Yankees - Player Props,rest,Austin Wells: Home Runs O/U 0.5,Over|Under,Under,2026-07-05T17:35:00Z,2026-07-06T01:35:00Z,2026-07-05T20:57:29Z,0.00,2026-07-05T17:35:00Z,2026-07-05T20:56:36Z,history-0544a869-fa8d-5cc4-bc28-0c43ad0ab903-compact.parquet
08f2b8b8-872e-5dc3-a38f-63f078897897,0xd44e29ac24f6aeeb4cb8351d7a30356bef64b37dcd9abbb92328886b38d99914,mlb,Minnesota Twins vs. New York Yankees - First 5 Innings Winner,rest,Minnesota Twins winning after 5 innings?,Yes|No,Yes,2026-07-05T17:35:00Z,2026-07-06T01:35:00Z,2026-07-05T19:38:52Z,2.33,2026-07-05T17:35:00Z,2026-07-05T19:37:18Z,history-08f2b8b8-872e-5dc3-a38f-63f078897897-compact.parquet
099e78a9-4efa-5f77-b57c-1660ea55d716,0xa0a375251b41d8d5a1fc057b24a4411f5b2257eaed9b062fd425de08fee77b24,mlb,Minnesota Twins vs. New York Yankees,spread,Spread: New York Yankees (-1.5),New York Yankees|Minnesota Twins,Minnesota Twins,2026-07-05T17:35:00Z,2026-07-06T01:35:00Z,2026-07-05T20:57:14Z,1442.66,2026-07-05T17:35:00Z,2026-07-05T20:56:28Z,history-099e78a9-4efa-5f77-b57c-1660ea55d716-compact.parquet
145aa7a8-a0c4-59e5-a683-d72c022760b7,0x12458dca3e704052d56f37e2fc11cb803e38fa7366e9590f69864b1ee46af2ec,mlb,Minnesota Twins vs. New York Yankees,rest,Will the game go to extra innings?: Minnesota Twins vs. New York Yankees,Yes|No,No,2026-07-05T17:35:00Z,2026-07-06T01:35:00Z,2026-07-05T20:58:08Z,5.00,2026-07-05T17:35:00Z,2026-07-05T20:57:28Z,history-145aa7a8-a0c4-59e5-a683-d72c022760b7-compact.parquet
353cc086-15ea-581f-a372-c6799a2dd333,0x83d820ef1b6f3cd32f57854012bfff6342a72bbeb6e70f68d77f4bd754cf12be,mlb,Minnesota Twins vs. New York Yankees - Player Props,rest,Ryan Weathers: Strikeouts O/U 5.5,Over|Under,Over,2026-07-05T17:35:00Z,2026-07-06T01:35:00Z,2026-07-05T20:57:30Z,0.00,2026-07-05T17:35:00Z,2026-07-05T20:56:46Z,history-353cc086-15ea-581f-a372-c6799a2dd333-compact.parquet
357327ff-fc50-521a-9853-c67bb300f915,0x06c98ef2def459104d561e615bfaed9293d6561f475a4e6bdeebcaca03c0193d,mlb,Minnesota Twins vs. New York Yankees - Player Props,rest,Cody Bellinger: Home Runs O/U 1.5,Over|Under,Under,2026-07-05T17:35:00Z,2026-07-06T01:35:00Z,2026-07-05T20:57:33Z,0.00,2026-07-05T17:35:00Z,2026-07-05T20:57:05Z,history-357327ff-fc50-521a-9853-c67bb300f915-compact.parquet
38ac17bc-5f84-53bb-a43a-a2982f655c27,0xe6eb5d055678b1f46cecf409be3f5ffbab581b73d9ceefb84f6dfe7332b4071d,mlb,Minnesota Twins vs. New York Yankees - Player Props,rest,Ben Rice: Home Runs O/U 1.5,Over|Under,Under,2026-07-05T17:35:00Z,2026-07-06T01:35:00Z,2026-07-05T20:58:08Z,0.00,2026-07-05T17:35:00Z,2026-07-05T20:57:17Z,history-38ac17bc-5f84-53bb-a43a-a2982f655c27-compact.parquet
423d61f0-43cf-5e41-9597-f171a9982a41,0xbe050a07e968e6e86efe2549eb7c8b59d255dfb3b4bf7074fedd801bd5b5daa8,mlb,Minnesota Twins vs. New York Yankees,spread:f5,1st 5 Innings Spread: New York Yankees (-1.5),New York Yankees|Minnesota Twins,Minnesota Twins,2026-07-05T17:35:00Z,2026-07-06T01:35:00Z,2026-07-05T19:34:45Z,67.50,2026-07-05T17:35:00Z,2026-07-05T19:34:38Z,history-423d61f0-43cf-5e41-9597-f171a9982a41-compact.parquet
452108cc-6327-526b-bce8-fe52cf579bc7,0x494f5bfb6a5948c8248d1b22cebe79a5829ad288e8556b6661524a0be2ce901e,mlb,Minnesota Twins vs. New York Yankees,spread:f5,1st 5 Innings Spread: Minnesota Twins (-1.5),Minnesota Twins|New York Yankees,Minnesota Twins,2026-07-05T17:35:00Z,2026-07-06T01:35:00Z,2026-07-05T19:34:45Z,276.62,2026-07-05T17:35:00Z,2026-07-05T19:34:14Z,history-452108cc-6327-526b-bce8-fe52cf579bc7-compact.parquet
4a75b39e-d92d-5ac6-9404-e851e842541d,0x721be20ee495b3497a34b054783c522ad1ea3ba38d064272e5881e19bc8f16f6,mlb,Minnesota Twins vs. New York Yankees,total:f5,Minnesota Twins vs. New York Yankees: 1st 5 Innings O/U 5.5,Over|Under,Under,2026-07-05T17:35:00Z,2026-07-06T01:35:00Z,2026-07-05T19:34:44Z,0.00,2026-07-05T17:35:00Z,2026-07-05T19:34:18Z,history-4a75b39e-d92d-5ac6-9404-e851e842541d-compact.parquet
4e659edf-6d26-52ca-9e6b-e76d85f48547,0x6f997091a026ad4a042aa7e4ac636ad8d57df90225cc05c11574c128e9fa908d,mlb,Minnesota Twins vs. New York Yankees - Player Props,rest,Royce Lewis: Home Runs O/U 0.5,Over|Under,Under,2026-07-05T17:35:00Z,2026-07-06T01:35:00Z,2026-07-05T20:57:34Z,0.00,2026-07-05T17:35:00Z,2026-07-05T20:56:36Z,history-4e659edf-6d26-52ca-9e6b-e76d85f48547-compact.parquet
500ed398-675e-538c-9ef1-d51b281953b1,0xf2c58cdfa856c70ade8fa36cb2273469d63c0d92dcb9c92677909b7a2d1e89a0,mlb,Minnesota Twins vs. New York Yankees - Player Props,rest,Ben Rice: Home Runs O/U 0.5,Over|Under,Under,2026-07-05T17:35:00Z,2026-07-06T01:35:00Z,2026-07-05T20:57:32Z,630.00,2026-07-05T17:35:00Z,2026-07-05T20:56:36Z,history-500ed398-675e-538c-9ef1-d51b281953b1-compact.parquet
55f73058-2055-5a18-87cb-942828f90720,0x830098572b9836d52596df2f807ecba2bfe16af26975af98aae04eeda0081376,mlb,Minnesota Twins vs. New York Yankees,total:f5,Minnesota Twins vs. New York Yankees: 1st 5 Innings O/U 2.5,Over|Under,Over,2026-07-05T17:35:00Z,2026-07-06T01:35:00Z,2026-07-05T19:31:10Z,33.00,2026-07-05T17:35:00Z,2026-07-05T19:30:18Z,history-55f73058-2055-5a18-87cb-942828f90720-compact.parquet
6ea1481f-d8d9-54cd-9e1b-fbf8cf295ffe,0x1ce84d9d2bb671b57727adb256ff5eabd0728d88c80ca689250d3a8ca0d02bd3,mlb,Minnesota Twins vs. New York Yankees,moneyline,Minnesota Twins vs. New York Yankees,Minnesota Twins|New York Yankees,Minnesota Twins,2026-07-05T17:35:00Z,2026-07-06T01:35:00Z,2026-07-05T20:57:16Z,38098.98,2026-07-05T17:35:00Z,2026-07-05T20:57:01Z,history-6ea1481f-d8d9-54cd-9e1b-fbf8cf295ffe-compact.parquet
710a9b6b-d37a-518a-a29d-ed316a762734,0x25f0275147dfd55ebe3fa041f8865150b797cf443143608195aa24b65b2706c2,mlb,Minnesota Twins vs. New York Yankees,total,Minnesota Twins vs. New York Yankees: O/U 8.5,Over|Under,Under,2026-07-05T17:35:00Z,2026-07-06T01:35:00Z,2026-07-05T20:57:18Z,72272.49,2026-07-05T17:35:00Z,2026-07-05T20:56:40Z,history-710a9b6b-d37a-518a-a29d-ed316a762734-compact.parquet
7202fdd6-6645-54a7-b1f7-4c07329981eb,0x5645670b0fff146eece7864940021502f5f6669e4134ff468e72798a9e1fdc6e,mlb,Minnesota Twins vs. New York Yankees - Player Props,rest,Joe Ryan: Strikeouts O/U 6.5,Over|Under,Over,2026-07-05T17:35:00Z,2026-07-06T01:35:00Z,2026-07-05T20:57:36Z,4.63,2026-07-05T17:35:00Z,2026-07-05T20:57:28Z,history-7202fdd6-6645-54a7-b1f7-4c07329981eb-compact.parquet
7cf40ab9-6830-55e6-9d2f-752058661e6e,0xa6e529263d49061edbbe7de8584e1f5534d65b9be8639ef896b31a9246eb24ee,mlb,Minnesota Twins vs. New York Yankees - Player Props,rest,Kody Clemens: Home Runs O/U 0.5,Over|Under,Under,2026-07-05T17:35:00Z,2026-07-06T01:35:00Z,2026-07-05T20:58:09Z,0.00,2026-07-05T17:35:00Z,2026-07-05T20:57:27Z,history-7cf40ab9-6830-55e6-9d2f-752058661e6e-compact.parquet
7ec39f49-30ad-56d8-a8fc-6db06c72fded,0x4a451ff585d32400dfda0b7e586496b4a5b65a3f8fda7f5d1c5fd8185662c346,mlb,Minnesota Twins vs. New York Yankees - Player Props,rest,Jazz Chisholm Jr.: Home Runs O/U 0.5,Over|Under,Under,2026-07-05T17:35:00Z,2026-07-06T01:35:00Z,2026-07-05T20:57:33Z,0.00,2026-07-05T17:35:00Z,2026-07-05T20:57:01Z,history-7ec39f49-30ad-56d8-a8fc-6db06c72fded-compact.parquet
9030125d-2844-5b86-a2d8-87d9b7a2b11c,0x19e4fcadb085e9a1ba5c1d5735edc0356715eb1f0fe71a76809b56e561cfcd52,mlb,Minnesota Twins vs. New York Yankees - First 5 Innings Winner,rest,New York Yankees winning after 5 innings?,Yes|No,No,2026-07-05T17:35:00Z,2026-07-06T01:35:00Z,2026-07-05T19:35:23Z,0.00,2026-07-05T17:35:00Z,2026-07-05T19:34:18Z,history-9030125d-2844-5b86-a2d8-87d9b7a2b11c-compact.parquet
92b160bc-84d8-5c5a-b5cf-22ecee574a94,0xff7804f0fc436a50950aa15e5e94e5bf45b0b562ace279dd9dd829d99085dd60,mlb,Minnesota Twins vs. New York Yankees - Player Props,rest,Trent Grisham: Home Runs O/U 0.5,Over|Under,Under,2026-07-05T17:35:00Z,2026-07-06T01:35:00Z,2026-07-05T20:57:31Z,0.00,2026-07-05T17:35:00Z,2026-07-05T20:57:05Z,history-92b160bc-84d8-5c5a-b5cf-22ecee574a94-compact.parquet
95ee9124-e533-50ba-b3b9-9c4ad061ae0b,0x3dc4197fc68649cbfe8d9ff1a6810c8cbacef4b25c7ed1e678daac820865e6cd,mlb,Minnesota Twins vs. New York Yankees,total:f5,Minnesota Twins vs. New York Yankees: 1st 5 Innings O/U 6.5,Over|Under,Under,2026-07-05T17:35:00Z,2026-07-06T01:35:00Z,2026-07-05T19:34:43Z,21.71,2026-07-05T17:35:00Z,2026-07-05T19:34:13Z,history-95ee9124-e533-50ba-b3b9-9c4ad061ae0b-compact.parquet
96587536-1e95-5919-8a5f-8d78e9b5f8bb,0xf667dbcf27468d081758bd9a98053410ba0ef2b69ad36ed1340ffd56a93431a6,mlb,Minnesota Twins vs. New York Yankees - Player Props,rest,Joe Ryan: Strikeouts O/U 5.5,Over|Under,Over,2026-07-05T17:35:00Z,2026-07-06T01:35:00Z,2026-07-05T20:57:36Z,3.47,2026-07-05T17:35:00Z,2026-07-05T20:56:36Z,history-96587536-1e95-5919-8a5f-8d78e9b5f8bb-compact.parquet
99c76ad1-2b4b-5d72-bd95-ad2cb6ef0958,0x4d4ee67c17d84d7eb8f942a2e67e5f7d7422a160f1dd7cc44f265c642214ec42,mlb,Minnesota Twins vs. New York Yankees - Player Props,rest,Josh Bell: Home Runs O/U 0.5,Over|Under,Under,2026-07-05T17:35:00Z,2026-07-06T01:35:00Z,2026-07-05T20:57:32Z,68.00,2026-07-05T17:35:00Z,2026-07-05T20:57:28Z,history-99c76ad1-2b4b-5d72-bd95-ad2cb6ef0958-compact.parquet
9bfe79d6-8bd2-5ea7-9efe-fbfd635505fd,0x37e6353601e6b5d1091a9acee5caa7157b257b9d25e38d5d4703f18d874b021b,mlb,Minnesota Twins vs. New York Yankees,total:f5,Minnesota Twins vs. New York Yankees: 1st 5 Innings O/U 3.5,Over|Under,Over,2026-07-05T17:35:00Z,2026-07-06T01:35:00Z,2026-07-05T19:31:10Z,321.90,2026-07-05T17:35:00Z,2026-07-05T19:30:43Z,history-9bfe79d6-8bd2-5ea7-9efe-fbfd635505fd-compact.parquet
a0557837-67d7-50e9-8b2c-3f15027e5946,0xa7dd24562e128826adbbce59fe0afffe0a607822826b248ff89eab60845d9ff4,mlb,Minnesota Twins vs. New York Yankees - Player Props,rest,Brooks Lee: Home Runs O/U 0.5,Over|Under,Under,2026-07-05T17:35:00Z,2026-07-06T01:35:00Z,2026-07-05T20:57:32Z,0.00,2026-07-05T17:35:00Z,2026-07-05T20:57:19Z,history-a0557837-67d7-50e9-8b2c-3f15027e5946-compact.parquet
ade0acf8-d21c-536b-94b2-cf3b92e0ea85,0xddd20ae0be1dd0787d5910314bab00593a0e1f8a216becbe079ace93a38e23b5,mlb,Minnesota Twins vs. New York Yankees,spread:f5,1st 5 Innings Spread: New York Yankees (-2.5),New York Yankees|Minnesota Twins,Minnesota Twins,2026-07-05T17:35:00Z,2026-07-06T01:35:00Z,2026-07-05T19:34:44Z,201.75,2026-07-05T17:35:00Z,2026-07-05T19:34:01Z,history-ade0acf8-d21c-536b-94b2-cf3b92e0ea85-compact.parquet
af85f0ca-7d44-51c1-ab24-3387056b86ef,0xc8239c6fe6719a9e73f03e2890af45ac09ff663fef9d581d8ed2e59dd47d7353,mlb,Minnesota Twins vs. New York Yankees - Player Props,rest,Cody Bellinger: Home Runs O/U 0.5,Over|Under,Under,2026-07-05T17:35:00Z,2026-07-06T01:35:00Z,2026-07-05T20:57:34Z,0.00,2026-07-05T17:35:00Z,2026-07-05T20:56:36Z,history-af85f0ca-7d44-51c1-ab24-3387056b86ef-compact.parquet
b814f7e8-bc81-5355-9bd5-e585acc7d722,0xa7741bb70e196bf40fd93aa66ed2b1feb8aab39c0653befd49b5129dfd7e9b2e,mlb,Minnesota Twins vs. New York Yankees - Player Props,rest,Ryan McMahon: Home Runs O/U 1.5,Over|Under,Under,2026-07-05T17:35:00Z,2026-07-06T01:35:00Z,2026-07-05T20:57:30Z,5.01,2026-07-05T17:35:00Z,2026-07-05T20:56:40Z,history-b814f7e8-bc81-5355-9bd5-e585acc7d722-compact.parquet
c3d3eeff-037a-5300-bf1d-18b48e746f0d,0xfb7e2d461af4398d40de672f9b10defba7ea6e97620c4c53a8546b7d60150683,mlb,Minnesota Twins vs. New York Yankees,spread:f5,1st 5 Innings Spread: Minnesota Twins (-2.5),Minnesota Twins|New York Yankees,Minnesota Twins,2026-07-05T17:35:00Z,2026-07-06T01:35:00Z,2026-07-05T19:34:44Z,0.00,2026-07-05T17:35:00Z,2026-07-05T19:34:24Z,history-c3d3eeff-037a-5300-bf1d-18b48e746f0d-compact.parquet
cdd933a4-9e9c-5ade-a79c-2def656dd4d6,0xd70ae66a34c8d851d36bdf548aa638816a6a0122b203ed3d0b923b9c8556f998,mlb,Minnesota Twins vs. New York Yankees - Player Props,rest,Byron Buxton: Home Runs O/U 1.5,Over|Under,Under,2026-07-05T17:35:00Z,2026-07-06T01:35:00Z,2026-07-05T20:57:36Z,0.00,2026-07-05T17:35:00Z,2026-07-05T20:56:44Z,history-cdd933a4-9e9c-5ade-a79c-2def656dd4d6-compact.parquet
ce68e7de-d762-5b5b-b3a7-0e21e061ad12,0x13879350f6e69f39e4154ef416b628bccd35c30c49cc3b5da0f09592755be787,mlb,Minnesota Twins vs. New York Yankees - First 5 Innings Winner,rest,Minnesota Twins vs. New York Yankees: Tied after 5 innings?,Yes|No,No,2026-07-05T17:35:00Z,2026-07-06T01:35:00Z,2026-07-05T19:35:22Z,0.00,2026-07-05T17:35:00Z,2026-07-05T19:34:31Z,history-ce68e7de-d762-5b5b-b3a7-0e21e061ad12-compact.parquet
d058566c-339d-5b8c-a166-1b481613155d,0x41d6bef78568f4b0e325affd30c3dd588246199f01245e8b72ba07bd59cb7d9f,mlb,Minnesota Twins vs. New York Yankees,total:f5,Minnesota Twins vs. New York Yankees: 1st 5 Innings O/U 4.5,Over|Under,Under,2026-07-05T17:35:00Z,2026-07-06T01:35:00Z,2026-07-05T19:34:45Z,385.35,2026-07-05T17:35:00Z,2026-07-05T19:34:18Z,history-d058566c-339d-5b8c-a166-1b481613155d-compact.parquet
d1685396-3be1-52c5-a20b-d936499f701d,0x34cab1897b225b1d08adea5d6e82a59ca256a44c98a0dca74a51d323328f6409,mlb,Minnesota Twins vs. New York Yankees - Player Props,rest,Ryan McMahon: Home Runs O/U 0.5,Over|Under,Under,2026-07-05T17:35:00Z,2026-07-06T01:35:00Z,2026-07-05T20:57:34Z,0.00,2026-07-05T17:35:00Z,2026-07-05T20:56:39Z,history-d1685396-3be1-52c5-a20b-d936499f701d-compact.parquet
d7f7761d-a397-58df-95e4-7fafd7f985c9,0x995e3180d6c898f13041ec009c36becedf7e8beca5350cb6ce5fc99a5ae9ac69,mlb,Minnesota Twins vs. New York Yankees - Player Props,rest,Byron Buxton: Home Runs O/U 0.5,Over|Under,Under,2026-07-05T17:35:00Z,2026-07-06T01:35:00Z,2026-07-05T20:57:33Z,0.00,2026-07-05T17:35:00Z,2026-07-05T20:57:30Z,history-d7f7761d-a397-58df-95e4-7fafd7f985c9-compact.parquet
e7f6bfae-5a66-54be-ac4f-fdeb7e366a41,0xdc134bc43643e1320f634ca00bee1369cc339924e52325d6dd659d836788f36a,mlb,Minnesota Twins vs. New York Yankees - Player Props,rest,Jasson Domínguez: Home Runs O/U 0.5,Over|Under,Under,2026-07-05T17:35:00Z,2026-07-06T01:35:00Z,2026-07-05T20:57:28Z,0.00,2026-07-05T17:35:00Z,2026-07-05T20:56:24Z,history-e7f6bfae-5a66-54be-ac4f-fdeb7e366a41-compact.parquet
f89045e7-5f90-54d6-8c6a-14e7ea5cf5ab,0xc965a238774aad6731d35c69753d34f707202f03e86e4f4154bfd3556e8d4df9,mlb,Minnesota Twins vs. New York Yankees,total,Minnesota Twins vs. New York Yankees: O/U 9.5,Over|Under,Under,2026-07-05T17:35:00Z,2026-07-06T01:35:00Z,2026-07-05T20:57:19Z,288.20,2026-07-05T17:35:00Z,2026-07-05T20:57:04Z,history-f89045e7-5f90-54d6-8c6a-14e7ea5cf5ab-compact.parquet
0a8ef68c-aec3-5a75-a8ff-a3ce9baadbde,0xa73fe9b69b6d5be0db1604c728d6ba9a961703a9806e9312158fb8ab48d9b84e,mlb,Chicago White Sox vs. Cleveland Guardians - Player Props,rest,Brayan Rocchio: Home Runs O/U 0.5,Over|Under,Under,2026-07-05T18:00:00Z,2026-07-06T02:00:00Z,2026-07-05T22:52:51Z,0.00,2026-07-05T18:00:00Z,2026-07-05T22:51:44Z,history-0a8ef68c-aec3-5a75-a8ff-a3ce9baadbde-compact.parquet
1f1a45d6-518f-5a1f-bdea-1855d0379e85,0xe1b30870d6f205296b7084626aaed5f72ff72e62f6544dd594573015207bf3f7,mlb,Chicago White Sox vs. Cleveland Guardians,spread:f5,1st 5 Innings Spread: Chicago White Sox (-1.5),Chicago White Sox|Cleveland Guardians,Cleveland Guardians,2026-07-05T18:00:00Z,2026-07-06T02:00:00Z,2026-07-05T21:33:24Z,90.77,2026-07-05T18:00:00Z,2026-07-05T21:32:27Z,history-1f1a45d6-518f-5a1f-bdea-1855d0379e85-compact.parquet
2b0481cb-1a81-5350-82d9-19a7658fc4dd,0x32c5ac0a509f5668b424f6868a3d8339e81f05ca6666ade2c6102dc24118919e,mlb,Chicago White Sox vs. Cleveland Guardians,total:f5,Chicago White Sox vs. Cleveland Guardians: 1st 5 Innings O/U 4.5,Over|Under,Over,2026-07-05T18:00:00Z,2026-07-06T02:00:00Z,2026-07-05T20:22:21Z,39.22,2026-07-05T18:00:00Z,2026-07-05T20:21:54Z,history-2b0481cb-1a81-5350-82d9-19a7658fc4dd-compact.parquet
35d5145f-5ec3-5ae8-811b-47da181f0d1d,0x19a09fcc3e6222ee58cef3dbc30093fbca96601e646209c58f423d71f240fe94,mlb,Chicago White Sox vs. Cleveland Guardians,spread:f5,1st 5 Innings Spread: Cleveland Guardians (-2.5),Cleveland Guardians|Chicago White Sox,Chicago White Sox,2026-07-05T18:00:00Z,2026-07-06T02:00:00Z,2026-07-05T21:30:21Z,72.48,2026-07-05T18:00:00Z,2026-07-05T21:29:40Z,history-35d5145f-5ec3-5ae8-811b-47da181f0d1d-compact.parquet
3958b115-21f0-598d-8e02-17f243d4b48b,0xd947ed94b8dc451f548e2258deb1fb8870dec8e52e631ee37691a6241c2321bb,mlb,Chicago White Sox vs. Cleveland Guardians,rest,Will there be a run scored in the first inning?: Chicago White Sox vs. Cleveland Guardians,Yes|No,Yes,2026-07-05T18:00:00Z,2026-07-06T02:00:00Z,2026-07-05T19:56:06Z,70.89,2026-07-05T18:00:00Z,2026-07-05T19:55:25Z,history-3958b115-21f0-598d-8e02-17f243d4b48b-compact.parquet
44a767a2-baca-5c7e-a411-117486f812f9,0xa1cb668f44322a8975bdd12276b7c43bd7705b47298cc6d869858e62ead1435c,mlb,Chicago White Sox vs. Cleveland Guardians,moneyline,Chicago White Sox vs. Cleveland Guardians,Chicago White Sox|Cleveland Guardians,Chicago White Sox,2026-07-05T18:00:00Z,2026-07-06T02:00:00Z,2026-07-05T22:53:12Z,71773.77,2026-07-05T18:00:00Z,2026-07-05T22:52:35Z,history-44a767a2-baca-5c7e-a411-117486f812f9-compact.parquet
578e682a-af65-58c8-87ab-ecb7354ce00c,0x559279bae47def0e649256d9bb96102af0511cbf77c9710e25d572fbee96211c,mlb,Chicago White Sox vs. Cleveland Guardians,spread,Spread: Cleveland Guardians (-1.5),Cleveland Guardians|Chicago White Sox,Chicago White Sox,2026-07-05T18:00:00Z,2026-07-06T02:00:00Z,2026-07-05T22:52:58Z,4631.98,2026-07-05T18:00:00Z,2026-07-05T22:52:19Z,history-578e682a-af65-58c8-87ab-ecb7354ce00c-compact.parquet
838c2c49-bdbc-53bc-8bc4-6cdfebf58efc,0xba61625152ef54b9976370035352a3d56ac9cc7901e0b647d0cd5c10b0e1749c,mlb,Chicago White Sox vs. Cleveland Guardians - First 5 Innings Winner,rest,Chicago White Sox vs. Cleveland Guardians: Tied after 5 innings?,Yes|No,Yes,2026-07-05T18:00:00Z,2026-07-06T02:00:00Z,2026-07-05T21:33:53Z,0.00,2026-07-05T18:00:00Z,2026-07-05T21:33:21Z,history-838c2c49-bdbc-53bc-8bc4-6cdfebf58efc-compact.parquet
87003ec4-2c7f-5c9a-a8d6-e883c479287b,0xb67d27022b8277bed38549e3d4d76f5f6673582b2401c66dc4d5632f2ce50e9c,mlb,Chicago White Sox vs. Cleveland Guardians - Player Props,rest,Colson Montgomery: Home Runs O/U 0.5,Over|Under,Over,2026-07-05T18:00:00Z,2026-07-06T02:00:00Z,2026-07-05T22:52:31Z,0.00,2026-07-05T18:00:00Z,2026-07-05T22:51:58Z,history-87003ec4-2c7f-5c9a-a8d6-e883c479287b-compact.parquet
887b6f67-f262-51c5-8998-d98033e6d0bb,0x49b32f29b5a0da3ca2c4f29364f486138cb8b7ccd2b7a2b773f0a18cec5a3ac5,mlb,Chicago White Sox vs. Cleveland Guardians - First 5 Innings Winner,rest,Cleveland Guardians winning after 5 innings?,Yes|No,No,2026-07-05T18:00:00Z,2026-07-06T02:00:00Z,2026-07-05T21:30:56Z,0.00,2026-07-05T18:00:00Z,2026-07-05T21:29:42Z,history-887b6f67-f262-51c5-8998-d98033e6d0bb-compact.parquet
894dc4bc-9fdc-5a02-99f5-eda5b853b2b2,0x20a6737bc87796d861f6defe67be3bd2d8a575c8b7d2e483f9e1c93071b00462,mlb,Chicago White Sox vs. Cleveland Guardians,spread:f5,1st 5 Innings Spread: Cleveland Guardians (-1.5),Cleveland Guardians|Chicago White Sox,Chicago White Sox,2026-07-05T18:00:00Z,2026-07-06T02:00:00Z,2026-07-05T21:30:18Z,0.00,2026-07-05T18:00:00Z,2026-07-05T21:29:22Z,history-894dc4bc-9fdc-5a02-99f5-eda5b853b2b2-compact.parquet
8be6f990-1dac-584c-96f7-e4d24375b917,0x384591bb32189d0db249ced98e55a16adf318408b4f73213230b689767343dae,mlb,Chicago White Sox vs. Cleveland Guardians,spread:f5,1st 5 Innings Spread: Chicago White Sox (-2.5),Chicago White Sox|Cleveland Guardians,Cleveland Guardians,2026-07-05T18:00:00Z,2026-07-06T02:00:00Z,2026-07-05T21:30:27Z,35.00,2026-07-05T18:00:00Z,2026-07-05T21:29:20Z,history-8be6f990-1dac-584c-96f7-e4d24375b917-compact.parquet
91a13af8-dc54-5582-a7f2-95c30940fe8e,0x6c2aa319d3cbb4497e9a02a5107b8c2c4f06c4c0ccca09acbb561bf046b8191a,mlb,Chicago White Sox vs. Cleveland Guardians - Player Props,rest,Sam Antonacci: Home Runs O/U 0.5,Over|Under,Under,2026-07-05T18:00:00Z,2026-07-06T02:00:00Z,2026-07-05T22:52:35Z,0.00,2026-07-05T18:00:00Z,2026-07-05T22:52:35Z,history-91a13af8-dc54-5582-a7f2-95c30940fe8e-compact.parquet
959c8281-b1f4-524f-b9b6-5edac3c70618,0xb7a2d255015787dbb56002912383c88136232c2dcdee71c136107d46b9203e97,mlb,Chicago White Sox vs. Cleveland Guardians - Player Props,rest,Braden Montgomery: Home Runs O/U 0.5,Over|Under,Under,2026-07-05T18:00:00Z,2026-07-06T02:00:00Z,2026-07-05T22:53:06Z,0.00,2026-07-05T18:00:00Z,2026-07-05T22:52:20Z,history-959c8281-b1f4-524f-b9b6-5edac3c70618-compact.parquet
9cb4b60d-8ba5-5762-a9fa-c29657a1cc93,0xca436ff1cb30696853b6ff48c217d9528e9393b82705a9fdbe4f574f052cfb30,mlb,Chicago White Sox vs. Cleveland Guardians,total:f5,Chicago White Sox vs. Cleveland Guardians: 1st 5 Innings O/U 5.5,Over|Under,Over,2026-07-05T18:00:00Z,2026-07-06T02:00:00Z,2026-07-05T20:27:09Z,0.00,2026-07-05T18:00:00Z,2026-07-05T20:26:29Z,history-9cb4b60d-8ba5-5762-a9fa-c29657a1cc93-compact.parquet
a785b5ba-e7b1-5b07-912a-3f37b5e8debb,0x6697480be68191c0a178edb6085d5e6708ab41520718afe977a7a3ef27ccb6b9,mlb,Chicago White Sox vs. Cleveland Guardians,rest,Will the game go to extra innings?: Chicago White Sox vs. Cleveland Guardians,Yes|No,No,2026-07-05T18:00:00Z,2026-07-06T02:00:00Z,2026-07-05T22:53:12Z,23.15,2026-07-05T18:00:00Z,2026-07-05T22:52:44Z,history-a785b5ba-e7b1-5b07-912a-3f37b5e8debb-compact.parquet
b3a0788b-c218-5f99-b2f6-d6c4a968b5aa,0x2a968900fdd2b0ff4f6f135355f35a0fa5255e1c8def5f2a794b7b8de0857f80,mlb,Chicago White Sox vs. Cleveland Guardians - Player Props,rest,Kyle Teel: Home Runs O/U 0.5,Over|Under,Over,2026-07-05T18:00:00Z,2026-07-06T02:00:00Z,2026-07-05T22:52:38Z,0.00,2026-07-05T18:00:00Z,2026-07-05T22:51:49Z,history-b3a0788b-c218-5f99-b2f6-d6c4a968b5aa-compact.parquet
b6abf1dc-8722-5580-b4c7-44cc0ac09071,0xf0738b01c24727bea48dc3a0020e4e3e3f90a988f0a099d185a5e69b161e34d8,mlb,Chicago White Sox vs. Cleveland Guardians,total:f5,Chicago White Sox vs. Cleveland Guardians: 1st 5 Innings O/U 2.5,Over|Under,Over,2026-07-05T18:00:00Z,2026-07-06T02:00:00Z,2026-07-05T20:11:08Z,0.00,2026-07-05T18:00:00Z,2026-07-05T20:10:10Z,history-b6abf1dc-8722-5580-b4c7-44cc0ac09071-compact.parquet
b7d66be5-c1df-5f84-848c-48164bbdced3,0xb558c32c99e2fab281888053ad9649f6037d9139741d95281b5dc6697376c72b,mlb,Chicago White Sox vs. Cleveland Guardians,total:f5,Chicago White Sox vs. Cleveland Guardians: 1st 5 Innings O/U 6.5,Over|Under,Over,2026-07-05T18:00:00Z,2026-07-06T02:00:00Z,2026-07-05T20:42:08Z,8.78,2026-07-05T18:00:00Z,2026-07-05T20:41:30Z,history-b7d66be5-c1df-5f84-848c-48164bbdced3-compact.parquet
b94206bf-ea23-597b-adc5-c643fb5eb64f,0x3d342686db534b7f284cfb2bcc862279fc86e2b75d5c569b37e1949cdddef403,mlb,Chicago White Sox vs. Cleveland Guardians,total,Chicago White Sox vs. Cleveland Guardians: O/U 8.5,Over|Under,Over,2026-07-05T18:00:00Z,2026-07-06T02:00:00Z,2026-07-05T20:42:09Z,1808.55,2026-07-05T18:00:00Z,2026-07-05T20:41:35Z,history-b94206bf-ea23-597b-adc5-c643fb5eb64f-compact.parquet
c7b20f2d-417f-5cca-a82b-036381685c71,0xa5ac8c140687193c0abf206f653d31e8664acac3afce0f490b4594855cb357b3,mlb,Chicago White Sox vs. Cleveland Guardians - Player Props,rest,Travis Bazzana: Home Runs O/U 0.5,Over|Under,Under,2026-07-05T18:00:00Z,2026-07-06T02:00:00Z,2026-07-05T22:52:43Z,0.00,2026-07-05T18:00:00Z,2026-07-05T22:52:24Z,history-c7b20f2d-417f-5cca-a82b-036381685c71-compact.parquet
c96fbd83-5349-53f7-9d07-d2d5187772b9,0x522bf8025738933aa26b973001309fc8284b4a0e976e303ab4661bce39deaa5d,mlb,Chicago White Sox vs. Cleveland Guardians,total:f5,Chicago White Sox vs. Cleveland Guardians: 1st 5 Innings O/U 3.5,Over|Under,Over,2026-07-05T18:00:00Z,2026-07-06T02:00:00Z,2026-07-05T20:11:08Z,0.00,2026-07-05T18:00:00Z,2026-07-05T20:10:26Z,history-c96fbd83-5349-53f7-9d07-d2d5187772b9-compact.parquet
ce57688a-9381-57ca-bbc0-ad1f5abf9edf,0x2b1cf5cfe6a486f0a24d59b3fb2159851f5f14dabd01091f7da83f54ff6e70b4,mlb,Chicago White Sox vs. Cleveland Guardians - Player Props,rest,Andrew Benintendi: Home Runs O/U 0.5,Over|Under,Under,2026-07-05T18:00:00Z,2026-07-06T02:00:00Z,2026-07-05T22:53:10Z,0.00,2026-07-05T18:00:00Z,2026-07-05T22:52:49Z,history-ce57688a-9381-57ca-bbc0-ad1f5abf9edf-compact.parquet
e02d0259-8e39-556c-ac20-cfe01bc24fcb,0x85ef171d65bf1733e1f70a9b84a78093a8a738bc9c30749c6f67ceec12873c1d,mlb,Chicago White Sox vs. Cleveland Guardians - Player Props,rest,Miguel Vargas: Home Runs O/U 0.5,Over|Under,Under,2026-07-05T18:00:00Z,2026-07-06T02:00:00Z,2026-07-05T22:52:36Z,0.00,2026-07-05T18:00:00Z,2026-07-05T22:52:08Z,history-e02d0259-8e39-556c-ac20-cfe01bc24fcb-compact.parquet
e97cde56-2bff-54f3-9773-6dff831d64c9,0x9140a32a850d8c802e9595404c62c3d16f734cd6e27911f4d736dc152bf7ec80,mlb,Chicago White Sox vs. Cleveland Guardians - First 5 Innings Winner,rest,Chicago White Sox winning after 5 innings?,Yes|No,No,2026-07-05T18:00:00Z,2026-07-06T02:00:00Z,2026-07-05T21:30:57Z,0.00,2026-07-05T18:00:00Z,2026-07-05T21:29:44Z,history-e97cde56-2bff-54f3-9773-6dff831d64c9-compact.parquet
eafc1240-5d25-555e-a195-d5aeecc036df,0x0535195fe8521ef38b36bcded234824b9af9baaf734830d187e44261f05a5c62,mlb,Chicago White Sox vs. Cleveland Guardians - Player Props,rest,Tanner Bibee: Strikeouts O/U 4.5,Over|Under,Under,2026-07-05T18:00:00Z,2026-07-06T02:00:00Z,2026-07-05T22:53:01Z,0.00,2026-07-05T18:00:00Z,2026-07-05T22:52:25Z,history-eafc1240-5d25-555e-a195-d5aeecc036df-compact.parquet
edd17720-d24f-5e22-8108-c147770a7665,0xd76dffd6af5a09cd05c0eb61da2bcf36c9ed3b8e43be8348f4122e10ede3cbc5,mlb,Chicago White Sox vs. Cleveland Guardians - Player Props,rest,Chase DeLauter: Home Runs O/U 0.5,Over|Under,Over,2026-07-05T18:00:00Z,2026-07-06T02:00:00Z,2026-07-05T22:53:08Z,0.00,2026-07-05T18:00:00Z,2026-07-05T22:53:05Z,history-edd17720-d24f-5e22-8108-c147770a7665-compact.parquet
ee5275f6-e9de-5f2e-8185-fc71124badd2,0x1cac0b6b836be6ba9cad6ec2adc9bb34b9359bb3ae67ec330a5e4c451d024a35,mlb,Chicago White Sox vs. Cleveland Guardians - Player Props,rest,Kahlil Watson: Home Runs O/U 0.5,Over|Under,Under,2026-07-05T18:00:00Z,2026-07-06T02:00:00Z,2026-07-05T22:52:35Z,0.00,2026-07-05T18:00:00Z,2026-07-05T22:52:26Z,history-ee5275f6-e9de-5f2e-8185-fc71124badd2-compact.parquet
f1039172-1453-51aa-a228-f292e9afe6e1,0x27f58db59423b348d62d20c7ce942a7028ffd506d60a5b3e2f508f64851d5202,mlb,Chicago White Sox vs. Cleveland Guardians - Player Props,rest,Kyle Manzardo: Home Runs O/U 0.5,Over|Under,Under,2026-07-05T18:00:00Z,2026-07-06T02:00:00Z,2026-07-05T22:52:30Z,0.00,2026-07-05T18:00:00Z,2026-07-05T22:52:04Z,history-f1039172-1453-51aa-a228-f292e9afe6e1-compact.parquet
005980df-3a4b-5463-a4d7-6c0eb6905666,0x25ee11f3e7b4c6a838367cc2365e21805806ce48b896764611e235c91dbcb2eb,mlb,St. Louis Cardinals vs. Chicago Cubs,total:f5,St. Louis Cardinals vs. Chicago Cubs: 1st 5 Innings O/U 3.5,Over|Under,Under,2026-07-05T18:30:00Z,2026-07-06T02:30:00Z,2026-07-05T20:17:41Z,58.50,2026-07-05T18:30:00Z,2026-07-05T20:16:57Z,history-005980df-3a4b-5463-a4d7-6c0eb6905666-compact.parquet
19d8028d-774a-5ad6-a8e0-2133da438303,0xdcea5697446e9e2492368b592b548f64e75d86b02c69b10dccc0b3a2286a586e,mlb,St. Louis Cardinals vs. Chicago Cubs,total:f5,St. Louis Cardinals vs. Chicago Cubs: 1st 5 Innings O/U 2.5,Over|Under,Under,2026-07-05T18:30:00Z,2026-07-06T02:30:00Z,2026-07-05T20:17:39Z,32.00,2026-07-05T18:30:00Z,2026-07-05T20:16:53Z,history-19d8028d-774a-5ad6-a8e0-2133da438303-compact.parquet
30df3126-6014-5968-a1c9-b9c493f11e50,0xb7edc6add7b27e68d3506100fec834dc34c8589831f5b0a1f44a9431ac401c0d,mlb,St. Louis Cardinals vs. Chicago Cubs - First 5 Innings Winner,rest,St. Louis Cardinals vs. Chicago Cubs: Tied after 5 innings?,Yes|No,No,2026-07-05T18:30:00Z,2026-07-06T02:30:00Z,2026-07-05T20:18:21Z,0.00,2026-07-05T18:30:00Z,2026-07-05T20:18:21Z,history-30df3126-6014-5968-a1c9-b9c493f11e50-compact.parquet
3edea208-8dbc-5e1d-81f2-1ab291f8837b,0x65afcccfa80186a2ebb07bb55492ad96cdef394c8ba9f6844b8e2ec8f335547c,mlb,St. Louis Cardinals vs. Chicago Cubs,spread:f5,1st 5 Innings Spread: Chicago Cubs (-1.5),Chicago Cubs|St. Louis Cardinals,Chicago Cubs,2026-07-05T18:30:00Z,2026-07-06T02:30:00Z,2026-07-05T20:17:39Z,0.00,2026-07-05T18:30:00Z,2026-07-05T20:17:29Z,history-3edea208-8dbc-5e1d-81f2-1ab291f8837b-compact.parquet
3f1aede5-5fdb-5f00-9f0f-6b9d471fbd86,0x65cfa1486b4f5123fe68f0e82ef4685ed11398a98d69f5c80fc5eb330be8fea0,mlb,St. Louis Cardinals vs. Chicago Cubs - Player Props,rest,Alec Burleson: Home Runs O/U 0.5,Over|Under,Under,2026-07-05T18:30:00Z,2026-07-06T02:30:00Z,2026-07-05T21:34:55Z,0.00,2026-07-05T18:30:00Z,2026-07-05T21:34:55Z,history-3f1aede5-5fdb-5f00-9f0f-6b9d471fbd86-compact.parquet
58c71dd2-a096-591a-b416-8758cdb6ff31,0xf485f5fb258a85e0355d5e0bcf321bd8c71cb6416f4c1dcec9a1354c1df4455e,mlb,St. Louis Cardinals vs. Chicago Cubs - Player Props,rest,Javier Assad: Strikeouts O/U 3.5,Over|Under,Under,2026-07-05T18:30:00Z,2026-07-06T02:30:00Z,2026-07-05T21:34:54Z,0.00,2026-07-05T18:30:00Z,2026-07-05T21:34:47Z,history-58c71dd2-a096-591a-b416-8758cdb6ff31-compact.parquet
6363ed70-c7e8-5a65-814b-45293a01f9c7,0x85abe30b8d5e178cf080a600cbaa46516c2592a3fa52a93735a64272ed5dc51b,mlb,St. Louis Cardinals vs. Chicago Cubs,total,St. Louis Cardinals vs. Chicago Cubs: O/U 8.5,Over|Under,Over,2026-07-05T18:30:00Z,2026-07-06T02:30:00Z,2026-07-05T20:46:53Z,17658.67,2026-07-05T18:30:00Z,2026-07-05T20:46:26Z,history-6363ed70-c7e8-5a65-814b-45293a01f9c7-compact.parquet
65b98296-4caa-5524-b46a-ec851613c734,0x27a263118e554fb627ff6d2e063963d3e6df30680a5bd4ee9d062fb1c21b7d0a,mlb,St. Louis Cardinals vs. Chicago Cubs - Player Props,rest,Seiya Suzuki: Home Runs O/U 0.5,Over|Under,Under,2026-07-05T18:30:00Z,2026-07-06T02:30:00Z,2026-07-05T21:34:41Z,500.00,2026-07-05T18:30:00Z,2026-07-05T21:34:26Z,history-65b98296-4caa-5524-b46a-ec851613c734-compact.parquet
6839ec5d-8508-506b-9c7b-d8316698a06c,0xf02193822b4d841e57f8458445deac89907911e58b4470d4c1506b300602f13c,mlb,St. Louis Cardinals vs. Chicago Cubs,moneyline,St. Louis Cardinals vs. Chicago Cubs,St. Louis Cardinals|Chicago Cubs,Chicago Cubs,2026-07-05T18:30:00Z,2026-07-06T02:30:00Z,2026-07-05T21:34:56Z,25302.89,2026-07-05T18:30:00Z,2026-07-05T21:34:04Z,history-6839ec5d-8508-506b-9c7b-d8316698a06c-compact.parquet
6ae981fd-3f44-5652-9543-dc997f714849,0x514037646ace3cf56fb68152bfc94e791b146036205b555b26ab6f1617e205a5,mlb,St. Louis Cardinals vs. Chicago Cubs - Player Props,rest,JJ Wetherholt: Home Runs O/U 0.5,Over|Under,Under,2026-07-05T18:30:00Z,2026-07-06T02:30:00Z,2026-07-05T21:34:40Z,0.00,2026-07-05T18:30:00Z,2026-07-05T21:33:45Z,history-6ae981fd-3f44-5652-9543-dc997f714849-compact.parquet
74706943-e73d-5fb9-a7d6-3564fdd1deb8,0x55e9fb6775a37aef014bac1a72aa15a3298acad017e2305a5b60fbd2868b5b1e,mlb,St. Louis Cardinals vs. Chicago Cubs,spread,Spread: Chicago Cubs (-1.5),Chicago Cubs|St. Louis Cardinals,Chicago Cubs,2026-07-05T18:30:00Z,2026-07-06T02:30:00Z,2026-07-05T21:34:55Z,4975.50,2026-07-05T18:30:00Z,2026-07-05T21:34:54Z,history-74706943-e73d-5fb9-a7d6-3564fdd1deb8-compact.parquet
791578a1-6dad-540f-9b65-058c54fdad33,0xf73eea18d7326a3c0e820258f90e447290b6d7e2bfa1e70e5977519b9f2f6ecf,mlb,St. Louis Cardinals vs. Chicago Cubs - First 5 Innings Winner,rest,Chicago Cubs winning after 5 innings?,Yes|No,Yes,2026-07-05T18:30:00Z,2026-07-06T02:30:00Z,2026-07-05T20:22:51Z,0.00,2026-07-05T18:30:00Z,2026-07-05T20:21:30Z,history-791578a1-6dad-540f-9b65-058c54fdad33-compact.parquet
810908f7-4077-5dbe-af87-18369bf1d487,0xc5f634582cbbcce9c02bdac3519e06f4f1d2e0282a3bde48250fc69fb6e4f831,mlb,St. Louis Cardinals vs. Chicago Cubs - Player Props,rest,Matthew Liberatore: Strikeouts O/U 3.5,Over|Under,Under,2026-07-05T18:30:00Z,2026-07-06T02:30:00Z,2026-07-05T21:34:56Z,0.00,2026-07-05T18:30:00Z,2026-07-05T21:34:54Z,history-810908f7-4077-5dbe-af87-18369bf1d487-compact.parquet
919bf08c-aa11-5a6e-95e1-7924b191a901,0xe950f308fd98007d11196b0a8bae19e32fd2f489c2d4d10bc081907cfefe549d,mlb,St. Louis Cardinals vs. Chicago Cubs - Player Props,rest,Nico Hoerner: Home Runs O/U 0.5,Over|Under,Under,2026-07-05T18:30:00Z,2026-07-06T02:30:00Z,2026-07-05T21:34:43Z,0.00,2026-07-05T18:30:00Z,2026-07-05T21:34:21Z,history-919bf08c-aa11-5a6e-95e1-7924b191a901-compact.parquet
9245b59b-bebf-5591-a2fb-8f4c06354ba8,0xf4d8a7c93aac4216da71d9c9ce81d2953b015feae234725eba7495674b60f25c,mlb,St. Louis Cardinals vs. Chicago Cubs,rest,Will the game go to extra innings?: St. Louis Cardinals vs. Chicago Cubs,Yes|No,No,2026-07-05T18:30:00Z,2026-07-06T02:30:00Z,2026-07-05T21:34:57Z,5.00,2026-07-05T18:30:00Z,2026-07-05T21:34:25Z,history-9245b59b-bebf-5591-a2fb-8f4c06354ba8-compact.parquet
93523b77-280d-5d1e-a9fd-7fe2d71fc67e,0xc460246c39b8ea012a421fadb8ad472fb540dd0012ccdbde2ddbfa85ddce0de2,mlb,St. Louis Cardinals vs. Chicago Cubs - Player Props,rest,Jordan Walker: Home Runs O/U 0.5,Over|Under,Over,2026-07-05T18:30:00Z,2026-07-06T02:30:00Z,2026-07-05T21:34:43Z,953.84,2026-07-05T18:30:00Z,2026-07-05T21:34:21Z,history-93523b77-280d-5d1e-a9fd-7fe2d71fc67e-compact.parquet
9b264271-5c99-552e-a020-164881db5d7b,0x144b25896190a9d23906d5c69aac9d33ab7886d73c9bc4419e4d4e20da8b0ecd,mlb,St. Louis Cardinals vs. Chicago Cubs - Player Props,rest,Ian Happ: Home Runs O/U 0.5,Over|Under,Under,2026-07-05T18:30:00Z,2026-07-06T02:30:00Z,2026-07-05T21:34:45Z,0.00,2026-07-05T18:30:00Z,2026-07-05T21:34:05Z,history-9b264271-5c99-552e-a020-164881db5d7b-compact.parquet
9e615c81-8214-5037-83c1-e36daeb6be23,0xc61bed2c0cdc51059a43d6cab580f2d9a59ef75f7847e39350dc5852a034f84e,mlb,St. Louis Cardinals vs. Chicago Cubs,rest,Will there be a run scored in the first inning?: St. Louis Cardinals vs. Chicago Cubs,Yes|No,Yes,2026-07-05T18:30:00Z,2026-07-06T02:30:00Z,2026-07-05T19:06:52Z,714.95,2026-07-05T18:30:00Z,2026-07-05T19:06:08Z,history-9e615c81-8214-5037-83c1-e36daeb6be23-compact.parquet
a928169c-88b9-5548-b01a-8b2aebb93231,0xb3416b52afcfe70e797ac2536d5cdb0ee4433fd72d2688a120fdba8c41bc0611,mlb,St. Louis Cardinals vs. Chicago Cubs - Player Props,rest,Alex Bregman: Home Runs O/U 0.5,Over|Under,Under,2026-07-05T18:30:00Z,2026-07-06T02:30:00Z,2026-07-05T21:34:56Z,0.00,2026-07-05T18:30:00Z,2026-07-05T21:34:53Z,history-a928169c-88b9-5548-b01a-8b2aebb93231-compact.parquet
ae569144-1233-594d-aa58-90d11f0a564c,0x1181c8392df3efda3fb199f3e83f75a1d0c2e51487704933addd05535439df02,mlb,St. Louis Cardinals vs. Chicago Cubs - Player Props,rest,Pete Crow-Armstrong: Home Runs O/U 0.5,Over|Under,Under,2026-07-05T18:30:00Z,2026-07-06T02:30:00Z,2026-07-05T21:34:41Z,0.00,2026-07-05T18:30:00Z,2026-07-05T21:34:21Z,history-ae569144-1233-594d-aa58-90d11f0a564c-compact.parquet
aebdf1f9-7ddc-5922-bd36-4849d597d694,0x68cebd388251e35e18f455f22102c8d4de88e479be005d2ea18cf0d5edf96d3e,mlb,St. Louis Cardinals vs. Chicago Cubs,total:f5,St. Louis Cardinals vs. Chicago Cubs: 1st 5 Innings O/U 4.5,Over|Under,Under,2026-07-05T18:30:00Z,2026-07-06T02:30:00Z,2026-07-05T20:17:39Z,1112.87,2026-07-05T18:30:00Z,2026-07-05T20:17:21Z,history-aebdf1f9-7ddc-5922-bd36-4849d597d694-compact.parquet
b02eaf67-347c-5b1f-bac1-906b15e032a6,0x314a62236981e91aef1c8360f06f1d751fac2b0f68841eb0002aa9880f30ebe8,mlb,St. Louis Cardinals vs. Chicago Cubs,spread:f5,1st 5 Innings Spread: St. Louis Cardinals (-1.5),St. Louis Cardinals|Chicago Cubs,Chicago Cubs,2026-07-05T18:30:00Z,2026-07-06T02:30:00Z,2026-07-05T20:17:40Z,5.00,2026-07-05T18:30:00Z,2026-07-05T20:16:53Z,history-b02eaf67-347c-5b1f-bac1-906b15e032a6-compact.parquet
b0a8d59b-d6ca-55d3-92b7-61d507f5f04d,0x95950df921c8936194338f9570cea3b628859951cf2eac2abcce24da2d48cfd6,mlb,St. Louis Cardinals vs. Chicago Cubs,spread:f5,1st 5 Innings Spread: Chicago Cubs (-2.5),Chicago Cubs|St. Louis Cardinals,St. Louis Cardinals,2026-07-05T18:30:00Z,2026-07-06T02:30:00Z,2026-07-05T20:17:41Z,28.91,2026-07-05T18:30:00Z,2026-07-05T20:17:29Z,history-b0a8d59b-d6ca-55d3-92b7-61d507f5f04d-compact.parquet
b79d9215-0413-50c5-88f0-1a48d18e07bb,0x53a22323c54e778889709804d13ad62383b2f49c0d04f5c47aee92b80f23bd40,mlb,St. Louis Cardinals vs. Chicago Cubs - Player Props,rest,Carson Kelly: Home Runs O/U 0.5,Over|Under,Under,2026-07-05T18:30:00Z,2026-07-06T02:30:00Z,2026-07-05T21:34:41Z,0.00,2026-07-05T18:30:00Z,2026-07-05T21:33:43Z,history-b79d9215-0413-50c5-88f0-1a48d18e07bb-compact.parquet
bcd355b6-6b21-56e0-a5b2-e048334998c4,0x67f59659c8e931b7c12e998571c136fc25011bf284663052f9ce2c529dbdcde0,mlb,St. Louis Cardinals vs. Chicago Cubs,spread:f5,1st 5 Innings Spread: St. Louis Cardinals (-2.5),St. Louis Cardinals|Chicago Cubs,Chicago Cubs,2026-07-05T18:30:00Z,2026-07-06T02:30:00Z,2026-07-05T20:17:41Z,8.25,2026-07-05T18:30:00Z,2026-07-05T20:17:05Z,history-bcd355b6-6b21-56e0-a5b2-e048334998c4-compact.parquet
cb566b84-a741-5682-9aff-470bff7ab82b,0x8f846b8ecee90524ade9a8241a9e0a11d1999b1061c8cd80e13202694805997c,mlb,St. Louis Cardinals vs. Chicago Cubs,total:f5,St. Louis Cardinals vs. Chicago Cubs: 1st 5 Innings O/U 5.5,Over|Under,Under,2026-07-05T18:30:00Z,2026-07-06T02:30:00Z,2026-07-05T20:17:41Z,13.00,2026-07-05T18:30:00Z,2026-07-05T20:16:52Z,history-cb566b84-a741-5682-9aff-470bff7ab82b-compact.parquet
dcb95af2-3860-5eb3-badc-d90faa0b557d,0x31c478ea996e767392e67bd18ca6f487d36a2d02134572efe1095a7fb81e03d4,mlb,St. Louis Cardinals vs. Chicago Cubs - Player Props,rest,Iván Herrera: Home Runs O/U 0.5,Over|Under,Under,2026-07-05T18:30:00Z,2026-07-06T02:30:00Z,2026-07-05T21:34:40Z,0.00,2026-07-05T18:30:00Z,2026-07-05T21:34:32Z,history-dcb95af2-3860-5eb3-badc-d90faa0b557d-compact.parquet
e0d5b949-9d30-59dc-afa9-038d576b26f3,0x841cfe02954203f118a8533170de2141918985a90a68e99f9c18e0f8d8077acc,mlb,St. Louis Cardinals vs. Chicago Cubs - First 5 Innings Winner,rest,St. Louis Cardinals winning after 5 innings?,Yes|No,No,2026-07-05T18:30:00Z,2026-07-06T02:30:00Z,2026-07-05T20:18:21Z,0.00,2026-07-05T18:30:00Z,2026-07-05T20:17:27Z,history-e0d5b949-9d30-59dc-afa9-038d576b26f3-compact.parquet
eb1868e2-16b4-508f-9de4-847826583a70,0xe8f7778b30f429865e60fcceacbdea93030c2b928ef9bca0d69520adbefd25f8,mlb,St. Louis Cardinals vs. Chicago Cubs,total:f5,St. Louis Cardinals vs. Chicago Cubs: 1st 5 Innings O/U 6.5,Over|Under,Under,2026-07-05T18:30:00Z,2026-07-06T02:30:00Z,2026-07-05T20:17:42Z,0.00,2026-07-05T18:30:00Z,2026-07-05T20:17:27Z,history-eb1868e2-16b4-508f-9de4-847826583a70-compact.parquet
ed11589b-89c7-5542-94fe-5b9fef9e48e1,0x6ce4c524d740616fcdf91b46d0a7357cdc715cfb48dc6d610f17e7c29133bb88,mlb,St. Louis Cardinals vs. Chicago Cubs - Player Props,rest,Matthew Liberatore: Strikeouts O/U 4.5,Over|Under,Under,2026-07-05T18:30:00Z,2026-07-06T02:30:00Z,2026-07-05T21:34:56Z,0.00,2026-07-05T18:30:00Z,2026-07-05T21:34:54Z,history-ed11589b-89c7-5542-94fe-5b9fef9e48e1-compact.parquet
f11b01ae-31a2-5480-88e6-ded2f2d4dee5,0x71e419228f1cc7edfc94f9c7b2923cd7ce098547b53a804613d39cfac7ec41b8,mlb,St. Louis Cardinals vs. Chicago Cubs - Player Props,rest,Lars Nootbaar: Home Runs O/U 0.5,Over|Under,Under,2026-07-05T18:30:00Z,2026-07-06T02:30:00Z,2026-07-05T21:34:42Z,7.37,2026-07-05T18:30:00Z,2026-07-05T21:33:43Z,history-f11b01ae-31a2-5480-88e6-ded2f2d4dee5-compact.parquet
f9285830-903c-5fa9-a934-23059d945e92,0x9244c2dd829c1e0e053530ca9f8c83816bcbdcff36f9f95d1d874976241d78a6,mlb,St. Louis Cardinals vs. Chicago Cubs - Player Props,rest,Michael Busch: Home Runs O/U 0.5,Over|Under,Under,2026-07-05T18:30:00Z,2026-07-06T02:30:00Z,2026-07-05T21:34:43Z,0.00,2026-07-05T18:30:00Z,2026-07-05T21:34:14Z,history-f9285830-903c-5fa9-a934-23059d945e92-compact.parquet
0b0bea2e-69a6-56b9-bef5-0547530f4d97,0xdb5aea163df4c20272842989eab7fdee51d7f9084b9d9e42efec085e755d88cb,mlb,Philadelphia Phillies vs. Kansas City Royals,total,Philadelphia Phillies vs. Kansas City Royals: O/U 9.5,Over|Under,Under,2026-07-05T19:00:00Z,2026-07-06T03:00:00Z,2026-07-05T21:47:12Z,15954.66,2026-07-05T19:00:00Z,2026-07-05T21:46:06Z,history-0b0bea2e-69a6-56b9-bef5-0547530f4d97-compact.parquet
101f5e88-617f-5ba7-a474-9e92b8e58d84,0x619cc3924be11c8e6ed65187c478df23853dd5d6847a6c3f90f2ffbbb8815c97,mlb,Philadelphia Phillies vs. Kansas City Royals,spread:f5,1st 5 Innings Spread: Philadelphia Phillies (-1.5),Philadelphia Phillies|Kansas City Royals,Kansas City Royals,2026-07-05T19:00:00Z,2026-07-06T03:00:00Z,2026-07-05T20:44:26Z,0.00,2026-07-05T19:00:00Z,2026-07-05T20:43:38Z,history-101f5e88-617f-5ba7-a474-9e92b8e58d84-compact.parquet
17ead6af-6eb9-579d-9005-4736f2956aa7,0xd12f05dd5944bc3844576ae715964be6f94f2d18f3fec89349b1411d0b4a5a70,mlb,Philadelphia Phillies vs. Kansas City Royals,rest,Will the game go to extra innings?: Philadelphia Phillies vs. Kansas City Royals,Yes|No,No,2026-07-05T19:00:00Z,2026-07-06T03:00:00Z,2026-07-05T22:55:39Z,0.00,2026-07-05T19:00:00Z,2026-07-05T22:54:38Z,history-17ead6af-6eb9-579d-9005-4736f2956aa7-compact.parquet
221ab3ed-891f-519a-96e6-c1ccab827e73,0x5f1685944f6c9e6f16bde39567cc76a8cbbd3f39e777bd0754473e1432b66aa8,mlb,Philadelphia Phillies vs. Kansas City Royals - Player Props,rest,Bobby Witt Jr.: Home Runs O/U 0.5,Over|Under,Under,2026-07-05T19:00:00Z,2026-07-06T03:00:00Z,2026-07-05T21:47:15Z,0.00,2026-07-05T19:00:00Z,2026-07-05T21:46:40Z,history-221ab3ed-891f-519a-96e6-c1ccab827e73-compact.parquet
3cd07111-0d69-5334-ab51-d8d68850c000,0x3f5ccbc072d6f6a9b606bf06ff5ec4cd20beed3fda1031530632b50a7e0c72d1,mlb,Philadelphia Phillies vs. Kansas City Royals,spread:f5,1st 5 Innings Spread: Philadelphia Phillies (-2.5),Philadelphia Phillies|Kansas City Royals,Kansas City Royals,2026-07-05T19:00:00Z,2026-07-06T03:00:00Z,2026-07-05T20:44:25Z,0.00,2026-07-05T19:00:00Z,2026-07-05T20:44:18Z,history-3cd07111-0d69-5334-ab51-d8d68850c000-compact.parquet
44e946c4-5990-5a1b-aeb7-1fd270e0dd3c,0xdee8808057dc78529bbe7652f95337ae8d7447271c85a849a0fe063ec716972f,mlb,Philadelphia Phillies vs. Kansas City Royals,total:f5,Philadelphia Phillies vs. Kansas City Royals: 1st 5 Innings O/U 5.5,Over|Under,Under,2026-07-05T19:00:00Z,2026-07-06T03:00:00Z,2026-07-05T20:44:33Z,42.67,2026-07-05T19:00:00Z,2026-07-05T20:43:56Z,history-44e946c4-5990-5a1b-aeb7-1fd270e0dd3c-compact.parquet
47345c05-bbcf-5e4f-ab48-eb174f731beb,0x35d229c5661b7a3e50f157191804bbcbec05b6521452f02c750d450194227f29,mlb,Philadelphia Phillies vs. Kansas City Royals,total:f5,Philadelphia Phillies vs. Kansas City Royals: 1st 5 Innings O/U 2.5,Over|Under,Over,2026-07-05T19:00:00Z,2026-07-06T03:00:00Z,2026-07-05T20:33:54Z,0.00,2026-07-05T19:00:00Z,2026-07-05T20:33:33Z,history-47345c05-bbcf-5e4f-ab48-eb174f731beb-compact.parquet
4ad87af2-ec8a-54d8-ab64-901452ec5478,0x9357f91986a7a29c3a21acb3e20d985f03cc0c753bf74d6b9314a2322784b93b,mlb,Philadelphia Phillies vs. Kansas City Royals,spread,Spread: Philadelphia Phillies (-1.5),Philadelphia Phillies|Kansas City Royals,Kansas City Royals,2026-07-05T19:00:00Z,2026-07-06T03:00:00Z,2026-07-05T21:47:15Z,2166.94,2026-07-05T19:00:00Z,2026-07-05T21:46:59Z,history-4ad87af2-ec8a-54d8-ab64-901452ec5478-compact.parquet
4afae6a1-6084-540e-99ea-9cb38d7354f7,0x78ca3f99b51649dbec8c243e1057e6c30319e41b74827ebf6c5beaad414b82c4,mlb,Philadelphia Phillies vs. Kansas City Royals,total,Philadelphia Phillies vs. Kansas City Royals: O/U 10.5,Over|Under,Under,2026-07-05T19:00:00Z,2026-07-06T03:00:00Z,2026-07-05T21:47:26Z,32174.10,2026-07-05T19:00:00Z,2026-07-05T21:46:53Z,history-4afae6a1-6084-540e-99ea-9cb38d7354f7-compact.parquet
4e7e8c07-b04e-5d2e-b627-3235a8ceceeb,0x6cb4e451d705a3af504a96f246172c3e2f2f528339fa22f8c6029d3d0733e5a1,mlb,Philadelphia Phillies vs. Kansas City Royals - Player Props,rest,Nick Loftin: Home Runs O/U 1.5,Over|Under,Under,2026-07-05T19:00:00Z,2026-07-06T03:00:00Z,2026-07-05T21:47:25Z,5.01,2026-07-05T19:00:00Z,2026-07-05T21:46:54Z,history-4e7e8c07-b04e-5d2e-b627-3235a8ceceeb-compact.parquet
4eb3d833-9c21-54cf-a989-4e06547728c7,0x19cd72b3f3fcb8dde94a4ff71fab0444e491e773959fd2f4e2339f9528ce78bd,mlb,Philadelphia Phillies vs. Kansas City Royals - Player Props,rest,Salvador Perez: Home Runs O/U 0.5,Over|Under,Under,2026-07-05T19:00:00Z,2026-07-06T03:00:00Z,2026-07-05T21:47:27Z,0.00,2026-07-05T19:00:00Z,2026-07-05T21:46:48Z,history-4eb3d833-9c21-54cf-a989-4e06547728c7-compact.parquet
667917de-5911-5a91-a841-f7e4784fa865,0xd4329adb394cb4c68a46599f8ac86cadc85d204a9e58860eb53ad7209c23fc88,mlb,Philadelphia Phillies vs. Kansas City Royals,total:f5,Philadelphia Phillies vs. Kansas City Royals: 1st 5 Innings O/U 6.5,Over|Under,Under,2026-07-05T19:00:00Z,2026-07-06T03:00:00Z,2026-07-05T20:44:33Z,40.00,2026-07-05T19:00:00Z,2026-07-05T20:43:56Z,history-667917de-5911-5a91-a841-f7e4784fa865-compact.parquet
6e8be7f7-a3a9-56ea-be8f-545628428a63,0xcd9704e3ed031f408833f81d1e5e5085d75b2b5bd012b4ae296c1eb2c61a005b,mlb,Philadelphia Phillies vs. Kansas City Royals,total:f5,Philadelphia Phillies vs. Kansas City Royals: 1st 5 Innings O/U 3.5,Over|Under,Over,2026-07-05T19:00:00Z,2026-07-06T03:00:00Z,2026-07-05T20:44:29Z,0.00,2026-07-05T19:00:00Z,2026-07-05T20:44:11Z,history-6e8be7f7-a3a9-56ea-be8f-545628428a63-compact.parquet
701cde63-d8e6-5673-b17f-5aed44c083eb,0xca2c1953dae43eb2983f209c4021d2a1cee28f217492e629a937af4f4c42bbef,mlb,Philadelphia Phillies vs. Kansas City Royals,spread:f5,1st 5 Innings Spread: Kansas City Royals (-1.5),Kansas City Royals|Philadelphia Phillies,Kansas City Royals,2026-07-05T19:00:00Z,2026-07-06T03:00:00Z,2026-07-05T20:44:33Z,0.00,2026-07-05T19:00:00Z,2026-07-05T20:43:35Z,history-701cde63-d8e6-5673-b17f-5aed44c083eb-compact.parquet
71b6520c-af34-58f7-9613-3d0086a08ebd,0x0c4fd5df9a83be65371b534e3fca3a77d32fa6b67298252bace4e51a62cbef10,mlb,Philadelphia Phillies vs. Kansas City Royals - Player Props,rest,Luinder Avila: Strikeouts O/U 3.5,Over|Under,Over,2026-07-05T19:00:00Z,2026-07-06T03:00:00Z,2026-07-05T21:47:16Z,2.12,2026-07-05T19:00:00Z,2026-07-05T21:46:51Z,history-71b6520c-af34-58f7-9613-3d0086a08ebd-compact.parquet
7a235216-1419-5907-8696-effd672070a8,0xc171ca8a34a8b9b4f44d4d1d250007bbe15d588676c688084b61250f9f96fec8,mlb,Philadelphia Phillies vs. Kansas City Royals - Player Props,rest,Bobby Witt Jr.: Home Runs O/U 1.5,Over|Under,Under,2026-07-05T19:00:00Z,2026-07-06T03:00:00Z,2026-07-05T21:47:16Z,0.00,2026-07-05T19:00:00Z,2026-07-05T21:46:53Z,history-7a235216-1419-5907-8696-effd672070a8-compact.parquet
8637dafd-048c-5906-8ab5-2ccf1aadc6c3,0xd50efea2a04865f89c76d250a43c1df55fbdd703a7bb926eec0165dacca6291a,mlb,Philadelphia Phillies vs. Kansas City Royals - Player Props,rest,Trea Turner: Home Runs O/U 0.5,Over|Under,Under,2026-07-05T19:00:00Z,2026-07-06T03:00:00Z,2026-07-05T21:47:15Z,0.00,2026-07-05T19:00:00Z,2026-07-05T21:47:11Z,history-8637dafd-048c-5906-8ab5-2ccf1aadc6c3-compact.parquet
897e31e3-c77b-5832-9295-4a60ccc9f944,0x0e1019aab4e8a03da9d83999d56599430f6a1a2ac2787db44897f7734c59920e,mlb,Philadelphia Phillies vs. Kansas City Royals - Player Props,rest,Alec Bohm: Home Runs O/U 0.5,Over|Under,Under,2026-07-05T19:00:00Z,2026-07-06T03:00:00Z,2026-07-05T21:47:14Z,0.00,2026-07-05T19:00:00Z,2026-07-05T21:47:06Z,history-897e31e3-c77b-5832-9295-4a60ccc9f944-compact.parquet
900f50db-bf43-568d-be8a-06139fc14dc1,0x025843630555812f4e06ddaf57febf206170d0699334fc698e46dfae6c75537e,mlb,Philadelphia Phillies vs. Kansas City Royals - Player Props,rest,Luinder Avila: Strikeouts O/U 4.5,Over|Under,Under,2026-07-05T19:00:00Z,2026-07-06T03:00:00Z,2026-07-05T21:47:25Z,0.00,2026-07-05T19:00:00Z,2026-07-05T21:47:08Z,history-900f50db-bf43-568d-be8a-06139fc14dc1-compact.parquet
98d5f554-560c-5194-ad1b-379fc06c5968,0x4fab2f4931448e2c75edf68571da39bfc621174bf997d87d9c866b311e684a4e,mlb,Philadelphia Phillies vs. Kansas City Royals,spread:f5,1st 5 Innings Spread: Kansas City Royals (-2.5),Kansas City Royals|Philadelphia Phillies,Philadelphia Phillies,2026-07-05T19:00:00Z,2026-07-06T03:00:00Z,2026-07-05T20:44:29Z,0.00,2026-07-05T19:00:00Z,2026-07-05T20:44:18Z,history-98d5f554-560c-5194-ad1b-379fc06c5968-compact.parquet
9cf6223c-98d4-5ee0-82b6-5e50133ba877,0x801634d46349bdd7e9ac59ee94cdbe3412cb78a10b76f1aa5dec380239d9b800,mlb,Philadelphia Phillies vs. Kansas City Royals - Player Props,rest,Kyle Schwarber: Home Runs O/U 0.5,Over|Under,Under,2026-07-05T19:00:00Z,2026-07-06T03:00:00Z,2026-07-05T21:47:11Z,0.00,2026-07-05T19:00:00Z,2026-07-05T21:46:06Z,history-9cf6223c-98d4-5ee0-82b6-5e50133ba877-compact.parquet
9e950388-4358-5cd3-b90e-13127ed6c422,0x3a810da536b28fa0bbe7698a5657d3f5682591b33e87f69d2b2f55315e5195f8,mlb,Philadelphia Phillies vs. Kansas City Royals - First 5 Innings Winner,rest,Philadelphia Phillies winning after 5 innings?,Yes|No,No,2026-07-05T19:00:00Z,2026-07-06T03:00:00Z,2026-07-05T20:45:22Z,0.00,2026-07-05T19:00:00Z,2026-07-05T20:43:48Z,history-9e950388-4358-5cd3-b90e-13127ed6c422-compact.parquet
bb273331-ef85-51e4-9075-8fc4211cdcfa,0x1204f5e791c58816ea691397fda9bcc2dd5a708deb767633d0b3ed7af016416c,mlb,Philadelphia Phillies vs. Kansas City Royals - Player Props,rest,Bryson Stott: Home Runs O/U 0.5,Over|Under,Under,2026-07-05T19:00:00Z,2026-07-06T03:00:00Z,2026-07-05T21:47:28Z,0.00,2026-07-05T19:00:00Z,2026-07-05T21:46:59Z,history-bb273331-ef85-51e4-9075-8fc4211cdcfa-compact.parquet
bd5f282b-c38c-5231-a8b0-d4621bcef18d,0xc660944b2ab30034127fcf7666d58789ef0925d60aea9d14083518e7e06879ed,mlb,Philadelphia Phillies vs. Kansas City Royals,rest,Will there be a run scored in the first inning?: Philadelphia Phillies vs. Kansas City Royals,Yes|No,Yes,2026-07-05T19:00:00Z,2026-07-06T03:00:00Z,2026-07-05T19:36:06Z,480.81,2026-07-05T19:00:00Z,2026-07-05T19:35:26Z,history-bd5f282b-c38c-5231-a8b0-d4621bcef18d-compact.parquet
c31fc894-ea9f-5a8c-a46b-115723ca0359,0xb315e734b40a8c49eb00ea14866bf41c09e4d8d6348324d62d51648eb5dca28a,mlb,Philadelphia Phillies vs. Kansas City Royals - Player Props,rest,Aaron Nola: Strikeouts O/U 5.5,Over|Under,Over,2026-07-05T19:00:00Z,2026-07-06T03:00:00Z,2026-07-05T21:47:15Z,5.21,2026-07-05T19:00:00Z,2026-07-05T21:46:47Z,history-c31fc894-ea9f-5a8c-a46b-115723ca0359-compact.parquet
c477201f-9778-568b-8b0b-db57a1e6fadd,0x5333d512ddb0adceca600740ceca554cd18c5994bfcff028a0031606501c4c5f,mlb,Philadelphia Phillies vs. Kansas City Royals - Player Props,rest,Aaron Nola: Strikeouts O/U 4.5,Over|Under,Over,2026-07-05T19:00:00Z,2026-07-06T03:00:00Z,2026-07-05T21:47:15Z,7.81,2026-07-05T19:00:00Z,2026-07-05T21:46:43Z,history-c477201f-9778-568b-8b0b-db57a1e6fadd-compact.parquet
da2bd600-6a3d-5241-a4a7-bc66d6cf10c7,0x3df29331978837379525f5fc78adbb51b92eb49d9df554d1e57f76ed9b8790cd,mlb,Philadelphia Phillies vs. Kansas City Royals - Player Props,rest,J.T. Realmuto: Home Runs O/U 0.5,Over|Under,Under,2026-07-05T19:00:00Z,2026-07-06T03:00:00Z,2026-07-05T22:56:59Z,0.00,2026-07-05T19:00:00Z,2026-07-05T22:56:36Z,history-da2bd600-6a3d-5241-a4a7-bc66d6cf10c7-compact.parquet
dd00a19f-eeb7-5a34-b0aa-1f9eef2a6d68,0x8944c3adc3b6df9d87b06fbcd07821efd48922f57eb3e64bdf27a4cd9069ebd5,mlb,Philadelphia Phillies vs. Kansas City Royals - Player Props,rest,Jac Caglianone: Home Runs O/U 0.5,Over|Under,Under,2026-07-05T19:00:00Z,2026-07-06T03:00:00Z,2026-07-05T21:47:14Z,0.00,2026-07-05T19:00:00Z,2026-07-05T21:46:19Z,history-dd00a19f-eeb7-5a34-b0aa-1f9eef2a6d68-compact.parquet
ddc8387a-c2ec-57fb-b320-38bc74225e17,0x0372905da14dd4a9081b383430e5f3b965141bafcb894471427bb5f6bf21f612,mlb,Philadelphia Phillies vs. Kansas City Royals - Player Props,rest,Justin Crawford: Home Runs O/U 0.5,Over|Under,Under,2026-07-05T19:00:00Z,2026-07-06T03:00:00Z,2026-07-05T21:47:27Z,0.00,2026-07-05T19:00:00Z,2026-07-05T21:46:27Z,history-ddc8387a-c2ec-57fb-b320-38bc74225e17-compact.parquet
de0019e5-0a1b-5c30-8c43-fc9ec8b11cd6,0xa4e6a2c9b2f05ed87e86e13b7b244e5f1073c9321c3e59655424f01160d8af76,mlb,Philadelphia Phillies vs. Kansas City Royals - First 5 Innings Winner,rest,Kansas City Royals winning after 5 innings?,Yes|No,Yes,2026-07-05T19:00:00Z,2026-07-06T03:00:00Z,2026-07-05T20:47:21Z,0.00,2026-07-05T19:00:00Z,2026-07-05T20:46:36Z,history-de0019e5-0a1b-5c30-8c43-fc9ec8b11cd6-compact.parquet
e14f14b1-91b7-533c-96ac-49de5e330b28,0xa263b299df5ef0d54d6a602c8a434976757f0093991bb06c40f462bfc5b07a39,mlb,Philadelphia Phillies vs. Kansas City Royals - First 5 Innings Winner,rest,Philadelphia Phillies vs. Kansas City Royals: Tied after 5 innings?,Yes|No,No,2026-07-05T19:00:00Z,2026-07-06T03:00:00Z,2026-07-05T20:45:22Z,0.00,2026-07-05T19:00:00Z,2026-07-05T20:43:36Z,history-e14f14b1-91b7-533c-96ac-49de5e330b28-compact.parquet
e61ca565-ef20-5257-bd9d-81131338cdef,0x63d7ddf23a8fb002d576a1c3fe59bc17302dfc831d699998d6dbc46e670e2c6b,mlb,Philadelphia Phillies vs. Kansas City Royals - Player Props,rest,Bryce Harper: Home Runs O/U 0.5,Over|Under,Under,2026-07-05T19:00:00Z,2026-07-06T03:00:00Z,2026-07-05T21:47:14Z,0.00,2026-07-05T19:00:00Z,2026-07-05T21:46:42Z,history-e61ca565-ef20-5257-bd9d-81131338cdef-compact.parquet
e871498c-339c-53f1-ba9a-76eb65cad660,0x5f8a2294bbb84ddf83ba45517799eb02243f447f36c51c8594f4f483ebe81696,mlb,Philadelphia Phillies vs. Kansas City Royals,moneyline,Philadelphia Phillies vs. Kansas City Royals,Philadelphia Phillies|Kansas City Royals,Kansas City Royals,2026-07-05T19:00:00Z,2026-07-06T03:00:00Z,2026-07-05T21:47:29Z,40016.01,2026-07-05T19:00:00Z,2026-07-05T21:47:10Z,history-e871498c-339c-53f1-ba9a-76eb65cad660-compact.parquet
ebcebd45-2229-5b04-9c2e-2aa839e49e78,0x6a12ed6d94f1dc88828489c698424ee792d0c9bb4633f9ab78bc904f989f8e6a,mlb,Philadelphia Phillies vs. Kansas City Royals,total:f5,Philadelphia Phillies vs. Kansas City Royals: 1st 5 Innings O/U 4.5,Over|Under,Under,2026-07-05T19:00:00Z,2026-07-06T03:00:00Z,2026-07-05T20:44:33Z,181.00,2026-07-05T19:00:00Z,2026-07-05T20:43:41Z,history-ebcebd45-2229-5b04-9c2e-2aa839e49e78-compact.parquet
ef02b356-1687-5b39-969f-557031cf3668,0x469fcc38d38c2a3b4d888036a6dcb62cd0758f3824198ed0dda2ae60c769789e,mlb,Philadelphia Phillies vs. Kansas City Royals - Player Props,rest,Carter Jensen: Home Runs O/U 0.5,Over|Under,Under,2026-07-05T19:00:00Z,2026-07-06T03:00:00Z,2026-07-05T21:47:13Z,0.00,2026-07-05T19:00:00Z,2026-07-05T21:46:38Z,history-ef02b356-1687-5b39-969f-557031cf3668-compact.parquet
f1e68662-f4ca-5e5f-abd2-4b7725dae082,0x46e8335003d5f934c746e580e4a0d91276693ad7b1ccfbb84bad6d51835bc4e6,mlb,Philadelphia Phillies vs. Kansas City Royals - Player Props,rest,Brandon Marsh: Home Runs O/U 0.5,Over|Under,Under,2026-07-05T19:00:00Z,2026-07-06T03:00:00Z,2026-07-05T21:47:14Z,0.00,2026-07-05T19:00:00Z,2026-07-05T21:47:03Z,history-f1e68662-f4ca-5e5f-abd2-4b7725dae082-compact.parquet
f6c6552b-42e9-5898-9ad5-a64850c73803,0x9c52fe84efb13de1cc405bdf1ff17b3c1e6772b628382bca1a10ce587be2948a,mlb,Philadelphia Phillies vs. Kansas City Royals - Player Props,rest,Kyle Schwarber: Home Runs O/U 1.5,Over|Under,Under,2026-07-05T19:00:00Z,2026-07-06T03:00:00Z,2026-07-05T21:47:27Z,0.00,2026-07-05T19:00:00Z,2026-07-05T21:47:06Z,history-f6c6552b-42e9-5898-9ad5-a64850c73803-compact.parquet
fa4ff3da-0b58-5ef3-b89c-0f5bd9462421,0xe99302e2f117a35edfa42ab18bb914e69127d9e1d772f378b21d9c4e744e6993,mlb,Philadelphia Phillies vs. Kansas City Royals - Player Props,rest,J.T. Realmuto: Home Runs O/U 1.5,Over|Under,Under,2026-07-05T19:00:00Z,2026-07-06T03:00:00Z,2026-07-05T22:55:39Z,0.00,2026-07-05T19:00:00Z,2026-07-05T22:55:05Z,history-fa4ff3da-0b58-5ef3-b89c-0f5bd9462421-compact.parquet
fe7055d2-1023-55f3-98c0-847400dcc351,0x205fe03519f2d0e8e0b3acc75824c92cdf4ff5a3c192664fc8a3f5d513791ae0,mlb,Philadelphia Phillies vs. Kansas City Royals - Player Props,rest,Michael Massey: Home Runs O/U 0.5,Over|Under,Under,2026-07-05T19:00:00Z,2026-07-06T03:00:00Z,2026-07-05T22:56:59Z,0.00,2026-07-05T19:00:00Z,2026-07-05T22:56:59Z,history-fe7055d2-1023-55f3-98c0-847400dcc351-compact.parquet
fed18785-8405-5d53-a5c6-ba1e65eecee4,0x70f7b498645cb6aed890860981dddc178fd528eda4ea5610ef74f9b662a3996e,mlb,Philadelphia Phillies vs. Kansas City Royals - Player Props,rest,Nick Loftin: Home Runs O/U 0.5,Over|Under,Under,2026-07-05T19:00:00Z,2026-07-06T03:00:00Z,2026-07-05T21:47:26Z,0.00,2026-07-05T19:00:00Z,2026-07-05T21:47:08Z,history-fed18785-8405-5d53-a5c6-ba1e65eecee4-compact.parquet
030fdb81-da96-51d7-bc41-dd639acf87fe,0x7ad3dcecfa12579f8f86cd45ca2f2e09f59672b592d775317156c846c6debaac,mlb,Detroit Tigers vs. Texas Rangers - Player Props,rest,Kevin McGonigle: Home Runs O/U 0.5,Over|Under,Under,2026-07-05T19:30:00Z,2026-07-06T03:30:00Z,2026-07-05T22:38:49Z,0.00,2026-07-05T19:30:00Z,2026-07-05T22:38:11Z,history-030fdb81-da96-51d7-bc41-dd639acf87fe-compact.parquet
063a557f-2e24-527d-8cb6-a2613151c611,0xa6c26bfb77520f2034553de8b04ddc11ac31a827a7178d2833d9cc38d821bd1a,mlb,Detroit Tigers vs. Texas Rangers - Player Props,rest,Elias Díaz: Home Runs O/U 0.5,Over|Under,Under,2026-07-05T19:30:00Z,2026-07-06T03:30:00Z,2026-07-05T22:38:46Z,0.00,2026-07-05T19:30:00Z,2026-07-05T22:38:29Z,history-063a557f-2e24-527d-8cb6-a2613151c611-compact.parquet
07034569-5578-5f9f-85cc-9ad982f8568e,0xeffb7d02ee63d18b8f991576926c0102429359bd0ee02f97ac084e487ebacf30,mlb,Detroit Tigers vs. Texas Rangers,moneyline,Detroit Tigers vs. Texas Rangers,Detroit Tigers|Texas Rangers,Detroit Tigers,2026-07-05T19:30:00Z,2026-07-06T03:30:00Z,2026-07-05T22:38:39Z,38831.93,2026-07-05T19:30:00Z,2026-07-05T22:38:16Z,history-07034569-5578-5f9f-85cc-9ad982f8568e-compact.parquet
0b153aa7-84fd-5592-ba1f-9ba789b57c47,0xe0aa215407efa6a07306a273ceea7012ca6f8b475e0584da7243dec26b3af494,mlb,Detroit Tigers vs. Texas Rangers - Player Props,rest,Riley Greene: Home Runs O/U 0.5,Over|Under,Over,2026-07-05T19:30:00Z,2026-07-06T03:30:00Z,2026-07-05T22:38:51Z,0.00,2026-07-05T19:30:00Z,2026-07-05T22:38:26Z,history-0b153aa7-84fd-5592-ba1f-9ba789b57c47-compact.parquet
0ff800f6-d231-5fc1-a196-a440cfbd7e77,0x941b258cc9ab236839fd9af9079f239eea47970d0637c8d1e8f6f6a69d201439,mlb,Detroit Tigers vs. Texas Rangers - Player Props,rest,Evan Carter: Home Runs O/U 0.5,Over|Under,Under,2026-07-05T19:30:00Z,2026-07-06T03:30:00Z,2026-07-05T22:38:46Z,0.00,2026-07-05T19:30:00Z,2026-07-05T22:38:32Z,history-0ff800f6-d231-5fc1-a196-a440cfbd7e77-compact.parquet
142c7011-a2ee-5a24-ad59-c5a25d0ab06d,0x8360537cdda7feb5e4aef6b2bdc09a884f3162416ab56db986a168e8bf5463f7,mlb,Tampa Bay Rays vs. Houston Astros - First 5 Innings Winner,rest,Tampa Bay Rays vs. Houston Astros: Tied after 5 innings?,Yes|No,No,2026-07-05T19:30:00Z,2026-07-06T03:30:00Z,2026-07-05T21:25:25Z,0.00,2026-07-05T19:30:00Z,2026-07-05T21:24:42Z,history-142c7011-a2ee-5a24-ad59-c5a25d0ab06d-compact.parquet
15660bd5-ad15-5a23-bb5d-4ad623afc533,0xc8d28eff8c90d3a04250394f7f59859f7402bfe8e384a49ea760103630045f7d,mlb,Detroit Tigers vs. Texas Rangers,total:f5,Detroit Tigers vs. Texas Rangers: 1st 5 Innings O/U 2.5,Over|Under,Over,2026-07-05T19:30:00Z,2026-07-06T03:30:00Z,2026-07-05T20:53:07Z,0.00,2026-07-05T19:30:00Z,2026-07-05T20:52:39Z,history-15660bd5-ad15-5a23-bb5d-4ad623afc533-compact.parquet
1c65d19a-72a5-5883-8de2-5f7234269e4c,0x1b3f5706c20c8c9772ae32e25da46ba0e587ccb9250bc0b770ac7c7d810be7e5,mlb,Tampa Bay Rays vs. Houston Astros - Player Props,rest,Taylor Walls: Home Runs O/U 0.5,Over|Under,Under,2026-07-05T19:30:00Z,2026-07-06T03:30:00Z,2026-07-05T22:33:24Z,0.00,2026-07-05T19:30:00Z,2026-07-05T22:32:26Z,history-1c65d19a-72a5-5883-8de2-5f7234269e4c-compact.parquet
24acb622-5d53-51c8-89ec-023de55a02d9,0x7a0c565c37bd49687e8b6b5e632dde445062b5025ddf45d86363d6dfb7a02559,mlb,Detroit Tigers vs. Texas Rangers,total:f5,Detroit Tigers vs. Texas Rangers: 1st 5 Innings O/U 6.5,Over|Under,Over,2026-07-05T19:30:00Z,2026-07-06T03:30:00Z,2026-07-05T21:20:09Z,21.34,2026-07-05T19:30:00Z,2026-07-05T21:19:51Z,history-24acb622-5d53-51c8-89ec-023de55a02d9-compact.parquet
2772a6b7-b4ad-524b-b95b-e5192d78b4ff,0x8e6cb07dfe251b02e4938b05a884c5034d4bf47c501114d9c2aa413969f593a6,mlb,Tampa Bay Rays vs. Houston Astros - Player Props,rest,Jonathan Aranda: Home Runs O/U 0.5,Over|Under,Under,2026-07-05T19:30:00Z,2026-07-06T03:30:00Z,2026-07-05T22:31:48Z,0.00,2026-07-05T19:30:00Z,2026-07-05T22:31:03Z,history-2772a6b7-b4ad-524b-b95b-e5192d78b4ff-compact.parquet
2e38aa74-0bc7-5871-84ca-c1d014b0c4c1,0xa9605797aeb7de5b64ab1af20baf066cb893b0a1ca3cceabf8084430dfae08ec,mlb,Tampa Bay Rays vs. Houston Astros - Player Props,rest,Isaac Paredes: Home Runs O/U 0.5,Over|Under,Over,2026-07-05T19:30:00Z,2026-07-06T03:30:00Z,2026-07-05T22:31:46Z,0.00,2026-07-05T19:30:00Z,2026-07-05T22:31:20Z,history-2e38aa74-0bc7-5871-84ca-c1d014b0c4c1-compact.parquet
30bfbf83-7566-5e52-b056-b9275f899347,0x447c8eabed371547655300d397331bc3007354e2071612b92491fcb71624f946,mlb,Detroit Tigers vs. Texas Rangers - Player Props,rest,Casey Mize: Strikeouts O/U 4.5,Over|Under,Under,2026-07-05T19:30:00Z,2026-07-06T03:30:00Z,2026-07-05T22:38:38Z,226.98,2026-07-05T19:30:00Z,2026-07-05T22:38:02Z,history-30bfbf83-7566-5e52-b056-b9275f899347-compact.parquet
3109a1b6-5d34-524b-bba3-01e5500dc089,0x9b024678ad938accd46fcc3e604b5d257b7be93989ab48468f8cc9aa41b9e279,mlb,Detroit Tigers vs. Texas Rangers - First 5 Innings Winner,rest,Detroit Tigers vs. Texas Rangers: Tied after 5 innings?,Yes|No,No,2026-07-05T19:30:00Z,2026-07-06T03:30:00Z,2026-07-05T21:37:19Z,0.00,2026-07-05T19:30:00Z,2026-07-05T21:36:33Z,history-3109a1b6-5d34-524b-bba3-01e5500dc089-compact.parquet
327e16ce-a299-5a27-aac3-5c90eb56e4f8,0x9e5812b9617487d1bb2d85efa2a6c2102b9597f78af1280f9c80a66e6b0fb31f,mlb,Tampa Bay Rays vs. Houston Astros - Player Props,rest,Jose Altuve: Home Runs O/U 0.5,Over|Under,Under,2026-07-05T19:30:00Z,2026-07-06T03:30:00Z,2026-07-05T22:31:46Z,0.00,2026-07-05T19:30:00Z,2026-07-05T22:30:59Z,history-327e16ce-a299-5a27-aac3-5c90eb56e4f8-compact.parquet
33667509-3960-5375-8d26-0ec66ad4e382,0xe2ad7c38bb22048481b8f9de518557db3d90ccbf156a0a14478de3f4b95ac5b5,mlb,Detroit Tigers vs. Texas Rangers - Player Props,rest,Ezequiel Duran: Home Runs O/U 0.5,Over|Under,Over,2026-07-05T19:30:00Z,2026-07-06T03:30:00Z,2026-07-05T22:40:55Z,0.00,2026-07-05T19:30:00Z,2026-07-05T22:40:18Z,history-33667509-3960-5375-8d26-0ec66ad4e382-compact.parquet
38e7ad16-15f9-5f21-9e63-a20360d9181d,0x45cd13616845e1b0e67bdfe91a70d74e678a3769da3a9dea3417cb93c24836b4,mlb,Tampa Bay Rays vs. Houston Astros - First 5 Innings Winner,rest,Houston Astros winning after 5 innings?,Yes|No,Yes,2026-07-05T19:30:00Z,2026-07-06T03:30:00Z,2026-07-05T21:27:54Z,0.00,2026-07-05T19:30:00Z,2026-07-05T21:26:58Z,history-38e7ad16-15f9-5f21-9e63-a20360d9181d-compact.parquet
3c4ab429-3b8d-5547-a62b-ea4f7c92915e,0xb7b9fa8f9439e30460c99ef4c702691f7e541cd898e45803e78c5f6bc055c524,mlb,Tampa Bay Rays vs. Houston Astros - Player Props,rest,Yandy Díaz: Home Runs O/U 0.5,Over|Under,Under,2026-07-05T19:30:00Z,2026-07-06T03:30:00Z,2026-07-05T22:31:55Z,0.00,2026-07-05T19:30:00Z,2026-07-05T22:31:44Z,history-3c4ab429-3b8d-5547-a62b-ea4f7c92915e-compact.parquet
3c84bdb5-6da1-5073-864a-7553dd8fc038,0xca0226d375271f702762fc9a46af94d3934bc8fa0a0fca60d80e7dfe622c93c1,mlb,Tampa Bay Rays vs. Houston Astros,total,Tampa Bay Rays vs. Houston Astros: O/U 8.5,Over|Under,Under,2026-07-05T19:30:00Z,2026-07-06T03:30:00Z,2026-07-05T22:31:46Z,26819.99,2026-07-05T19:30:00Z,2026-07-05T22:30:43Z,history-3c84bdb5-6da1-5073-864a-7553dd8fc038-compact.parquet
3d9678ac-8ef9-5a82-b3fa-37912dc7db23,0x0517d4dbba76810a746ab0857fcaf29bba01a37502b4eb371b576945ba1c2639,mlb,Tampa Bay Rays vs. Houston Astros - Player Props,rest,Christian Walker: Home Runs O/U 0.5,Over|Under,Over,2026-07-05T19:30:00Z,2026-07-06T03:30:00Z,2026-07-05T22:31:46Z,0.00,2026-07-05T19:30:00Z,2026-07-05T22:31:33Z,history-3d9678ac-8ef9-5a82-b3fa-37912dc7db23-compact.parquet
4c88db56-a7d1-59a0-be02-3a0c4d573d5e,0x40a61de5652281f6552bc95b7fefb0108f3cff11e30f03ecc9ef6390c35a952c,mlb,Tampa Bay Rays vs. Houston Astros,spread:f5,1st 5 Innings Spread: Houston Astros (-1.5),Houston Astros|Tampa Bay Rays,Tampa Bay Rays,2026-07-05T19:30:00Z,2026-07-06T03:30:00Z,2026-07-05T21:24:47Z,0.00,2026-07-05T19:30:00Z,2026-07-05T21:23:37Z,history-4c88db56-a7d1-59a0-be02-3a0c4d573d5e-compact.parquet
5610a444-fe86-5071-b587-1419c68c6909,0xab7b18d1b4df0f3ab81e7a79f3a080e98abc2b828452e84cad39ce5abb8f39a7,mlb,Detroit Tigers vs. Texas Rangers,total,Detroit Tigers vs. Texas Rangers: O/U 7.5,Over|Under,Over,2026-07-05T19:30:00Z,2026-07-06T03:30:00Z,2026-07-05T21:45:30Z,4385.85,2026-07-05T19:30:00Z,2026-07-05T21:45:30Z,history-5610a444-fe86-5071-b587-1419c68c6909-compact.parquet
580ea30e-6f00-583a-ab0c-da9d380b66b9,0xa0e989ddc7701704b9e50b44352edb0447a9835e0bbe1da1093965ebbc6c38f9,mlb,Detroit Tigers vs. Texas Rangers,spread:f5,1st 5 Innings Spread: Texas Rangers (-2.5),Texas Rangers|Detroit Tigers,Detroit Tigers,2026-07-05T19:30:00Z,2026-07-06T03:30:00Z,2026-07-05T21:36:52Z,0.00,2026-07-05T19:30:00Z,2026-07-05T21:36:11Z,history-580ea30e-6f00-583a-ab0c-da9d380b66b9-compact.parquet
60d46fb6-ab56-5e19-b071-2f18ebec1d09,0xe3347d04983be42fd57535ad09d8c36724769aad5c25ecea1815253333e758cf,mlb,Detroit Tigers vs. Texas Rangers - First 5 Innings Winner,rest,Texas Rangers winning after 5 innings?,Yes|No,No,2026-07-05T19:30:00Z,2026-07-06T03:30:00Z,2026-07-05T21:37:19Z,0.00,2026-07-05T19:30:00Z,2026-07-05T21:36:26Z,history-60d46fb6-ab56-5e19-b071-2f18ebec1d09-compact.parquet
659754b1-873f-5b60-b4c9-0f59262de4ac,0xd81f57359c3baea0868b456e36334310b762e5bee33c2174832f0468b9e0b22f,mlb,Detroit Tigers vs. Texas Rangers,rest,Will the game go to extra innings?: Detroit Tigers vs. Texas Rangers,Yes|No,No,2026-07-05T19:30:00Z,2026-07-06T03:30:00Z,2026-07-05T22:38:41Z,5.00,2026-07-05T19:30:00Z,2026-07-05T22:37:58Z,history-659754b1-873f-5b60-b4c9-0f59262de4ac-compact.parquet
6fd72b59-e88a-5976-bd5f-aa1dd72d0f18,0xff63e45e0df04092c24335245c9737a313339447664af9f3823c4cc315f2be06,mlb,Detroit Tigers vs. Texas Rangers - Player Props,rest,Brandon Nimmo: Home Runs O/U 0.5,Over|Under,Under,2026-07-05T19:30:00Z,2026-07-06T03:30:00Z,2026-07-05T22:38:46Z,0.00,2026-07-05T19:30:00Z,2026-07-05T22:38:32Z,history-6fd72b59-e88a-5976-bd5f-aa1dd72d0f18-compact.parquet
7451c37e-259f-5743-a015-1180b24f470a,0x4d55f89d953bcd18cc2847733d0121f33c642adfd1fefb20e2305c1b467536c5,mlb,Tampa Bay Rays vs. Houston Astros - Player Props,rest,Cedric Mullins: Home Runs O/U 0.5,Over|Under,Under,2026-07-05T19:30:00Z,2026-07-06T03:30:00Z,2026-07-05T22:31:42Z,0.00,2026-07-05T19:30:00Z,2026-07-05T22:31:24Z,history-7451c37e-259f-5743-a015-1180b24f470a-compact.parquet
74e473dd-b64c-514f-8833-32d41d51d136,0x5361a07d7338bfd5be4eb59fcbd98511a59b8124a701195227b8fb4d13f0b3b8,mlb,Tampa Bay Rays vs. Houston Astros - Player Props,rest,Taylor Walls: Home Runs O/U 1.5,Over|Under,Under,2026-07-05T19:30:00Z,2026-07-06T03:30:00Z,2026-07-05T22:31:56Z,0.00,2026-07-05T19:30:00Z,2026-07-05T22:31:29Z,history-74e473dd-b64c-514f-8833-32d41d51d136-compact.parquet
778c6038-9004-5370-985a-36c27428a8e6,0xd2f4c381e57af6c085b9a9927702d2e562be35f11122f3b625b9385395efc437,mlb,Detroit Tigers vs. Texas Rangers,total,Detroit Tigers vs. Texas Rangers: O/U 8.5,Over|Under,Over,2026-07-05T19:30:00Z,2026-07-06T03:30:00Z,2026-07-05T22:26:25Z,4420.26,2026-07-05T19:30:00Z,2026-07-05T22:26:11Z,history-778c6038-9004-5370-985a-36c27428a8e6-compact.parquet
7b69676e-8a36-5411-b6e9-33aee19a13de,0x776cc1188158e78239dc0ceb698c4972ff6fc20f88be5563db58a7202a635960,mlb,Tampa Bay Rays vs. Houston Astros,total:f5,Tampa Bay Rays vs. Houston Astros: 1st 5 Innings O/U 3.5,Over|Under,Under,2026-07-05T19:30:00Z,2026-07-06T03:30:00Z,2026-07-05T21:24:42Z,6.58,2026-07-05T19:30:00Z,2026-07-05T21:24:28Z,history-7b69676e-8a36-5411-b6e9-33aee19a13de-compact.parquet
7c6676fb-70fb-57ee-a80a-144e154a61fb,0xc88f640e5c212839e8d5087b8340174e41aff9686a901bf16593ca7a79172a1d,mlb,Tampa Bay Rays vs. Houston Astros,spread:f5,1st 5 Innings Spread: Houston Astros (-2.5),Houston Astros|Tampa Bay Rays,Tampa Bay Rays,2026-07-05T19:30:00Z,2026-07-06T03:30:00Z,2026-07-05T21:24:48Z,0.00,2026-07-05T19:30:00Z,2026-07-05T21:24:08Z,history-7c6676fb-70fb-57ee-a80a-144e154a61fb-compact.parquet
7eb40524-7b38-5a3d-908f-ba4b1479a308,0x9a3b1afba7288109f0ce85cde80f888bf9185d31e8fe8e967c981df728ffa680,mlb,Tampa Bay Rays vs. Houston Astros,moneyline,Tampa Bay Rays vs. Houston Astros,Tampa Bay Rays|Houston Astros,Houston Astros,2026-07-05T19:30:00Z,2026-07-06T03:30:00Z,2026-07-05T22:32:00Z,73099.77,2026-07-05T19:30:00Z,2026-07-05T22:31:44Z,history-7eb40524-7b38-5a3d-908f-ba4b1479a308-compact.parquet
92b6e0ee-d71b-5291-aea8-eff129f2cc4e,0x55deee296030480e6ba907c92220f99a397cf3163b4e629c02a54b8c35abf72e,mlb,Tampa Bay Rays vs. Houston Astros,total:f5,Tampa Bay Rays vs. Houston Astros: 1st 5 Innings O/U 2.5,Over|Under,Under,2026-07-05T19:30:00Z,2026-07-06T03:30:00Z,2026-07-05T21:24:44Z,5.00,2026-07-05T19:30:00Z,2026-07-05T21:24:25Z,history-92b6e0ee-d71b-5291-aea8-eff129f2cc4e-compact.parquet
96466d38-d528-5b56-89a1-3ee4e2ec1da8,0x4d94e933c7b554dc1fcd9c4b09e3bd0445a0d44756367092c6aacd24af9e6c02,mlb,Detroit Tigers vs. Texas Rangers,spread:f5,1st 5 Innings Spread: Detroit Tigers (-2.5),Detroit Tigers|Texas Rangers,Detroit Tigers,2026-07-05T19:30:00Z,2026-07-06T03:30:00Z,2026-07-05T21:36:52Z,24.00,2026-07-05T19:30:00Z,2026-07-05T21:36:18Z,history-96466d38-d528-5b56-89a1-3ee4e2ec1da8-compact.parquet
99a3ff33-bceb-568f-a391-49ff16e3eb17,0xd0cfb899e01c6fbba090d565a82251271e47911254a6282cd3b2094eb9af63b2,mlb,Tampa Bay Rays vs. Houston Astros,total:f5,Tampa Bay Rays vs. Houston Astros: 1st 5 Innings O/U 6.5,Over|Under,Under,2026-07-05T19:30:00Z,2026-07-06T03:30:00Z,2026-07-05T21:24:47Z,0.00,2026-07-05T19:30:00Z,2026-07-05T21:24:25Z,history-99a3ff33-bceb-568f-a391-49ff16e3eb17-compact.parquet
9b1d8029-4834-5668-a822-568a2eab500a,0xe626c4a7748bf570bf44d70c00bb39267623911673e18d30f57af4a2e9762b90,mlb,Detroit Tigers vs. Texas Rangers - Player Props,rest,Kumar Rocker: Strikeouts O/U 4.5,Over|Under,Under,2026-07-05T19:30:00Z,2026-07-06T03:30:00Z,2026-07-05T22:38:38Z,4.31,2026-07-05T19:30:00Z,2026-07-05T22:38:11Z,history-9b1d8029-4834-5668-a822-568a2eab500a-compact.parquet
9e118baa-20ca-543e-846c-f8b603633941,0xcaf1e85ab498351424015a65f6c9cdc56956d5efe6e6aef2badc4abeeb08ebac,mlb,Detroit Tigers vs. Texas Rangers - First 5 Innings Winner,rest,Detroit Tigers winning after 5 innings?,Yes|No,Yes,2026-07-05T19:30:00Z,2026-07-06T03:30:00Z,2026-07-05T21:43:27Z,0.00,2026-07-05T19:30:00Z,2026-07-05T21:42:39Z,history-9e118baa-20ca-543e-846c-f8b603633941-compact.parquet
9ffc3c91-56f1-5fb5-8e39-2f7b6ac3fac6,0x4a4cb93b195f9a1ac894b491042efc8129c5187c9252d5928fa72567f6d6aa7b,mlb,Tampa Bay Rays vs. Houston Astros,spread:f5,1st 5 Innings Spread: Tampa Bay Rays (-1.5),Tampa Bay Rays|Houston Astros,Houston Astros,2026-07-05T19:30:00Z,2026-07-06T03:30:00Z,2026-07-05T21:24:49Z,0.00,2026-07-05T19:30:00Z,2026-07-05T21:24:27Z,history-9ffc3c91-56f1-5fb5-8e39-2f7b6ac3fac6-compact.parquet
a098bb0b-d625-5476-be70-abbdae02cae7,0xee4ef1d238276888ed8d3d30cb6a7ef675f4bca8c6c8cd0adb9f40b494cddafc,mlb,Detroit Tigers vs. Texas Rangers,total:f5,Detroit Tigers vs. Texas Rangers: 1st 5 Innings O/U 4.5,Over|Under,Over,2026-07-05T19:30:00Z,2026-07-06T03:30:00Z,2026-07-05T21:20:09Z,45.82,2026-07-05T19:30:00Z,2026-07-05T21:19:08Z,history-a098bb0b-d625-5476-be70-abbdae02cae7-compact.parquet
a25b3a74-c5e3-5e6a-98e8-a63d154c2e85,0x7a705301d204b29a1745e38c2c0d2ac7d40321e63c5478d55830e8c66c20450a,mlb,Tampa Bay Rays vs. Houston Astros,rest,Will the game go to extra innings?: Tampa Bay Rays vs. Houston Astros,Yes|No,No,2026-07-05T19:30:00Z,2026-07-06T03:30:00Z,2026-07-05T22:31:43Z,5.01,2026-07-05T19:30:00Z,2026-07-05T22:30:38Z,history-a25b3a74-c5e3-5e6a-98e8-a63d154c2e85-compact.parquet
a98f5b53-4195-54cc-b288-9810dfecbf3f,0x92f6d87bc7b1cf703cedf2706042a14912580546f1a58faf86c7ba133f38c43e,mlb,Tampa Bay Rays vs. Houston Astros,spread,Spread: Tampa Bay Rays (-1.5),Tampa Bay Rays|Houston Astros,Houston Astros,2026-07-05T19:30:00Z,2026-07-06T03:30:00Z,2026-07-05T22:33:24Z,2143.44,2026-07-05T19:30:00Z,2026-07-05T22:32:18Z,history-a98f5b53-4195-54cc-b288-9810dfecbf3f-compact.parquet
ad19f5a6-4019-5839-a4ae-096f6c877e56,0x138cb48b338d710d3b1533e91d8f74539cc144c92a2f3aa658411a3deb3fd383,mlb,Detroit Tigers vs. Texas Rangers,spread:f5,1st 5 Innings Spread: Detroit Tigers (-1.5),Detroit Tigers|Texas Rangers,Detroit Tigers,2026-07-05T19:30:00Z,2026-07-06T03:30:00Z,2026-07-05T21:36:53Z,161.81,2026-07-05T19:30:00Z,2026-07-05T21:35:37Z,history-ad19f5a6-4019-5839-a4ae-096f6c877e56-compact.parquet
b80f98fe-ea6b-5dae-9db1-7f602bf5a463,0xe5e2a21dde76ae7cefa9fbe0024dab0d4264ee7922d47b38bb6455f02c48179a,mlb,Detroit Tigers vs. Texas Rangers - Player Props,rest,Hao-Yu Lee: Home Runs O/U 0.5,Over|Under,Under,2026-07-05T19:30:00Z,2026-07-06T03:30:00Z,2026-07-05T22:40:58Z,0.00,2026-07-05T19:30:00Z,2026-07-05T22:39:35Z,history-b80f98fe-ea6b-5dae-9db1-7f602bf5a463-compact.parquet
b86e6a7b-034e-58d9-ac14-f5ce2cd579ae,0x0e387bbddbc0e6164e0f3481f622044482a2bd69231684555580a0e2380af9b8,mlb,Tampa Bay Rays vs. Houston Astros,total:f5,Tampa Bay Rays vs. Houston Astros: 1st 5 Innings O/U 5.5,Over|Under,Under,2026-07-05T19:30:00Z,2026-07-06T03:30:00Z,2026-07-05T21:24:49Z,41.72,2026-07-05T19:30:00Z,2026-07-05T21:24:25Z,history-b86e6a7b-034e-58d9-ac14-f5ce2cd579ae-compact.parquet
b9a15ff2-9d5e-5de9-a988-9b565f0f2ca6,0x2934c4643dce602bd0eabc87194884ceaa5f120f3ea07727ef2606017aec978d,mlb,Detroit Tigers vs. Texas Rangers,spread,Spread: Detroit Tigers (-1.5),Detroit Tigers|Texas Rangers,Detroit Tigers,2026-07-05T19:30:00Z,2026-07-06T03:30:00Z,2026-07-05T22:38:37Z,12642.60,2026-07-05T19:30:00Z,2026-07-05T22:38:26Z,history-b9a15ff2-9d5e-5de9-a988-9b565f0f2ca6-compact.parquet
be5b134d-fb64-5ef2-988c-71f90487f8c7,0x3aa706b96cb646bebd9fd52a7f691aec06f9308ab8bef3eed4cea2de56364fa5,mlb,Detroit Tigers vs. Texas Rangers,rest,Will there be a run scored in the first inning?: Detroit Tigers vs. Texas Rangers,Yes|No,No,2026-07-05T19:30:00Z,2026-07-06T03:30:00Z,2026-07-05T20:06:53Z,887.52,2026-07-05T19:30:00Z,2026-07-05T20:05:58Z,history-be5b134d-fb64-5ef2-988c-71f90487f8c7-compact.parquet
c119ff6d-7926-5238-845e-6ec096cecf83,0x62360c07a32f08c703cbe32b9784d51434aacbfb358b0210fa3a97e15da4a7f3,mlb,Tampa Bay Rays vs. Houston Astros,total,Tampa Bay Rays vs. Houston Astros: O/U 9.5,Over|Under,Under,2026-07-05T19:30:00Z,2026-07-06T03:30:00Z,2026-07-05T22:31:43Z,5.26,2026-07-05T19:30:00Z,2026-07-05T22:30:43Z,history-c119ff6d-7926-5238-845e-6ec096cecf83-compact.parquet
c32b88e3-aa96-56ad-8ce2-2b4c9e4c0270,0xc9fb307fef77a53a2a8c7a6377d2d22d0a9476e5830bb1deaa713f420942a799,mlb,Tampa Bay Rays vs. Houston Astros - Player Props,rest,Junior Caminero: Home Runs O/U 0.5,Over|Under,Under,2026-07-05T19:30:00Z,2026-07-06T03:30:00Z,2026-07-05T22:31:48Z,0.00,2026-07-05T19:30:00Z,2026-07-05T22:30:59Z,history-c32b88e3-aa96-56ad-8ce2-2b4c9e4c0270-compact.parquet
c436c80e-98d7-5820-b4c5-755242aa7b9c,0x41ffdb2b7f56003daf3f8fe0d5245f2103216e4eed9f7c7212c24fb5cd4c6898,mlb,Tampa Bay Rays vs. Houston Astros - First 5 Innings Winner,rest,Tampa Bay Rays winning after 5 innings?,Yes|No,No,2026-07-05T19:30:00Z,2026-07-06T03:30:00Z,2026-07-05T21:25:26Z,0.00,2026-07-05T19:30:00Z,2026-07-05T21:24:04Z,history-c436c80e-98d7-5820-b4c5-755242aa7b9c-compact.parquet
c84dae31-4052-57b9-a40d-71dcc9b79044,0x88bdd1659715ffed238c40edfe83bf5ed647e54df692e4afb99ba01ba4ea71ee,mlb,Tampa Bay Rays vs. Houston Astros,spread:f5,1st 5 Innings Spread: Tampa Bay Rays (-2.5),Tampa Bay Rays|Houston Astros,Houston Astros,2026-07-05T19:30:00Z,2026-07-06T03:30:00Z,2026-07-05T21:24:51Z,0.00,2026-07-05T19:30:00Z,2026-07-05T21:24:25Z,history-c84dae31-4052-57b9-a40d-71dcc9b79044-compact.parquet
c96a0aa6-f4fa-5dcb-b9bc-a6cba582ce58,0xc1f04139904bbf41a1c9d494598bfe5e077d5c015a578d1ac6936b7d24722133,mlb,Detroit Tigers vs. Texas Rangers - Player Props,rest,Joc Pederson: Home Runs O/U 0.5,Over|Under,Under,2026-07-05T19:30:00Z,2026-07-06T03:30:00Z,2026-07-05T22:38:51Z,0.00,2026-07-05T19:30:00Z,2026-07-05T22:38:05Z,history-c96a0aa6-f4fa-5dcb-b9bc-a6cba582ce58-compact.parquet
caf0b4a9-d8e6-5097-adea-ba2635b4cbcf,0x86ffeb0b70e227a5bc27904bf82c96ad6cfecba0771629ba74846c6b652142c3,mlb,Tampa Bay Rays vs. Houston Astros - Player Props,rest,Peter Lambert: Strikeouts O/U 4.5,Over|Under,Over,2026-07-05T19:30:00Z,2026-07-06T03:30:00Z,2026-07-05T22:31:58Z,0.00,2026-07-05T19:30:00Z,2026-07-05T22:31:50Z,history-caf0b4a9-d8e6-5097-adea-ba2635b4cbcf-compact.parquet
cffc4167-2a66-5bc9-ad91-c8278d6ea8af,0xe01f04306ecd7a09cdc5fb0aec97a4916c8a22cdf62362f613e9b1287f9880ee,mlb,Detroit Tigers vs. Texas Rangers - Player Props,rest,Josh Jung: Home Runs O/U 1.5,Over|Under,Under,2026-07-05T19:30:00Z,2026-07-06T03:30:00Z,2026-07-05T22:38:51Z,5.01,2026-07-05T19:30:00Z,2026-07-05T22:38:08Z,history-cffc4167-2a66-5bc9-ad91-c8278d6ea8af-compact.parquet
d7168cac-c6d7-5511-a84f-fc5ad5432de1,0xf7552329f247d2fcfa13630fd4022c46e2a8dea92c14e50680fd96c7a2d52145,mlb,Tampa Bay Rays vs. Houston Astros,total:f5,Tampa Bay Rays vs. Houston Astros: 1st 5 Innings O/U 4.5,Over|Under,Under,2026-07-05T19:30:00Z,2026-07-06T03:30:00Z,2026-07-05T21:24:49Z,50.54,2026-07-05T19:30:00Z,2026-07-05T21:24:04Z,history-d7168cac-c6d7-5511-a84f-fc5ad5432de1-compact.parquet
dfa357f9-6f14-5a65-83ce-6c3c72a44848,0xf36907cd1cd879180c26df09f29e9bb3930086176d12526b1e27da917695ae74,mlb,Tampa Bay Rays vs. Houston Astros,rest,Will there be a run scored in the first inning?: Tampa Bay Rays vs. Houston Astros,Yes|No,No,2026-07-05T19:30:00Z,2026-07-06T03:30:00Z,2026-07-05T20:08:21Z,1.90,2026-07-05T19:30:00Z,2026-07-05T20:07:10Z,history-dfa357f9-6f14-5a65-83ce-6c3c72a44848-compact.parquet
e193783e-3a86-5e7c-bd9d-2911a3233609,0x8c1eec0f5c9efabb378ed8c6c1ac7d8f814a28682a43d0bc05d2d07318d7413d,mlb,Detroit Tigers vs. Texas Rangers - Player Props,rest,Dillon Dingler: Home Runs O/U 0.5,Over|Under,Under,2026-07-05T19:30:00Z,2026-07-06T03:30:00Z,2026-07-05T22:38:42Z,0.00,2026-07-05T19:30:00Z,2026-07-05T22:38:33Z,history-e193783e-3a86-5e7c-bd9d-2911a3233609-compact.parquet
e195add1-5bd5-5b5a-a911-0d955ceab46c,0x1991f089b5acbcc17aadb09bcfa092e1570869cc6c8c943c04b7903d191dec65,mlb,Detroit Tigers vs. Texas Rangers,total:f5,Detroit Tigers vs. Texas Rangers: 1st 5 Innings O/U 5.5,Over|Under,Over,2026-07-05T19:30:00Z,2026-07-06T03:30:00Z,2026-07-05T21:20:09Z,0.00,2026-07-05T19:30:00Z,2026-07-05T21:20:02Z,history-e195add1-5bd5-5b5a-a911-0d955ceab46c-compact.parquet
e1db8a09-48e3-5c24-95b1-23e12952f755,0x667fca49df9c53c52180f4e51ffcec234334c101bc053c2e5915bcc3e27b833b,mlb,Detroit Tigers vs. Texas Rangers - Player Props,rest,Casey Mize: Strikeouts O/U 5.5,Over|Under,Under,2026-07-05T19:30:00Z,2026-07-06T03:30:00Z,2026-07-05T22:38:38Z,0.00,2026-07-05T19:30:00Z,2026-07-05T22:37:55Z,history-e1db8a09-48e3-5c24-95b1-23e12952f755-compact.parquet
e3124fe5-11b0-594f-b0b0-9604c3f38700,0x99f5f5f8074689f59de59f9b0e7db46634561b05b75c8454ca5a8f7980b11706,mlb,Detroit Tigers vs. Texas Rangers - Player Props,rest,Kerry Carpenter: Home Runs O/U 0.5,Over|Under,Under,2026-07-05T19:30:00Z,2026-07-06T03:30:00Z,2026-07-05T22:38:54Z,0.00,2026-07-05T19:30:00Z,2026-07-05T22:38:04Z,history-e3124fe5-11b0-594f-b0b0-9604c3f38700-compact.parquet
e75fb91b-baa6-52c0-8ea1-04f9b3acfbab,0xb6aa337ed8c463453f22dd391c63e62ec12101988277ddf9ef44d573a4a0fd1d,mlb,Detroit Tigers vs. Texas Rangers,total:f5,Detroit Tigers vs. Texas Rangers: 1st 5 Innings O/U 3.5,Over|Under,Over,2026-07-05T19:30:00Z,2026-07-06T03:30:00Z,2026-07-05T21:15:07Z,0.00,2026-07-05T19:30:00Z,2026-07-05T21:15:01Z,history-e75fb91b-baa6-52c0-8ea1-04f9b3acfbab-compact.parquet
f03f5f18-2a2b-5341-8b47-b30fba227354,0x026ad3715d08fad9123035f15f8d5038e785a7fc0a38b555c6ff43b60b4a4cca,mlb,Detroit Tigers vs. Texas Rangers - Player Props,rest,Jake Burger: Home Runs O/U 0.5,Over|Under,Over,2026-07-05T19:30:00Z,2026-07-06T03:30:00Z,2026-07-05T22:38:48Z,0.00,2026-07-05T19:30:00Z,2026-07-05T22:38:21Z,history-f03f5f18-2a2b-5341-8b47-b30fba227354-compact.parquet
f0e7016b-6825-554e-a954-ef4916be0b7e,0xefbbf054338f7edc7ed2bad088bb00e1ee8474175158de1b179e11e0e24063fb,mlb,Detroit Tigers vs. Texas Rangers,spread:f5,1st 5 Innings Spread: Texas Rangers (-1.5),Texas Rangers|Detroit Tigers,Detroit Tigers,2026-07-05T19:30:00Z,2026-07-06T03:30:00Z,2026-07-05T21:36:52Z,270.09,2026-07-05T19:30:00Z,2026-07-05T21:36:12Z,history-f0e7016b-6825-554e-a954-ef4916be0b7e-compact.parquet
f35f68a3-b8b4-5fef-8729-66193d1475c8,0x2db0abcb9641b0fad79852b6498fc7f6fc8a4a6227c34801988d14bef41545ab,mlb,Tampa Bay Rays vs. Houston Astros - Player Props,rest,Yordan Alvarez: Home Runs O/U 0.5,Over|Under,Under,2026-07-05T19:30:00Z,2026-07-06T03:30:00Z,2026-07-05T22:31:54Z,0.00,2026-07-05T19:30:00Z,2026-07-05T22:31:06Z,history-f35f68a3-b8b4-5fef-8729-66193d1475c8-compact.parquet
05c5ac3c-2dc3-5777-bff3-67101a1b1eec,0x0dfc11804583a6f8fdea29310da5440c633de796460ce35d35a91a79f7517cdf,mlb,Milwaukee Brewers vs. Arizona Diamondbacks - Player Props,rest,Sal Frelick: Home Runs O/U 0.5,Over|Under,Under,2026-07-05T20:00:00Z,2026-07-06T04:00:00Z,2026-07-05T23:17:01Z,0.00,2026-07-05T20:00:00Z,2026-07-05T23:16:20Z,history-05c5ac3c-2dc3-5777-bff3-67101a1b1eec-compact.parquet
0d200e76-8811-51b7-babe-96cc8bb6f604,0xb17a229555001351a5f78ed6675659745086ae1d8211268f5e55a98ff5d607b3,mlb,Milwaukee Brewers vs. Arizona Diamondbacks,spread:f5,1st 5 Innings Spread: Milwaukee Brewers (-2.5),Milwaukee Brewers|Arizona Diamondbacks,Arizona Diamondbacks,2026-07-05T20:00:00Z,2026-07-06T04:00:00Z,2026-07-05T22:04:26Z,215.00,2026-07-05T20:00:00Z,2026-07-05T22:03:56Z,history-0d200e76-8811-51b7-babe-96cc8bb6f604-compact.parquet
0e85cd7e-d014-5431-a505-f07b87949c80,0xfbe1178a062d0a336da1b0346369f9078efc440cac429c8e5ee3311ce82b9668,mlb,San Francisco Giants vs. Colorado Rockies - Player Props,rest,Bryce Eldridge: Home Runs O/U 1.5,Over|Under,Under,2026-07-05T20:00:00Z,2026-07-06T04:00:00Z,2026-07-05T23:19:29Z,0.00,2026-07-05T20:00:00Z,2026-07-05T23:19:22Z,history-0e85cd7e-d014-5431-a505-f07b87949c80-compact.parquet
0f0749d1-3360-5ca8-a4cc-c51a6f753815,0xc79b5b5d77313f42950c461a23158e06a0f079f702d740defd8b6f1615c50bf8,mlb,San Francisco Giants vs. Colorado Rockies - Player Props,rest,Tanner Gordon: Strikeouts O/U 3.5,Over|Under,Over,2026-07-05T20:00:00Z,2026-07-06T04:00:00Z,2026-07-05T23:19:30Z,94.00,2026-07-05T20:00:00Z,2026-07-05T23:19:03Z,history-0f0749d1-3360-5ca8-a4cc-c51a6f753815-compact.parquet
207f14fb-0125-52c9-adfb-13654a7e0e67,0x3f4dc4aa4c4a8b99e00bb4242ed73c6b5f8af3e1626aa1413d6766eb7815f574,mlb,San Francisco Giants vs. Colorado Rockies - Player Props,rest,Rafael Devers: Home Runs O/U 0.5,Over|Under,Over,2026-07-05T20:00:00Z,2026-07-06T04:00:00Z,2026-07-05T23:14:42Z,0.00,2026-07-05T20:00:00Z,2026-07-05T23:14:23Z,history-207f14fb-0125-52c9-adfb-13654a7e0e67-compact.parquet
264c0249-2b1a-553a-b4b4-f3b20cb87f28,0xff02116546fc902394fa5a3f4750d9c4e0eb5d4fdcc86d36a2ada1e8e17330d0,mlb,Milwaukee Brewers vs. Arizona Diamondbacks - Player Props,rest,Brice Turang: Home Runs O/U 0.5,Over|Under,Under,2026-07-05T20:00:00Z,2026-07-06T04:00:00Z,2026-07-05T23:18:06Z,0.00,2026-07-05T20:00:00Z,2026-07-05T23:17:45Z,history-264c0249-2b1a-553a-b4b4-f3b20cb87f28-compact.parquet
2708f679-4d09-555c-b282-d02331502058,0xefac745e021d277a014834b41537608c9ddfe274b7413a12a81d8df2dc2faa46,mlb,San Francisco Giants vs. Colorado Rockies,total:f5,San Francisco Giants vs. Colorado Rockies: 1st 5 Innings O/U 4.5,Over|Under,Over,2026-07-05T20:00:00Z,2026-07-06T04:00:00Z,2026-07-05T21:02:25Z,0.00,2026-07-05T20:00:00Z,2026-07-05T21:01:46Z,history-2708f679-4d09-555c-b282-d02331502058-compact.parquet
2ec73d66-34be-5375-ad48-24291a49dcf3,0xb3613ad234c973608491a944089c40103dc8434fb36ce5820556bb9f50faa0b5,mlb,Milwaukee Brewers vs. Arizona Diamondbacks - Player Props,rest,Nolan Arenado: Home Runs O/U 0.5,Over|Under,Under,2026-07-05T20:00:00Z,2026-07-06T04:00:00Z,2026-07-05T23:17:34Z,0.00,2026-07-05T20:00:00Z,2026-07-05T23:17:11Z,history-2ec73d66-34be-5375-ad48-24291a49dcf3-compact.parquet
32e47e05-34a6-51bd-a8eb-db5e9052ed7b,0xf425224174eecff3504ee6e54b38c52d2a05bcf73cc4835da54448b2edbb8ece,mlb,San Francisco Giants vs. Colorado Rockies - First 5 Innings Winner,rest,San Francisco Giants winning after 5 innings?,Yes|No,Yes,2026-07-05T20:00:00Z,2026-07-06T04:00:00Z,2026-07-05T22:07:23Z,0.00,2026-07-05T20:00:00Z,2026-07-05T22:05:54Z,history-32e47e05-34a6-51bd-a8eb-db5e9052ed7b-compact.parquet
39385bae-8ec9-51d8-9939-cdc780f9784a,0x7e4407ecc65ff35a7c22374687374b0cf9ab061c563098e7838a9ff9f66c2ed0,mlb,San Francisco Giants vs. Colorado Rockies - Player Props,rest,Luis Arraez: Home Runs O/U 0.5,Over|Under,Under,2026-07-05T20:00:00Z,2026-07-06T04:00:00Z,2026-07-05T23:14:42Z,0.00,2026-07-05T20:00:00Z,2026-07-05T23:14:13Z,history-39385bae-8ec9-51d8-9939-cdc780f9784a-compact.parquet
396b40fe-af38-5a0a-9a25-59a88664b848,0x65edbf3c4a2c80c41867c6b1ec4901ea76c6cb2f27c48d505b2a1c7a0fa5270e,mlb,Milwaukee Brewers vs. Arizona Diamondbacks,spread:f5,1st 5 Innings Spread: Arizona Diamondbacks (-1.5),Arizona Diamondbacks|Milwaukee Brewers,Milwaukee Brewers,2026-07-05T20:00:00Z,2026-07-06T04:00:00Z,2026-07-05T22:06:42Z,0.00,2026-07-05T20:00:00Z,2026-07-05T22:05:56Z,history-396b40fe-af38-5a0a-9a25-59a88664b848-compact.parquet
3c2fd827-043b-52af-b343-e3ac731e6f33,0x961732e0550a7fbdd2aa045922b1bfd30523c32930652bc2485a9f8b29619f20,mlb,Milwaukee Brewers vs. Arizona Diamondbacks - Player Props,rest,Sal Frelick: Home Runs O/U 1.5,Over|Under,Under,2026-07-05T20:00:00Z,2026-07-06T04:00:00Z,2026-07-05T23:16:48Z,5.01,2026-07-05T20:00:00Z,2026-07-05T23:16:28Z,history-3c2fd827-043b-52af-b343-e3ac731e6f33-compact.parquet
410716d4-e29e-58c4-83cf-d0a48aaf2987,0xae20b38481992f76ae3433e187f8b06e0d840f4b0f145b8da6119437256af82a,mlb,Milwaukee Brewers vs. Arizona Diamondbacks - Player Props,rest,Ketel Marte: Home Runs O/U 0.5,Over|Under,Under,2026-07-05T20:00:00Z,2026-07-06T04:00:00Z,2026-07-05T23:17:04Z,0.00,2026-07-05T20:00:00Z,2026-07-05T23:16:46Z,history-410716d4-e29e-58c4-83cf-d0a48aaf2987-compact.parquet
45895076-f15a-5066-9d91-7ae631ef9c89,0x60fa8a97b042ebe8171526051c4ab8d00baedb8087e016deccfce94d2d05beda,mlb,Milwaukee Brewers vs. Arizona Diamondbacks - Player Props,rest,Eduardo Rodriguez: Strikeouts O/U 4.5,Over|Under,Under,2026-07-05T20:00:00Z,2026-07-06T04:00:00Z,2026-07-05T23:22:10Z,0.00,2026-07-05T20:00:00Z,2026-07-05T23:21:41Z,history-45895076-f15a-5066-9d91-7ae631ef9c89-compact.parquet
4862f35b-6153-5b54-bb80-98fd75471af1,0xe90b57b6e234298755d70df087322dbcad7d18b0b2863b626912b6f382e5dd40,mlb,San Francisco Giants vs. Colorado Rockies - Player Props,rest,Casey Schmitt: Home Runs O/U 0.5,Over|Under,Over,2026-07-05T20:00:00Z,2026-07-06T04:00:00Z,2026-07-05T23:19:37Z,0.00,2026-07-05T20:00:00Z,2026-07-05T23:19:21Z,history-4862f35b-6153-5b54-bb80-98fd75471af1-compact.parquet
4b5f9c5b-36ca-5678-a233-f47513aab55a,0x4d961f7428ce4fbb1e7f460b7ee01d3e9f9a6439f352811b9e20f6b249256a95,mlb,San Francisco Giants vs. Colorado Rockies,total:f5,San Francisco Giants vs. Colorado Rockies: 1st 5 Innings O/U 6.5,Over|Under,Over,2026-07-05T20:00:00Z,2026-07-06T04:00:00Z,2026-07-05T21:30:31Z,803.38,2026-07-05T20:00:00Z,2026-07-05T21:29:50Z,history-4b5f9c5b-36ca-5678-a233-f47513aab55a-compact.parquet
4b9c6b1c-7f8a-5804-9edf-13f054843d63,0x0e181ce4a7a6940007ccae33ea33d92e48fa4ff936ccc9077446f7075bdc4041,mlb,San Francisco Giants vs. Colorado Rockies - First 5 Innings Winner,rest,Colorado Rockies winning after 5 innings?,Yes|No,No,2026-07-05T20:00:00Z,2026-07-06T04:00:00Z,2026-07-05T21:58:51Z,0.00,2026-07-05T20:00:00Z,2026-07-05T21:58:15Z,history-4b9c6b1c-7f8a-5804-9edf-13f054843d63-compact.parquet
517db539-2409-57a3-9c8e-d530bf80a7d5,0x3c297601df7b5dfa925248dc242b1b74c234c9f0742c5fdd3401bd686398792c,mlb,Milwaukee Brewers vs. Arizona Diamondbacks - First 5 Innings Winner,rest,Milwaukee Brewers winning after 5 innings?,Yes|No,No,2026-07-05T20:00:00Z,2026-07-06T04:00:00Z,2026-07-05T22:04:51Z,0.00,2026-07-05T20:00:00Z,2026-07-05T22:03:55Z,history-517db539-2409-57a3-9c8e-d530bf80a7d5-compact.parquet
59f3a014-90cf-56c9-b07d-fec2b2529276,0xbcaa5506901e7759efe57fa4d67d1e9daf2cee6b6f09e1dd962fd29e6cfc99b0,mlb,Milwaukee Brewers vs. Arizona Diamondbacks - Player Props,rest,Ketel Marte: Home Runs O/U 1.5,Over|Under,Under,2026-07-05T20:00:00Z,2026-07-06T04:00:00Z,2026-07-05T23:16:48Z,0.00,2026-07-05T20:00:00Z,2026-07-05T23:16:11Z,history-59f3a014-90cf-56c9-b07d-fec2b2529276-compact.parquet
5bf3ef47-689c-59be-a353-b36a47e42d60,0xa5a475fff9b25cbc5330ade6d83a0a0da5472215df2af6480402ee1a9746d47b,mlb,San Francisco Giants vs. Colorado Rockies,rest,Will the game go to extra innings?: San Francisco Giants vs. Colorado Rockies,Yes|No,No,2026-07-05T20:00:00Z,2026-07-06T04:00:00Z,2026-07-05T23:19:37Z,0.00,2026-07-05T20:00:00Z,2026-07-05T23:19:16Z,history-5bf3ef47-689c-59be-a353-b36a47e42d60-compact.parquet
5f5fc4b1-8a9f-57fe-afc6-dd7c73f7ff24,0x7a13581ebd35362b1ad00325919bab4a1f6d39e47565d3c8cffb3259be5eb2d6,mlb,Milwaukee Brewers vs. Arizona Diamondbacks - Player Props,rest,Cooper Pratt: Home Runs O/U 1.5,Over|Under,Under,2026-07-05T20:00:00Z,2026-07-06T04:00:00Z,2026-07-05T23:16:50Z,5.01,2026-07-05T20:00:00Z,2026-07-05T23:16:15Z,history-5f5fc4b1-8a9f-57fe-afc6-dd7c73f7ff24-compact.parquet
656e956e-6a2f-5e77-aa46-efdbd6868168,0xfd92473426aefa9a00da49374f618aecc9138f99d63704e17e37566b407a3620,mlb,Milwaukee Brewers vs. Arizona Diamondbacks,total:f5,Milwaukee Brewers vs. Arizona Diamondbacks: 1st 5 Innings O/U 6.5,Over|Under,Under,2026-07-05T20:00:00Z,2026-07-06T04:00:00Z,2026-07-05T22:04:20Z,20.93,2026-07-05T20:00:00Z,2026-07-05T22:03:36Z,history-656e956e-6a2f-5e77-aa46-efdbd6868168-compact.parquet
6736d721-6dd5-5ad2-9998-7784eb64d34e,0x9f7c5563d88992d71ffeace8d9c94816af582229558a44cfc95ceb821b617e8d,mlb,San Francisco Giants vs. Colorado Rockies - First 5 Innings Winner,rest,San Francisco Giants vs. Colorado Rockies: Tied after 5 innings?,Yes|No,No,2026-07-05T20:00:00Z,2026-07-06T04:00:00Z,2026-07-05T21:58:51Z,0.00,2026-07-05T20:00:00Z,2026-07-05T21:57:31Z,history-6736d721-6dd5-5ad2-9998-7784eb64d34e-compact.parquet
67ca242f-7383-54b6-b5f9-02cd511ac229,0x13a4c39354ad7983d140cb737e3beb33907928736df183d20ca2bd5629e51a89,mlb,San Francisco Giants vs. Colorado Rockies - Player Props,rest,Drew Cavanaugh: Home Runs O/U 0.5,Over|Under,Under,2026-07-05T20:00:00Z,2026-07-06T04:00:00Z,2026-07-05T23:15:57Z,0.00,2026-07-05T20:00:00Z,2026-07-05T23:15:32Z,history-67ca242f-7383-54b6-b5f9-02cd511ac229-compact.parquet
69c9efaf-35b4-51a8-92ea-2a8af948c846,0x41b4383a43ea746473d60fbd28ccd1beff1d8c96eb26eda95dfa965f8f7648e0,mlb,San Francisco Giants vs. Colorado Rockies,spread:f5,1st 5 Innings Spread: San Francisco Giants (-1.5),San Francisco Giants|Colorado Rockies,Colorado Rockies,2026-07-05T20:00:00Z,2026-07-06T04:00:00Z,2026-07-05T21:58:25Z,0.00,2026-07-05T20:00:00Z,2026-07-05T21:57:48Z,history-69c9efaf-35b4-51a8-92ea-2a8af948c846-compact.parquet
6a08f023-6412-523b-94c0-aa67edb6ea5f,0xb1fae8001233a97000be6c4e228082f474fd167d27d4566f7fbd6d3eb2e879ad,mlb,Milwaukee Brewers vs. Arizona Diamondbacks - Player Props,rest,Corbin Carroll: Home Runs O/U 0.5,Over|Under,Under,2026-07-05T20:00:00Z,2026-07-06T04:00:00Z,2026-07-05T23:22:12Z,0.00,2026-07-05T20:00:00Z,2026-07-05T23:21:11Z,history-6a08f023-6412-523b-94c0-aa67edb6ea5f-compact.parquet
6e33d05f-1c76-5ba0-8d17-69d3f5d0683c,0xfcbc80ba309080f92f3f159843ed16cb0e7f910fd6c835c7ea95969025d53184,mlb,San Francisco Giants vs. Colorado Rockies,moneyline,San Francisco Giants vs. Colorado Rockies,San Francisco Giants|Colorado Rockies,Colorado Rockies,2026-07-05T20:00:00Z,2026-07-06T04:00:00Z,2026-07-05T23:19:30Z,74786.27,2026-07-05T20:00:00Z,2026-07-05T23:19:17Z,history-6e33d05f-1c76-5ba0-8d17-69d3f5d0683c-compact.parquet
6e9af9b8-ad52-53cf-a50f-9a39c758c738,0xb3d49559e1b6b1db1a1ea22a6a57d0c84372b31a7761605b44aee3767069d4f3,mlb,San Francisco Giants vs. Colorado Rockies,spread:f5,1st 5 Innings Spread: Colorado Rockies (-1.5),Colorado Rockies|San Francisco Giants,San Francisco Giants,2026-07-05T20:00:00Z,2026-07-06T04:00:00Z,2026-07-05T21:58:31Z,2.24,2026-07-05T20:00:00Z,2026-07-05T21:57:32Z,history-6e9af9b8-ad52-53cf-a50f-9a39c758c738-compact.parquet
75269783-a108-51b5-bcb2-98bb0716f0a9,0x57361b3c573cafe6f4c760bbaa7b1ebee7a38c61c59938898542095b27160299,mlb,Milwaukee Brewers vs. Arizona Diamondbacks,spread,Spread: Milwaukee Brewers (-1.5),Milwaukee Brewers|Arizona Diamondbacks,Arizona Diamondbacks,2026-07-05T20:00:00Z,2026-07-06T04:00:00Z,2026-07-05T23:17:54Z,2286.94,2026-07-05T20:00:00Z,2026-07-05T23:17:33Z,history-75269783-a108-51b5-bcb2-98bb0716f0a9-compact.parquet
7550ca1d-537a-59af-978d-52ac4f6f506c,0x46742ec9bdab35ef33be270a82372cf0fbfc15791132da0260c7fb71ce4a34e3,mlb,San Francisco Giants vs. Colorado Rockies - Player Props,rest,Casey Schmitt: Home Runs O/U 1.5,Over|Under,Under,2026-07-05T20:00:00Z,2026-07-06T04:00:00Z,2026-07-05T23:19:29Z,0.00,2026-07-05T20:00:00Z,2026-07-05T23:19:07Z,history-7550ca1d-537a-59af-978d-52ac4f6f506c-compact.parquet
77322b38-3600-5343-937a-ff1608fd01fe,0xc5b0dfd828e074462f630814f4c29949a6a9721b1ad7e557e1cec5e8d80fdcc1,mlb,Milwaukee Brewers vs. Arizona Diamondbacks,moneyline,Milwaukee Brewers vs. Arizona Diamondbacks,Milwaukee Brewers|Arizona Diamondbacks,Milwaukee Brewers,2026-07-05T20:00:00Z,2026-07-06T04:00:00Z,2026-07-05T23:18:11Z,20426.45,2026-07-05T20:00:00Z,2026-07-05T23:17:42Z,history-77322b38-3600-5343-937a-ff1608fd01fe-compact.parquet
78f7f424-5244-5755-bb65-12bb05682363,0x5dd9276de9ec37a9d54ddf894c30497fbf9245c3c8460db90e99981d60553f2e,mlb,San Francisco Giants vs. Colorado Rockies,total:f5,San Francisco Giants vs. Colorado Rockies: 1st 5 Innings O/U 5.5,Over|Under,Over,2026-07-05T20:00:00Z,2026-07-06T04:00:00Z,2026-07-05T21:20:11Z,65.00,2026-07-05T20:00:00Z,2026-07-05T21:19:09Z,history-78f7f424-5244-5755-bb65-12bb05682363-compact.parquet
79dd3e4a-d290-59f5-a479-0afad40a2ed1,0xc36091e6261100171e98c295574ce0199049c35771325281c74f7eac833d7c21,mlb,Milwaukee Brewers vs. Arizona Diamondbacks - Player Props,rest,Jackson Chourio: Home Runs O/U 0.5,Over|Under,Under,2026-07-05T20:00:00Z,2026-07-06T04:00:00Z,2026-07-05T23:17:31Z,0.00,2026-07-05T20:00:00Z,2026-07-05T23:17:21Z,history-79dd3e4a-d290-59f5-a479-0afad40a2ed1-compact.parquet
7c0a5a80-de20-5c91-805b-2e2906651213,0x3604c3ec470bbf00d87804996150d541293754f091ed6b6c778dc48e6715c4cd,mlb,San Francisco Giants vs. Colorado Rockies - Player Props,rest,Victor Bericoto: Home Runs O/U 1.5,Over|Under,Under,2026-07-05T20:00:00Z,2026-07-06T04:00:00Z,2026-07-05T23:14:45Z,5.01,2026-07-05T20:00:00Z,2026-07-05T23:14:31Z,history-7c0a5a80-de20-5c91-805b-2e2906651213-compact.parquet
7cbabb44-e582-5f75-9f0d-8430805a45ab,0x0d965c91b1a28e3b04d5d2cfba3a1414aabcf8db478722504ecf954534f1ca7a,mlb,Milwaukee Brewers vs. Arizona Diamondbacks - Player Props,rest,Gary Sánchez: Home Runs O/U 0.5,Over|Under,Under,2026-07-05T20:00:00Z,2026-07-06T04:00:00Z,2026-07-05T23:16:46Z,0.00,2026-07-05T20:00:00Z,2026-07-05T23:16:12Z,history-7cbabb44-e582-5f75-9f0d-8430805a45ab-compact.parquet
7e2b0dce-e6b1-5036-a98e-82a834ba1767,0xb0bfb90a9029bd9016a4fcb117dda0d83cb660c2c8a11e5a3854b91480d8062e,mlb,San Francisco Giants vs. Colorado Rockies - Player Props,rest,Rafael Devers: Home Runs O/U 1.5,Over|Under,Over,2026-07-05T20:00:00Z,2026-07-06T04:00:00Z,2026-07-05T23:14:47Z,0.00,2026-07-05T20:00:00Z,2026-07-05T23:14:16Z,history-7e2b0dce-e6b1-5036-a98e-82a834ba1767-compact.parquet
81ae336c-834b-5058-b66a-d9550c921959,0xbc62eaeb8f644c053c8a32ce3bc21258d5a83d2e7a47e75b5f7d9b789b9ee653,mlb,San Francisco Giants vs. Colorado Rockies,spread:f5,1st 5 Innings Spread: Colorado Rockies (-2.5),Colorado Rockies|San Francisco Giants,San Francisco Giants,2026-07-05T20:00:00Z,2026-07-06T04:00:00Z,2026-07-05T21:58:23Z,0.00,2026-07-05T20:00:00Z,2026-07-05T21:57:53Z,history-81ae336c-834b-5058-b66a-d9550c921959-compact.parquet
82b14cb7-330c-517a-8703-8b814769f7a3,0x7fb62f8093a29eacc1017bd18a3bb10363a0788991755dec5f8062cfabc26bf9,mlb,San Francisco Giants vs. Colorado Rockies - Player Props,rest,Kyle Karros: Home Runs O/U 0.5,Over|Under,Over,2026-07-05T20:00:00Z,2026-07-06T04:00:00Z,2026-07-05T23:14:44Z,0.00,2026-07-05T20:00:00Z,2026-07-05T23:14:29Z,history-82b14cb7-330c-517a-8703-8b814769f7a3-compact.parquet
82bb182a-8c4b-59b0-9c17-ea272e49458d,0xaa04ed6afeaee34fa6ca2f840e848116631ace24fc82ed506eea393a6a63a05a,mlb,Milwaukee Brewers vs. Arizona Diamondbacks - Player Props,rest,Gabriel Moreno: Home Runs O/U 0.5,Over|Under,Under,2026-07-05T20:00:00Z,2026-07-06T04:00:00Z,2026-07-05T23:16:46Z,0.00,2026-07-05T20:00:00Z,2026-07-05T23:16:06Z,history-82bb182a-8c4b-59b0-9c17-ea272e49458d-compact.parquet
87cd8a47-c7be-5bdc-924c-3cee13df0569,0x828809992454964793f4f1f7bb5a6da3dc389130d758bb9b22c16c7b5460f74b,mlb,San Francisco Giants vs. Colorado Rockies - Player Props,rest,Hunter Goodman: Home Runs O/U 0.5,Over|Under,Under,2026-07-05T20:00:00Z,2026-07-06T04:00:00Z,2026-07-05T23:19:39Z,0.00,2026-07-05T20:00:00Z,2026-07-05T23:18:42Z,history-87cd8a47-c7be-5bdc-924c-3cee13df0569-compact.parquet
88388c79-a6ba-5c5a-a655-5c274c5cd355,0x1ab5182e08b7c18c415247b0b9aae8215d7e03bfde0a605637b5d3879f7530cd,mlb,Milwaukee Brewers vs. Arizona Diamondbacks,total:f5,Milwaukee Brewers vs. Arizona Diamondbacks: 1st 5 Innings O/U 2.5,Over|Under,Under,2026-07-05T20:00:00Z,2026-07-06T04:00:00Z,2026-07-05T22:06:40Z,0.00,2026-07-05T20:00:00Z,2026-07-05T22:06:36Z,history-88388c79-a6ba-5c5a-a655-5c274c5cd355-compact.parquet
8a09cab0-2386-5cf3-87e9-9c1e11c75937,0x40c264325a09008973c4a1468a466086aa6cea6ff4e9922c7fafde7d60461eae,mlb,Milwaukee Brewers vs. Arizona Diamondbacks - Player Props,rest,Geraldo Perdomo: Home Runs O/U 0.5,Over|Under,Under,2026-07-05T20:00:00Z,2026-07-06T04:00:00Z,2026-07-05T23:16:56Z,0.00,2026-07-05T20:00:00Z,2026-07-05T23:16:20Z,history-8a09cab0-2386-5cf3-87e9-9c1e11c75937-compact.parquet
8ed89974-df75-5f87-86d8-41e81d0b437f,0x2a3025f9f5182d6ce6cda9ca1671d7df325ee9e2c5a5e82355875491edfcfcb8,mlb,Milwaukee Brewers vs. Arizona Diamondbacks - Player Props,rest,Eduardo Rodriguez: Strikeouts O/U 3.5,Over|Under,Under,2026-07-05T20:00:00Z,2026-07-06T04:00:00Z,2026-07-05T23:22:09Z,0.00,2026-07-05T20:00:00Z,2026-07-05T23:21:28Z,history-8ed89974-df75-5f87-86d8-41e81d0b437f-compact.parquet
8f7842e1-b40e-57c9-beb8-dcc57d849239,0x126ef390d01654013d2681bf3d37a4b944f1e65f60af7d7a4145973acaa3a6af,mlb,San Francisco Giants vs. Colorado Rockies - Player Props,rest,Willy Adames: Home Runs O/U 0.5,Over|Under,Under,2026-07-05T20:00:00Z,2026-07-06T04:00:00Z,2026-07-05T23:14:42Z,0.00,2026-07-05T20:00:00Z,2026-07-05T23:14:31Z,history-8f7842e1-b40e-57c9-beb8-dcc57d849239-compact.parquet
905dc8d0-0cd3-55f1-a468-c1e462f72a10,0xb738b182b54495fddce9cd77849d450c34903c393d582f455db9145b2f7db6ae,mlb,San Francisco Giants vs. Colorado Rockies - Player Props,rest,TJ Rumfield: Home Runs O/U 0.5,Over|Under,Under,2026-07-05T20:00:00Z,2026-07-06T04:00:00Z,2026-07-05T23:14:44Z,0.00,2026-07-05T20:00:00Z,2026-07-05T23:14:14Z,history-905dc8d0-0cd3-55f1-a468-c1e462f72a10-compact.parquet
937aaf12-75f1-5cff-9a1b-effd9d8f82e8,0x17caea9e432195216b4baffe0451fb378afa2cfcee9783b98afe0fd07b45a4db,mlb,Milwaukee Brewers vs. Arizona Diamondbacks - First 5 Innings Winner,rest,Milwaukee Brewers vs. Arizona Diamondbacks: Tied after 5 innings?,Yes|No,No,2026-07-05T20:00:00Z,2026-07-06T04:00:00Z,2026-07-05T22:07:20Z,0.00,2026-07-05T20:00:00Z,2026-07-05T22:05:57Z,history-937aaf12-75f1-5cff-9a1b-effd9d8f82e8-compact.parquet
945462ad-9c02-5bf1-917d-fd7b142ad3c8,0xeebd4d25d24299eeaabb75d58e17e1d98484892efadd5c019edf22361a6b6074,mlb,San Francisco Giants vs. Colorado Rockies - Player Props,rest,Jung Hoo Lee: Home Runs O/U 0.5,Over|Under,Under,2026-07-05T20:00:00Z,2026-07-06T04:00:00Z,2026-07-05T23:14:42Z,0.00,2026-07-05T20:00:00Z,2026-07-05T23:14:22Z,history-945462ad-9c02-5bf1-917d-fd7b142ad3c8-compact.parquet
96c56742-81f5-5d89-aa9e-dcc3e33f178f,0xfb29a4522cb1961c53e4810622bc7c744c6b2e2eeffbcd4d517c54875d0eb673,mlb,San Francisco Giants vs. Colorado Rockies - Player Props,rest,Heliot Ramos: Home Runs O/U 0.5,Over|Under,Under,2026-07-05T20:00:00Z,2026-07-06T04:00:00Z,2026-07-05T23:19:38Z,0.00,2026-07-05T20:00:00Z,2026-07-05T23:19:22Z,history-96c56742-81f5-5d89-aa9e-dcc3e33f178f-compact.parquet
9c3decaa-8ba8-5944-a15f-2ba7c8a76fde,0xd632723c625359bc034fd10f56a6489f167f4a3c8c73165390b9e1b935782f34,mlb,San Francisco Giants vs. Colorado Rockies,spread:f5,1st 5 Innings Spread: San Francisco Giants (-2.5),San Francisco Giants|Colorado Rockies,Colorado Rockies,2026-07-05T20:00:00Z,2026-07-06T04:00:00Z,2026-07-05T21:58:23Z,14.29,2026-07-05T20:00:00Z,2026-07-05T21:58:00Z,history-9c3decaa-8ba8-5944-a15f-2ba7c8a76fde-compact.parquet
9d2026e3-7789-5ac6-abd7-2adb38087bfe,0x921bf62fdb486943aa41da5091c04133fb6ebe910fab390be4805961b63b3c6c,mlb,San Francisco Giants vs. Colorado Rockies - Player Props,rest,Victor Bericoto: Home Runs O/U 0.5,Over|Under,Under,2026-07-05T20:00:00Z,2026-07-06T04:00:00Z,2026-07-05T23:14:45Z,0.00,2026-07-05T20:00:00Z,2026-07-05T23:14:25Z,history-9d2026e3-7789-5ac6-abd7-2adb38087bfe-compact.parquet
a15c025b-bdec-51b1-be33-ad0afa9f583c,0x8134a5d2718ef8643e6e4ffc261492a0061a975fe9717fbeb3df0f4bb1cba864,mlb,Milwaukee Brewers vs. Arizona Diamondbacks,total:f5,Milwaukee Brewers vs. Arizona Diamondbacks: 1st 5 Innings O/U 3.5,Over|Under,Under,2026-07-05T20:00:00Z,2026-07-06T04:00:00Z,2026-07-05T22:04:15Z,0.00,2026-07-05T20:00:00Z,2026-07-05T22:03:32Z,history-a15c025b-bdec-51b1-be33-ad0afa9f583c-compact.parquet
a35c8699-e805-5819-a517-650036a925d8,0x69b25718809076f4ac64a5213e2f8edb557e688e4d97fc4bb3dcd576b21ec27d,mlb,Milwaukee Brewers vs. Arizona Diamondbacks - Player Props,rest,Cooper Pratt: Home Runs O/U 0.5,Over|Under,Under,2026-07-05T20:00:00Z,2026-07-06T04:00:00Z,2026-07-05T23:17:45Z,0.00,2026-07-05T20:00:00Z,2026-07-05T23:17:37Z,history-a35c8699-e805-5819-a517-650036a925d8-compact.parquet
a4fda7e4-ece3-5494-8e89-3e6fe89a46a0,0xdf2836eaa7fc6d53a0defde8149d27208735ca81b1ea7f55c9adc90bde89438c,mlb,Milwaukee Brewers vs. Arizona Diamondbacks - Player Props,rest,Brandon Sproat: Strikeouts O/U 3.5,Over|Under,Over,2026-07-05T20:00:00Z,2026-07-06T04:00:00Z,2026-07-05T23:19:37Z,0.00,2026-07-05T20:00:00Z,2026-07-05T23:18:42Z,history-a4fda7e4-ece3-5494-8e89-3e6fe89a46a0-compact.parquet
ab4aa580-13f5-50d9-af9c-694648e39fbc,0x71a8358e03bcb179b09b98a3f8e615120a65b736bca0d07c285c56567fa0ecb5,mlb,San Francisco Giants vs. Colorado Rockies - Player Props,rest,Tyler Mahle: Strikeouts O/U 3.5,Over|Under,Over,2026-07-05T20:00:00Z,2026-07-06T04:00:00Z,2026-07-05T23:19:29Z,72.16,2026-07-05T20:00:00Z,2026-07-05T23:19:13Z,history-ab4aa580-13f5-50d9-af9c-694648e39fbc-compact.parquet
ab54b44c-ae07-5179-bcb8-4e87b41dc79c,0xbb15949e56fa4573bc5ea1016116ab31d741e95c2035cbf99d3200138e007bdf,mlb,San Francisco Giants vs. Colorado Rockies - Player Props,rest,Heliot Ramos: Home Runs O/U 1.5,Over|Under,Under,2026-07-05T20:00:00Z,2026-07-06T04:00:00Z,2026-07-05T23:19:39Z,0.00,2026-07-05T20:00:00Z,2026-07-05T23:19:16Z,history-ab54b44c-ae07-5179-bcb8-4e87b41dc79c-compact.parquet
aefb404b-81ab-5966-a7db-694c14f3a389,0x73e8878514916766020991e4d072e3bbe1afd4a8db38ecc26a07da70764a4a81,mlb,Milwaukee Brewers vs. Arizona Diamondbacks,spread:f5,1st 5 Innings Spread: Milwaukee Brewers (-1.5),Milwaukee Brewers|Arizona Diamondbacks,Arizona Diamondbacks,2026-07-05T20:00:00Z,2026-07-06T04:00:00Z,2026-07-05T22:06:41Z,65.56,2026-07-05T20:00:00Z,2026-07-05T22:06:17Z,history-aefb404b-81ab-5966-a7db-694c14f3a389-compact.parquet
b1b703c0-a160-54c2-a4b9-908e6b1837da,0x24dd479b5d2b1f172b8e6ecb93fb07d5f4b52d350c6d01262bb69ef8d4b19c44,mlb,Milwaukee Brewers vs. Arizona Diamondbacks - Player Props,rest,Nolan Arenado: Home Runs O/U 1.5,Over|Under,Under,2026-07-05T20:00:00Z,2026-07-06T04:00:00Z,2026-07-05T23:17:37Z,5.01,2026-07-05T20:00:00Z,2026-07-05T23:17:14Z,history-b1b703c0-a160-54c2-a4b9-908e6b1837da-compact.parquet
b36c7b58-b291-5a50-90ad-e2f090ee7739,0xa1e351d85f6e93bd3b5db9fce5f54cdd8e7b6dc8f33951c9d2988d3e0a3d563a,mlb,Milwaukee Brewers vs. Arizona Diamondbacks,total:f5,Milwaukee Brewers vs. Arizona Diamondbacks: 1st 5 Innings O/U 5.5,Over|Under,Under,2026-07-05T20:00:00Z,2026-07-06T04:00:00Z,2026-07-05T22:06:44Z,0.00,2026-07-05T20:00:00Z,2026-07-05T22:06:04Z,history-b36c7b58-b291-5a50-90ad-e2f090ee7739-compact.parquet
b779421b-b149-52ed-afa4-a071a32a758f,0x7d09c45461a7e2f517fbde9bc26ac9fbbab90c14552fc98ce66a86878a907327,mlb,Milwaukee Brewers vs. Arizona Diamondbacks,rest,Will the game go to extra innings?: Milwaukee Brewers vs. Arizona Diamondbacks,Yes|No,No,2026-07-05T20:00:00Z,2026-07-06T04:00:00Z,2026-07-05T23:18:07Z,0.00,2026-07-05T20:00:00Z,2026-07-05T23:17:58Z,history-b779421b-b149-52ed-afa4-a071a32a758f-compact.parquet
bb4fd3e0-826e-59e3-8ecf-f2fe8282f27b,0x2c4d6562d7c8c2bdcb7e82d980848d1b120ef470056813715ce86f96e4160818,mlb,San Francisco Giants vs. Colorado Rockies - Player Props,rest,Bryce Eldridge: Home Runs O/U 0.5,Over|Under,Under,2026-07-05T20:00:00Z,2026-07-06T04:00:00Z,2026-07-05T23:19:27Z,0.00,2026-07-05T20:00:00Z,2026-07-05T23:19:16Z,history-bb4fd3e0-826e-59e3-8ecf-f2fe8282f27b-compact.parquet
bdb91a15-726a-5927-878a-e0be42be2893,0x20a3262d6edf13c30b02861d73fb06b58b43955936349fc164267365cdeeca3c,mlb,San Francisco Giants vs. Colorado Rockies,total,San Francisco Giants vs. Colorado Rockies: O/U 12.5,Over|Under,Over,2026-07-05T20:00:00Z,2026-07-06T04:00:00Z,2026-07-05T23:02:12Z,152133.35,2026-07-05T20:00:00Z,2026-07-05T23:01:55Z,history-bdb91a15-726a-5927-878a-e0be42be2893-compact.parquet
c3773d1e-1ee3-5e98-914b-a7e298706a9d,0xc0b97cf6d3f4a77040c0c1f676c68b49b916b701dbb82f8e928edd628e50550e,mlb,Milwaukee Brewers vs. Arizona Diamondbacks,spread:f5,1st 5 Innings Spread: Arizona Diamondbacks (-2.5),Arizona Diamondbacks|Milwaukee Brewers,Milwaukee Brewers,2026-07-05T20:00:00Z,2026-07-06T04:00:00Z,2026-07-05T22:04:20Z,0.00,2026-07-05T20:00:00Z,2026-07-05T22:03:35Z,history-c3773d1e-1ee3-5e98-914b-a7e298706a9d-compact.parquet
c4466df2-83b1-5de7-873d-1d790e58644f,0x32cbe9d173ca81b2612e2de839440547f21edb43996003379bfe2f113d9a6982,mlb,Milwaukee Brewers vs. Arizona Diamondbacks - Player Props,rest,Jake Bauers: Home Runs O/U 0.5,Over|Under,Over,2026-07-05T20:00:00Z,2026-07-06T04:00:00Z,2026-07-05T23:16:49Z,0.00,2026-07-05T20:00:00Z,2026-07-05T23:16:32Z,history-c4466df2-83b1-5de7-873d-1d790e58644f-compact.parquet
c5924b5d-4c6e-5a26-b767-d95ddf51c85d,0xc9555f5c06441cf140a8a811811acd2c0ef8bc0d188f31a49aebaade2ef22369,mlb,Milwaukee Brewers vs. Arizona Diamondbacks - First 5 Innings Winner,rest,Arizona Diamondbacks winning after 5 innings?,Yes|No,Yes,2026-07-05T20:00:00Z,2026-07-06T04:00:00Z,2026-07-05T22:10:51Z,1317.39,2026-07-05T20:00:00Z,2026-07-05T22:10:18Z,history-c5924b5d-4c6e-5a26-b767-d95ddf51c85d-compact.parquet
c69284c1-9dee-5fbf-b473-25887024cbb4,0x439b9fe61fad50dcd483160fa5701ea286f430648498244cd2962b8acef8e25f,mlb,Milwaukee Brewers vs. Arizona Diamondbacks - Player Props,rest,William Contreras: Home Runs O/U 1.5,Over|Under,Under,2026-07-05T20:00:00Z,2026-07-06T04:00:00Z,2026-07-05T23:17:34Z,5.01,2026-07-05T20:00:00Z,2026-07-05T23:17:28Z,history-c69284c1-9dee-5fbf-b473-25887024cbb4-compact.parquet
c7d21e20-7700-50f1-a87d-95c73cdb0c27,0xbddeab709eee0ad870a36047f673c81fa0d82a18112e57fcc8b887402f01daff,mlb,Milwaukee Brewers vs. Arizona Diamondbacks,total,Milwaukee Brewers vs. Arizona Diamondbacks: O/U 9.5,Over|Under,Under,2026-07-05T20:00:00Z,2026-07-06T04:00:00Z,2026-07-05T23:18:07Z,38188.66,2026-07-05T20:00:00Z,2026-07-05T23:17:42Z,history-c7d21e20-7700-50f1-a87d-95c73cdb0c27-compact.parquet
cccf4e07-0c43-5332-a284-42853eb9bea8,0x9af3bf69aeb9f71522f8b33974097143b9e3369157836dcec7be6bb8c3b7906e,mlb,Milwaukee Brewers vs. Arizona Diamondbacks - Player Props,rest,Garrett Mitchell: Home Runs O/U 0.5,Over|Under,Under,2026-07-05T20:00:00Z,2026-07-06T04:00:00Z,2026-07-05T23:16:47Z,0.00,2026-07-05T20:00:00Z,2026-07-05T23:16:21Z,history-cccf4e07-0c43-5332-a284-42853eb9bea8-compact.parquet
d462b387-d3d5-5f44-9054-51350600e6f6,0xa1e93bed834160b5f30c0763316a8178d5e16ddf0e8364aabfdf3429d000b4b1,mlb,San Francisco Giants vs. Colorado Rockies - Player Props,rest,Mickey Moniak: Home Runs O/U 1.5,Over|Under,Under,2026-07-05T20:00:00Z,2026-07-06T04:00:00Z,2026-07-05T23:14:40Z,0.00,2026-07-05T20:00:00Z,2026-07-05T23:14:31Z,history-d462b387-d3d5-5f44-9054-51350600e6f6-compact.parquet
d66e3002-d845-5e74-8756-710bb86bfd85,0x4b5583dc8f35242807954ba2b8fdd6480b1c291afe0ee6c4af579066a1e3c5cf,mlb,Milwaukee Brewers vs. Arizona Diamondbacks,total:f5,Milwaukee Brewers vs. Arizona Diamondbacks: 1st 5 Innings O/U 4.5,Over|Under,Under,2026-07-05T20:00:00Z,2026-07-06T04:00:00Z,2026-07-05T22:04:12Z,0.00,2026-07-05T20:00:00Z,2026-07-05T22:03:57Z,history-d66e3002-d845-5e74-8756-710bb86bfd85-compact.parquet
d8ffa7f1-b128-5bb2-a5da-bc985ed7f6ae,0x5af1d801899bd6d60ebf1fcb204ff2bf3668bbd9628fdbe826c13d84b653be2f,mlb,San Francisco Giants vs. Colorado Rockies - Player Props,rest,Mickey Moniak: Home Runs O/U 0.5,Over|Under,Under,2026-07-05T20:00:00Z,2026-07-06T04:00:00Z,2026-07-05T23:14:41Z,0.00,2026-07-05T20:00:00Z,2026-07-05T23:13:53Z,history-d8ffa7f1-b128-5bb2-a5da-bc985ed7f6ae-compact.parquet
dd6de511-c0e1-5ef4-929d-a0041010640d,0x74b1ee85bf07520453625376663510e6a63639bf2d64fb0221e57f59426d7b76,mlb,San Francisco Giants vs. Colorado Rockies,total:f5,San Francisco Giants vs. Colorado Rockies: 1st 5 Innings O/U 3.5,Over|Under,Over,2026-07-05T20:00:00Z,2026-07-06T04:00:00Z,2026-07-05T21:13:13Z,0.00,2026-07-05T20:00:00Z,2026-07-05T21:12:22Z,history-dd6de511-c0e1-5ef4-929d-a0041010640d-compact.parquet
e61b1fa2-34a7-5a95-a05d-96e18abb6bb8,0x6d16ae25aadaac3f4d827deace427fb25aca82ae2095e03b811b1b2897e98473,mlb,San Francisco Giants vs. Colorado Rockies,spread,Spread: San Francisco Giants (-1.5),San Francisco Giants|Colorado Rockies,Colorado Rockies,2026-07-05T20:00:00Z,2026-07-06T04:00:00Z,2026-07-05T23:19:28Z,1040.41,2026-07-05T20:00:00Z,2026-07-05T23:18:33Z,history-e61b1fa2-34a7-5a95-a05d-96e18abb6bb8-compact.parquet
e6343c61-9832-5bd4-a80e-705d668de85d,0x37b1cc6d81b2d530663d1c4e241d35cb57db486c2d3fdcaaf98f57204996bd7e,mlb,San Francisco Giants vs. Colorado Rockies - Player Props,rest,Jake McCarthy: Home Runs O/U 0.5,Over|Under,Under,2026-07-05T20:00:00Z,2026-07-06T04:00:00Z,2026-07-05T23:14:43Z,0.00,2026-07-05T20:00:00Z,2026-07-05T23:14:15Z,history-e6343c61-9832-5bd4-a80e-705d668de85d-compact.parquet
e6af7845-71f1-5ad8-ae3b-1ed01054e0c2,0x2825708629af4857e5e86f45f46f0737981e6f1cb51673e003fd8a97e04dfdaf,mlb,Milwaukee Brewers vs. Arizona Diamondbacks,rest,Will there be a run scored in the first inning?: Milwaukee Brewers vs. Arizona Diamondbacks,Yes|No,Yes,2026-07-05T20:00:00Z,2026-07-06T04:00:00Z,2026-07-05T20:39:39Z,76.94,2026-07-05T20:00:00Z,2026-07-05T20:38:46Z,history-e6af7845-71f1-5ad8-ae3b-1ed01054e0c2-compact.parquet
ed1eb602-b711-5cf9-b2ff-d2fbdf69d32b,0x90f414d782b8917319d3b87551f5dfacb7077e475ecd1a8b794a3afccbbbafe9,mlb,Milwaukee Brewers vs. Arizona Diamondbacks - Player Props,rest,Brandon Sproat: Strikeouts O/U 4.5,Over|Under,Under,2026-07-05T20:00:00Z,2026-07-06T04:00:00Z,2026-07-05T23:17:49Z,0.00,2026-07-05T20:00:00Z,2026-07-05T23:17:14Z,history-ed1eb602-b711-5cf9-b2ff-d2fbdf69d32b-compact.parquet
f06517c3-9c13-5ae5-88dd-b4f29e32ee46,0x413243def962c327459723d20a08c9ba20a1ca05188b0bffab31e69b3cc225d4,mlb,San Francisco Giants vs. Colorado Rockies,total,San Francisco Giants vs. Colorado Rockies: O/U 13.5,Over|Under,Under,2026-07-05T20:00:00Z,2026-07-06T04:00:00Z,2026-07-05T23:19:32Z,11677.36,2026-07-05T20:00:00Z,2026-07-05T23:18:42Z,history-f06517c3-9c13-5ae5-88dd-b4f29e32ee46-compact.parquet
f15d27e8-b890-5878-970a-96c51f7b55b5,0x84d67cdd11f133d7cdb77339853fe725ff0ebd2400fc0913e1d4df45bdc45159,mlb,Milwaukee Brewers vs. Arizona Diamondbacks - Player Props,rest,William Contreras: Home Runs O/U 0.5,Over|Under,Under,2026-07-05T20:00:00Z,2026-07-06T04:00:00Z,2026-07-05T23:17:46Z,0.00,2026-07-05T20:00:00Z,2026-07-05T23:17:42Z,history-f15d27e8-b890-5878-970a-96c51f7b55b5-compact.parquet
f7a05ca8-155b-572d-89f4-c393d48e3267,0xa354e1504f3927f1c953f0e245fa6836602d9eb68ec98eadf0612f75dbd45eeb,mlb,San Francisco Giants vs. Colorado Rockies - Player Props,rest,Hunter Goodman: Home Runs O/U 1.5,Over|Under,Under,2026-07-05T20:00:00Z,2026-07-06T04:00:00Z,2026-07-05T23:19:39Z,0.00,2026-07-05T20:00:00Z,2026-07-05T23:19:34Z,history-f7a05ca8-155b-572d-89f4-c393d48e3267-compact.parquet
fa64e491-af02-5f6d-8334-194fe83db109,0x8e12b827b96c75aa78fed9f9bf8a6ba83b055ada452e01084cc96c014f4abd37,mlb,San Francisco Giants vs. Colorado Rockies - Player Props,rest,Willy Adames: Home Runs O/U 1.5,Over|Under,Under,2026-07-05T20:00:00Z,2026-07-06T04:00:00Z,2026-07-05T23:14:43Z,0.00,2026-07-05T20:00:00Z,2026-07-05T23:14:14Z,history-fa64e491-af02-5f6d-8334-194fe83db109-compact.parquet
fbd08a62-31d0-51bd-954e-0ba6ff4c9042,0xd33ca017a929bcbe1d50b4e2cee8d45726749d824696561831dca71b670fefef,mlb,San Francisco Giants vs. Colorado Rockies,rest,Will there be a run scored in the first inning?: San Francisco Giants vs. Colorado Rockies,Yes|No,Yes,2026-07-05T20:00:00Z,2026-07-06T04:00:00Z,2026-07-05T20:37:07Z,225.27,2026-07-05T20:00:00Z,2026-07-05T20:36:58Z,history-fbd08a62-31d0-51bd-954e-0ba6ff4c9042-compact.parquet
02eeabde-0bb9-5100-b73d-c0a181631b0c,0xa5c89ba1bebaa1248f67adf88415a022e8661dcba39fa7081dacb692d719f242,mlb,Miami Marlins vs. Athletics,total:f5,Miami Marlins vs. Athletics: 1st 5 Innings O/U 5.5,Over|Under,Over,2026-07-05T20:30:00Z,2026-07-06T04:30:00Z,2026-07-05T21:53:51Z,42.43,2026-07-05T20:30:00Z,2026-07-05T21:52:58Z,history-02eeabde-0bb9-5100-b73d-c0a181631b0c-compact.parquet
087666f5-f623-5b41-a2e4-e38a29a80534,0x300f29be5172ac23c3d3e5a1994acb630cee4b44cc1227db1f1800e6dca8369d,mlb,Miami Marlins vs. Athletics - First 5 Innings Winner,rest,Miami Marlins winning after 5 innings?,Yes|No,Yes,2026-07-05T20:30:00Z,2026-07-06T04:30:00Z,2026-07-05T22:33:51Z,0.00,2026-07-05T20:30:00Z,2026-07-05T22:33:14Z,history-087666f5-f623-5b41-a2e4-e38a29a80534-compact.parquet
0f87f71f-efc4-5940-afff-c011605855c3,0x5d9f9737ca751013524fda6f0b4292c1a944b6759ddc4d53b5390480ef030d42,mlb,Miami Marlins vs. Athletics - First 5 Innings Winner,rest,Athletics winning after 5 innings?,Yes|No,No,2026-07-05T20:30:00Z,2026-07-06T04:30:00Z,2026-07-05T22:29:52Z,0.00,2026-07-05T20:30:00Z,2026-07-05T22:28:25Z,history-0f87f71f-efc4-5940-afff-c011605855c3-compact.parquet
140c5702-106e-5f74-b748-aebb0721d22d,0x59c3104630599cc01e56534371f6e59b7d636c8cf5ae0f6542319989a8747125,mlb,Miami Marlins vs. Athletics,total:f5,Miami Marlins vs. Athletics: 1st 5 Innings O/U 4.5,Over|Under,Over,2026-07-05T20:30:00Z,2026-07-06T04:30:00Z,2026-07-05T21:51:45Z,0.00,2026-07-05T20:30:00Z,2026-07-05T21:51:00Z,history-140c5702-106e-5f74-b748-aebb0721d22d-compact.parquet
26490bee-0025-5c85-be18-87ec72e5b681,0xef432f971453df071cd26cc847b8a374b4a60b90b27adb906da6eca8f413250c,mlb,Miami Marlins vs. Athletics,spread:f5,1st 5 Innings Spread: Miami Marlins (-2.5),Miami Marlins|Athletics,Miami Marlins,2026-07-05T20:30:00Z,2026-07-06T04:30:00Z,2026-07-05T22:28:57Z,1.34,2026-07-05T20:30:00Z,2026-07-05T22:28:10Z,history-26490bee-0025-5c85-be18-87ec72e5b681-compact.parquet
370b62ec-0cef-543a-ac4d-9c665eb15b80,0xca0d5b02cedc7f32c576c14756b831f79dcbc4b051d3b5306470de983fefcd4d,mlb,Miami Marlins vs. Athletics,spread:f5,1st 5 Innings Spread: Athletics (-2.5),Athletics|Miami Marlins,Miami Marlins,2026-07-05T20:30:00Z,2026-07-06T04:30:00Z,2026-07-05T22:28:58Z,0.00,2026-07-05T20:30:00Z,2026-07-05T22:28:25Z,history-370b62ec-0cef-543a-ac4d-9c665eb15b80-compact.parquet
45eb6b03-4332-56b0-bbfe-c6671e1388e9,0xac732062d4296055dfdf60e31368e4c2366385127d6f8e4a29a114d3a14ae89b,mlb,Miami Marlins vs. Athletics,total,Miami Marlins vs. Athletics: O/U 9.5,Over|Under,Over,2026-07-05T20:30:00Z,2026-07-06T04:30:00Z,2026-07-05T23:34:51Z,38289.11,2026-07-05T20:30:00Z,2026-07-05T23:33:58Z,history-45eb6b03-4332-56b0-bbfe-c6671e1388e9-compact.parquet
4e8a1e53-9826-55d0-88d1-4ce679384ff0,0x6b8861b5f0b2158050b3e8e4a32a70971272e2d669edc9605ad36ec086d89a4b,mlb,Miami Marlins vs. Athletics - First 5 Innings Winner,rest,Miami Marlins vs. Athletics: Tied after 5 innings?,Yes|No,No,2026-07-05T20:30:00Z,2026-07-06T04:30:00Z,2026-07-05T22:29:52Z,0.00,2026-07-05T20:30:00Z,2026-07-05T22:28:26Z,history-4e8a1e53-9826-55d0-88d1-4ce679384ff0-compact.parquet
64361721-4919-50a2-8173-ad50ec7853a8,0x9abcc566b6dc2bb55e2fc0a5caf33e55cdc7fb978b908f1d01d9599057bb97cd,mlb,Miami Marlins vs. Athletics,rest,Will there be a run scored in the first inning?: Miami Marlins vs. Athletics,Yes|No,Yes,2026-07-05T20:30:00Z,2026-07-06T04:30:00Z,2026-07-05T21:02:26Z,100.84,2026-07-05T20:30:00Z,2026-07-05T21:01:41Z,history-64361721-4919-50a2-8173-ad50ec7853a8-compact.parquet
86d45b74-fdb6-5740-9c4e-6a66d9074b96,0x9e99d50c0514291996dc5501f48c0dca0d8c6182f05b792c62d2064861f6e1c7,mlb,Miami Marlins vs. Athletics,total:f5,Miami Marlins vs. Athletics: 1st 5 Innings O/U 6.5,Over|Under,Under,2026-07-05T20:30:00Z,2026-07-06T04:30:00Z,2026-07-05T22:28:58Z,36.54,2026-07-05T20:30:00Z,2026-07-05T22:28:33Z,history-86d45b74-fdb6-5740-9c4e-6a66d9074b96-compact.parquet
aca2dd28-1491-574e-8fe0-5570f75e0cab,0x2daac0f94c7fd7f9868f85ad3e21a6ffef60dbd946f17fcaecbd512435f530f9,mlb,Miami Marlins vs. Athletics,total:f5,Miami Marlins vs. Athletics: 1st 5 Innings O/U 2.5,Over|Under,Over,2026-07-05T20:30:00Z,2026-07-06T04:30:00Z,2026-07-05T21:24:47Z,0.00,2026-07-05T20:30:00Z,2026-07-05T21:24:28Z,history-aca2dd28-1491-574e-8fe0-5570f75e0cab-compact.parquet
b6137613-e7de-512b-8f10-a82d465c8c69,0xda8806bc6df94a99bfc439e4dd1dedfcbf936bdd2fe58f6ee2dc9da9fc0556e9,mlb,Miami Marlins vs. Athletics,spread:f5,1st 5 Innings Spread: Miami Marlins (-1.5),Miami Marlins|Athletics,Miami Marlins,2026-07-05T20:30:00Z,2026-07-06T04:30:00Z,2026-07-05T22:28:58Z,0.00,2026-07-05T20:30:00Z,2026-07-05T22:28:41Z,history-b6137613-e7de-512b-8f10-a82d465c8c69-compact.parquet
dd21b6d6-88d4-5b8b-8ec7-9b3cfec9dc31,0x49222c5f7fcd7ee9f5cc68383ecc6080efffa9844bf709d3e1ed657a2041d069,mlb,Miami Marlins vs. Athletics,total,Miami Marlins vs. Athletics: O/U 10.5,Over|Under,Over,2026-07-05T20:30:00Z,2026-07-06T04:30:00Z,2026-07-05T23:34:51Z,204.64,2026-07-05T20:30:00Z,2026-07-05T23:33:48Z,history-dd21b6d6-88d4-5b8b-8ec7-9b3cfec9dc31-compact.parquet
e5d39502-399a-554d-acc9-a39a8079a29d,0xd321b96052ea664d18f0858999e5d1c9cebac5823d16966d639439af3911f67f,mlb,Miami Marlins vs. Athletics,total:f5,Miami Marlins vs. Athletics: 1st 5 Innings O/U 3.5,Over|Under,Over,2026-07-05T20:30:00Z,2026-07-06T04:30:00Z,2026-07-05T21:44:03Z,0.00,2026-07-05T20:30:00Z,2026-07-05T21:43:47Z,history-e5d39502-399a-554d-acc9-a39a8079a29d-compact.parquet
fbab5416-e9d0-5010-9e91-23ac19564c12,0x70caa44f582ab3d01142a0d4fb9a47514d5c1ec56ead4d17d241adf1c5859a44,mlb,Miami Marlins vs. Athletics,spread:f5,1st 5 Innings Spread: Athletics (-1.5),Athletics|Miami Marlins,Miami Marlins,2026-07-05T20:30:00Z,2026-07-06T04:30:00Z,2026-07-05T22:29:00Z,0.00,2026-07-05T20:30:00Z,2026-07-05T22:28:33Z,history-fbab5416-e9d0-5010-9e91-23ac19564c12-compact.parquet
026c44e3-39a0-50c4-801b-0bca725643af,0xc7ecfff0b22f780dc9923c0dceadc1df535dd918ac2494349928aa1a965ed147,mlb,Toronto Blue Jays vs. Seattle Mariners - Player Props,rest,Cal Raleigh: Home Runs O/U 0.5,Over|Under,Under,2026-07-05T21:00:00Z,2026-07-06T05:00:00Z,2026-07-05T23:36:34Z,0.00,2026-07-05T21:00:00Z,2026-07-05T23:35:38Z,history-026c44e3-39a0-50c4-801b-0bca725643af-compact.parquet
026e8815-e389-5af4-8568-3698f3cb1384,0x8f4c1414fe3f223b2073a9e2e953f6b4dae609136e9415fdf358585f4bffc9c4,mlb,Toronto Blue Jays vs. Seattle Mariners,total:f5,Toronto Blue Jays vs. Seattle Mariners: 1st 5 Innings O/U 2.5,Over|Under,Over,2026-07-05T21:00:00Z,2026-07-06T05:00:00Z,2026-07-05T22:26:39Z,0.00,2026-07-05T21:00:00Z,2026-07-05T22:25:42Z,history-026e8815-e389-5af4-8568-3698f3cb1384-compact.parquet
09f3a916-222c-56f3-850b-013f02cf2661,0x0f25140d3c497690cdb162b82f4cc283c9318409b03a51f234a444d5eaa0a8f6,mlb,Toronto Blue Jays vs. Seattle Mariners,total:f5,Toronto Blue Jays vs. Seattle Mariners: 1st 5 Innings O/U 6.5,Over|Under,Under,2026-07-05T21:00:00Z,2026-07-06T05:00:00Z,2026-07-05T22:38:30Z,0.00,2026-07-05T21:00:00Z,2026-07-05T22:38:17Z,history-09f3a916-222c-56f3-850b-013f02cf2661-compact.parquet
0e3a1594-a57e-538e-9d9a-3fc49ee2a69f,0x79a1bd76ad6fe17b26d259ec8ab0450e367754ab765535e187a649bfec019778,mlb,Toronto Blue Jays vs. Seattle Mariners,spread:f5,1st 5 Innings Spread: Toronto Blue Jays (-1.5),Toronto Blue Jays|Seattle Mariners,Seattle Mariners,2026-07-05T21:00:00Z,2026-07-06T05:00:00Z,2026-07-05T22:38:32Z,13.70,2026-07-05T21:00:00Z,2026-07-05T22:37:35Z,history-0e3a1594-a57e-538e-9d9a-3fc49ee2a69f-compact.parquet
24f14d3a-733e-56a4-8278-3eac80067f6a,0x63d7007b0fd97b07ca51dc086c0bbe30967986be9695f87e7dfc6d2cdca43575,mlb,Toronto Blue Jays vs. Seattle Mariners,total:f5,Toronto Blue Jays vs. Seattle Mariners: 1st 5 Innings O/U 3.5,Over|Under,Under,2026-07-05T21:00:00Z,2026-07-06T05:00:00Z,2026-07-05T22:38:28Z,0.00,2026-07-05T21:00:00Z,2026-07-05T22:38:28Z,history-24f14d3a-733e-56a4-8278-3eac80067f6a-compact.parquet
30f85830-5d51-5165-81ed-ffde02d70045,0x57c3bc1506207b5cb4ee5307d895dfef1abfe1dc8685424b8647c2a3738a00b9,mlb,Toronto Blue Jays vs. Seattle Mariners,spread:f5,1st 5 Innings Spread: Seattle Mariners (-2.5),Seattle Mariners|Toronto Blue Jays,Seattle Mariners,2026-07-05T21:00:00Z,2026-07-06T05:00:00Z,2026-07-05T22:38:28Z,196.92,2026-07-05T21:00:00Z,2026-07-05T22:37:35Z,history-30f85830-5d51-5165-81ed-ffde02d70045-compact.parquet
366864d7-a7a5-5370-aa11-94f217d68741,0x0d0ae62725cf8bf2e9fe9d958ae1fa757f83e8c987f784461f91b509d584025b,mlb,Toronto Blue Jays vs. Seattle Mariners - Player Props,rest,Vladimir Guerrero Jr.: Home Runs O/U 0.5,Over|Under,Under,2026-07-05T21:00:00Z,2026-07-06T05:00:00Z,2026-07-05T23:36:30Z,0.00,2026-07-05T21:00:00Z,2026-07-05T23:35:50Z,history-366864d7-a7a5-5370-aa11-94f217d68741-compact.parquet
3d9f8cdd-9910-5a13-bf24-696b97b40c02,0xb8f835367a49a6c4288ef6b63c550c2323958d833e7fb1cdefc1324e75193fe4,mlb,Toronto Blue Jays vs. Seattle Mariners,total:f5,Toronto Blue Jays vs. Seattle Mariners: 1st 5 Innings O/U 5.5,Over|Under,Under,2026-07-05T21:00:00Z,2026-07-06T05:00:00Z,2026-07-05T22:38:30Z,14.95,2026-07-05T21:00:00Z,2026-07-05T22:37:36Z,history-3d9f8cdd-9910-5a13-bf24-696b97b40c02-compact.parquet
429c67b1-b25b-511b-b1ec-b58c66ac9eaf,0xb1ed8979c40e977d0956d974bc955d65a35f055da5c84f3225b30f2027b6a76e,mlb,Toronto Blue Jays vs. Seattle Mariners - First 5 Innings Winner,rest,Toronto Blue Jays winning after 5 innings?,Yes|No,No,2026-07-05T21:00:00Z,2026-07-06T05:00:00Z,2026-07-05T22:39:20Z,0.00,2026-07-05T21:00:00Z,2026-07-05T22:38:26Z,history-429c67b1-b25b-511b-b1ec-b58c66ac9eaf-compact.parquet
42a38799-bb78-5524-8d35-37e2c0255d31,0x4f2e71f5c4c6cc81f298f02e7b896de3a5ba4de2ad7d26f9f094ec5767e58629,mlb,Toronto Blue Jays vs. Seattle Mariners,total,Toronto Blue Jays vs. Seattle Mariners: O/U 7.5,Over|Under,Under,2026-07-05T21:00:00Z,2026-07-06T05:00:00Z,2026-07-05T23:36:28Z,3531.42,2026-07-05T21:00:00Z,2026-07-05T23:35:22Z,history-42a38799-bb78-5524-8d35-37e2c0255d31-compact.parquet
42cc0fc5-1f3e-5b80-ad93-55c6ec04dcf7,0x2b9c8c9f9767c4ce567af652fc7c9e4d736bc27037c7e477f6f9d062a66ab59f,mlb,Toronto Blue Jays vs. Seattle Mariners - Player Props,rest,Andrés Giménez: Home Runs O/U 0.5,Over|Under,Under,2026-07-05T21:00:00Z,2026-07-06T05:00:00Z,2026-07-05T23:36:33Z,0.00,2026-07-05T21:00:00Z,2026-07-05T23:35:47Z,history-42cc0fc5-1f3e-5b80-ad93-55c6ec04dcf7-compact.parquet
47c9d472-4613-5a95-83a2-9b622e0ed866,0x42584f89f559a6ebde7ce9a53763e004f76c5d5b863bbc765b169ad07db1266f,mlb,Toronto Blue Jays vs. Seattle Mariners - Player Props,rest,Alejandro Kirk: Home Runs O/U 0.5,Over|Under,Under,2026-07-05T21:00:00Z,2026-07-06T05:00:00Z,2026-07-05T23:36:31Z,0.00,2026-07-05T21:00:00Z,2026-07-05T23:35:30Z,history-47c9d472-4613-5a95-83a2-9b622e0ed866-compact.parquet
48eb2290-47ee-502b-8747-85a5be497525,0xe24549925bdbdc491a60a3a6b2dc8e8c8981ea09079825bbc7b285d8a364104e,mlb,Toronto Blue Jays vs. Seattle Mariners - Player Props,rest,Daulton Varsho: Home Runs O/U 0.5,Over|Under,Under,2026-07-05T21:00:00Z,2026-07-06T05:00:00Z,2026-07-05T23:36:25Z,0.00,2026-07-05T21:00:00Z,2026-07-05T23:35:51Z,history-48eb2290-47ee-502b-8747-85a5be497525-compact.parquet
4e227799-6178-5477-87aa-e5f74dcc2220,0x207ddda541b4840fe9a4f571b41a6ade0279ecf6ddfca6f058bbdfaaadf6f202,mlb,Toronto Blue Jays vs. Seattle Mariners,spread,Spread: Seattle Mariners (-1.5),Seattle Mariners|Toronto Blue Jays,Seattle Mariners,2026-07-05T21:00:00Z,2026-07-06T05:00:00Z,2026-07-05T23:36:27Z,4308.70,2026-07-05T21:00:00Z,2026-07-05T23:35:37Z,history-4e227799-6178-5477-87aa-e5f74dcc2220-compact.parquet
5054264f-1af5-59b3-ab76-e59e4e2e32f1,0x9b2db9680e37953c269467f93ec9509fbb0f35b819bd1f969babf091ca8acbba,mlb,Toronto Blue Jays vs. Seattle Mariners - Player Props,rest,Josh Naylor: Home Runs O/U 0.5,Over|Under,Under,2026-07-05T21:00:00Z,2026-07-06T05:00:00Z,2026-07-05T23:36:31Z,0.00,2026-07-05T21:00:00Z,2026-07-05T23:36:11Z,history-5054264f-1af5-59b3-ab76-e59e4e2e32f1-compact.parquet
5dffcc53-d864-52e1-a967-41ff304b48ff,0x7b7dca341857abe4f02fea3bfb975a4eba326ce3e1027c9bf744af39cb79d823,mlb,Toronto Blue Jays vs. Seattle Mariners - Player Props,rest,Luke Raley: Home Runs O/U 0.5,Over|Under,Under,2026-07-05T21:00:00Z,2026-07-06T05:00:00Z,2026-07-05T23:36:29Z,0.00,2026-07-05T21:00:00Z,2026-07-05T23:36:10Z,history-5dffcc53-d864-52e1-a967-41ff304b48ff-compact.parquet
60a55c56-40d2-5352-a718-04168d8ca8fa,0x54fae1041ae0edf9aaaa1cc6f453c3941dcfc540138c54a58cec94a60e96535f,mlb,Toronto Blue Jays vs. Seattle Mariners - Player Props,rest,Yohendrick Piñango: Home Runs O/U 0.5,Over|Under,Under,2026-07-05T21:00:00Z,2026-07-06T05:00:00Z,2026-07-05T23:36:32Z,0.00,2026-07-05T21:00:00Z,2026-07-05T23:36:31Z,history-60a55c56-40d2-5352-a718-04168d8ca8fa-compact.parquet
69d1449e-3915-5c33-b200-4b7dab7a8a6a,0x280672c2e1c469cb0b02b838985976269d526096293d75723c9d07e3ffcb1fc3,mlb,Toronto Blue Jays vs. Seattle Mariners - Player Props,rest,Sean Keys: Home Runs O/U 0.5,Over|Under,Under,2026-07-05T21:00:00Z,2026-07-06T05:00:00Z,2026-07-05T23:36:30Z,0.00,2026-07-05T21:00:00Z,2026-07-05T23:36:22Z,history-69d1449e-3915-5c33-b200-4b7dab7a8a6a-compact.parquet
7412b5bb-acb1-5830-b52d-6bc0d6a6d874,0x4c1560fd284febc7bab7fb6418360165e4775042bb330744a7575cf7b94a06bb,mlb,Toronto Blue Jays vs. Seattle Mariners - Player Props,rest,Andrés Giménez: Home Runs O/U 1.5,Over|Under,Under,2026-07-05T21:00:00Z,2026-07-06T05:00:00Z,2026-07-05T23:37:10Z,5.01,2026-07-05T21:00:00Z,2026-07-05T23:36:47Z,history-7412b5bb-acb1-5830-b52d-6bc0d6a6d874-compact.parquet
742ea377-fac7-5ef0-b4bf-004bdb6e9444,0x3179e8ea49c4cfef7be8f3f3580cf55521c471e4c567fbe697a0d16a676beca7,mlb,Toronto Blue Jays vs. Seattle Mariners - Player Props,rest,Kazuma Okamoto: Home Runs O/U 0.5,Over|Under,Under,2026-07-05T21:00:00Z,2026-07-06T05:00:00Z,2026-07-05T23:36:28Z,0.00,2026-07-05T21:00:00Z,2026-07-05T23:35:57Z,history-742ea377-fac7-5ef0-b4bf-004bdb6e9444-compact.parquet
80b9a9ec-f05c-57f6-8ad8-480920e75921,0x036eeb623efd40002c6ab1541676e61deaa62e4fb5c7c6115ea8198e873c66fc,mlb,Toronto Blue Jays vs. Seattle Mariners - Player Props,rest,Ernie Clement: Home Runs O/U 0.5,Over|Under,Under,2026-07-05T21:00:00Z,2026-07-06T05:00:00Z,2026-07-05T23:36:35Z,0.00,2026-07-05T21:00:00Z,2026-07-05T23:36:18Z,history-80b9a9ec-f05c-57f6-8ad8-480920e75921-compact.parquet
86e281d0-9e90-559f-ace9-168e8a1ea905,0x9f4b3583a0336f562b7bb6a4f42df9939a6f6a4bcea5956ffb81d00ad9b20da5,mlb,Toronto Blue Jays vs. Seattle Mariners - First 5 Innings Winner,rest,Seattle Mariners winning after 5 innings?,Yes|No,Yes,2026-07-05T21:00:00Z,2026-07-06T05:00:00Z,2026-07-05T22:43:01Z,0.00,2026-07-05T21:00:00Z,2026-07-05T22:41:56Z,history-86e281d0-9e90-559f-ace9-168e8a1ea905-compact.parquet
910679c8-6b7f-57e8-b99e-c445f5ee48aa,0x34e1d9f15ec3d84fb8c6db829c154372559ec374e5577cee6b85a47abc6c4975,mlb,Toronto Blue Jays vs. Seattle Mariners,spread:f5,1st 5 Innings Spread: Seattle Mariners (-1.5),Seattle Mariners|Toronto Blue Jays,Seattle Mariners,2026-07-05T21:00:00Z,2026-07-06T05:00:00Z,2026-07-05T22:38:33Z,38.00,2026-07-05T21:00:00Z,2026-07-05T22:38:26Z,history-910679c8-6b7f-57e8-b99e-c445f5ee48aa-compact.parquet
957da3e1-a3c1-5f22-9af7-ca1e0166a85a,0x48d26985e34bad87adad1dde513c0f12c1cad09ab8320f8bb9004f2d259955f5,mlb,Toronto Blue Jays vs. Seattle Mariners - Player Props,rest,Daulton Varsho: Home Runs O/U 1.5,Over|Under,Under,2026-07-05T21:00:00Z,2026-07-06T05:00:00Z,2026-07-05T23:36:29Z,0.00,2026-07-05T21:00:00Z,2026-07-05T23:35:32Z,history-957da3e1-a3c1-5f22-9af7-ca1e0166a85a-compact.parquet
abf931d0-01c2-548a-ac43-ab7d164c04ec,0x853a5a10c765fa8e6c12df30ea3a741bcd95143bccf006a101672f97f2bdd940,mlb,Toronto Blue Jays vs. Seattle Mariners - Player Props,rest,Randy Arozarena: Home Runs O/U 0.5,Over|Under,Under,2026-07-05T21:00:00Z,2026-07-06T05:00:00Z,2026-07-05T23:37:09Z,0.00,2026-07-05T21:00:00Z,2026-07-05T23:36:31Z,history-abf931d0-01c2-548a-ac43-ab7d164c04ec-compact.parquet
ad1e3d61-1e56-5b72-98a0-e5e68113edda,0x812afb60f71acd7b0502a5e233b5da6021b6c4fb57d0baa3dddaf1ce60f77f6b,mlb,Toronto Blue Jays vs. Seattle Mariners,rest,Will there be a run scored in the first inning?: Toronto Blue Jays vs. Seattle Mariners,Yes|No,No,2026-07-05T21:00:00Z,2026-07-06T05:00:00Z,2026-07-05T21:36:53Z,36.81,2026-07-05T21:00:00Z,2026-07-05T21:35:37Z,history-ad1e3d61-1e56-5b72-98a0-e5e68113edda-compact.parquet
af62625f-43bd-5e1f-b8db-d2484af9dd72,0xc79b390ac0beb3c2136436745be3cde43e43bc7a05babfca2aa43c983b5adbf4,mlb,Toronto Blue Jays vs. Seattle Mariners - Player Props,rest,Nathan Lukes: Home Runs O/U 0.5,Over|Under,Under,2026-07-05T21:00:00Z,2026-07-06T05:00:00Z,2026-07-05T23:36:30Z,0.00,2026-07-05T21:00:00Z,2026-07-05T23:35:48Z,history-af62625f-43bd-5e1f-b8db-d2484af9dd72-compact.parquet
b125ab58-49f6-5c3c-ab09-eb455d91d1bb,0xce9b1179298c1a61d118274eaddfc7225a630736ad8df72484d4315d91a8e083,mlb,Toronto Blue Jays vs. Seattle Mariners - Player Props,rest,Cal Raleigh: Home Runs O/U 1.5,Over|Under,Under,2026-07-05T21:00:00Z,2026-07-06T05:00:00Z,2026-07-05T23:36:35Z,0.00,2026-07-05T21:00:00Z,2026-07-05T23:35:54Z,history-b125ab58-49f6-5c3c-ab09-eb455d91d1bb-compact.parquet
c29803f6-081f-5c34-b630-ea2986a157e7,0x50591085bb6a360a843832bdb2c67b6f7fe384abcfd929a367a0f2d095a4c491,mlb,Toronto Blue Jays vs. Seattle Mariners,rest,Will the game go to extra innings?: Toronto Blue Jays vs. Seattle Mariners,Yes|No,No,2026-07-05T21:00:00Z,2026-07-06T05:00:00Z,2026-07-05T23:36:35Z,0.00,2026-07-05T21:00:00Z,2026-07-05T23:36:32Z,history-c29803f6-081f-5c34-b630-ea2986a157e7-compact.parquet
c29b1bac-79af-5069-a877-2a0260646e31,0x2c862caaa8a4ee95e60bbc6570dc577ca1b02dc7cc0f5ff0918762f4b1a2086e,mlb,Toronto Blue Jays vs. Seattle Mariners,spread:f5,1st 5 Innings Spread: Toronto Blue Jays (-2.5),Toronto Blue Jays|Seattle Mariners,Seattle Mariners,2026-07-05T21:00:00Z,2026-07-06T05:00:00Z,2026-07-05T22:38:31Z,0.00,2026-07-05T21:00:00Z,2026-07-05T22:38:15Z,history-c29b1bac-79af-5069-a877-2a0260646e31-compact.parquet
c6fd8069-54bd-5e3f-a450-b404255afb51,0xb34c03febc47f3b940a2a0bea3ad06be0b37b28ca6de781c9e8e36ab53f87339,mlb,Toronto Blue Jays vs. Seattle Mariners - First 5 Innings Winner,rest,Toronto Blue Jays vs. Seattle Mariners: Tied after 5 innings?,Yes|No,No,2026-07-05T21:00:00Z,2026-07-06T05:00:00Z,2026-07-05T22:39:20Z,0.00,2026-07-05T21:00:00Z,2026-07-05T22:39:20Z,history-c6fd8069-54bd-5e3f-a450-b404255afb51-compact.parquet
c8e80ea1-27e6-5b83-baba-3d8e526d7144,0x4093011723777f68599f4bcb67b71b8fbe843018238739f61a595e9125603b69,mlb,Toronto Blue Jays vs. Seattle Mariners - Player Props,rest,Emerson Hancock: Strikeouts O/U 4.5,Over|Under,Over,2026-07-05T21:00:00Z,2026-07-06T05:00:00Z,2026-07-05T23:36:18Z,0.00,2026-07-05T21:00:00Z,2026-07-05T23:35:48Z,history-c8e80ea1-27e6-5b83-baba-3d8e526d7144-compact.parquet
d330aa30-1d8a-569b-8b02-dd49473d03c9,0x732bea87cf366b1b09b3881735aa9e42fab8e5539d30726d1208dd8e9a6200cc,mlb,Toronto Blue Jays vs. Seattle Mariners,moneyline,Toronto Blue Jays vs. Seattle Mariners,Toronto Blue Jays|Seattle Mariners,Seattle Mariners,2026-07-05T21:00:00Z,2026-07-06T05:00:00Z,2026-07-05T23:36:27Z,42912.83,2026-07-05T21:00:00Z,2026-07-05T23:35:22Z,history-d330aa30-1d8a-569b-8b02-dd49473d03c9-compact.parquet
d412af28-7d9c-5b88-bca5-d49b3a19656d,0xa326779d0e68023aa6e8b98ecf8a01fe271e157c9378d8d41a14fc3f56e9b96a,mlb,Toronto Blue Jays vs. Seattle Mariners,total:f5,Toronto Blue Jays vs. Seattle Mariners: 1st 5 Innings O/U 4.5,Over|Under,Under,2026-07-05T21:00:00Z,2026-07-06T05:00:00Z,2026-07-05T22:38:32Z,0.00,2026-07-05T21:00:00Z,2026-07-05T22:38:15Z,history-d412af28-7d9c-5b88-bca5-d49b3a19656d-compact.parquet
dc1e48ad-8232-5fcc-8cb0-67f3157c3439,0xfe946a9820f7edfc857aff2ca2acc4cd37ad0ceed48b3dc31afaa83fe5172b9a,mlb,Toronto Blue Jays vs. Seattle Mariners - Player Props,rest,Trey Yesavage: Strikeouts O/U 5.5,Over|Under,Over,2026-07-05T21:00:00Z,2026-07-06T05:00:00Z,2026-07-05T23:36:23Z,105.00,2026-07-05T21:00:00Z,2026-07-05T23:35:40Z,history-dc1e48ad-8232-5fcc-8cb0-67f3157c3439-compact.parquet
b50daad4-0083-5359-8449-fb8695d2b8a0,0x4b7bc5d89bba251c1927d6cc2d6911a5cc010c7378bbf4204474a3f13af9067a,mlb,San Diego Padres vs. Los Angeles Dodgers,rest,Will there be a run scored in the first inning?: San Diego Padres vs. Los Angeles Dodgers,Yes|No,No,2026-07-05T23:20:00Z,2026-07-06T07:20:00Z,2026-07-05T23:50:54Z,519.32,2026-07-05T23:20:00Z,2026-07-05T23:50:14Z,history-b50daad4-0083-5359-8449-fb8695d2b8a0-compact.parquet
