market_id,condition_id,series,event,subtype,question,outcomes,winning_outcome,open_time,close_time,resolved_at,volume_usd,data_start,data_end,file
00501c95-3df5-5bb9-8d0e-7964e181a91a,0x283168474892b015dad61b617b6da121f2238a9baa96ba1131adbbc900bdae1a,counter-strike,Counter-Strike: 1WIN vs Infinite (BO3) - Thunderpick World Championship Closed Qualifier Group D,spread,Map Handicap: 1WIN (-1.5) vs Infinite (+1.5),1WIN|Infinite,Infinite,2026-09-09T17:00:00Z,2026-09-10T01:00:00Z,2026-09-10T01:13:53Z,8160.66,2026-09-09T17:00:00Z,2026-09-09T20:49:11Z,history-00501c95-3df5-5bb9-8d0e-7964e181a91a-compact.parquet
194bc2fb-96a3-5cf1-b236-79a8c90d981c,0xb11e9475536486eea870c8775a3d82ab51b084a25e2bfaa08817fe71d8fc5523,counter-strike,Counter-Strike: Turma do Pagode vs DENDELE CS (BO3) - PGL Masters Bucharest: South American Closed Qualifier Playoffs,segment_winner:map1,Counter-Strike: Turma do Pagode vs DENDELE CS - Map 1 Winner,Turma do Pagode|DENDELE CS,DENDELE CS,2026-09-09T17:00:00Z,2026-09-10T01:00:00Z,2026-09-10T01:13:59Z,15.00,2026-09-09T17:00:00Z,2026-09-09T19:36:03Z,history-194bc2fb-96a3-5cf1-b236-79a8c90d981c-compact.parquet
b7c483a6-4afb-5568-b286-21ffa20eeba2,0xe45731a441284ea0aab82381ee1af2ebea0fb6994389c00a1c01fc2eb23394e1,counter-strike,Counter-Strike: 1WIN vs Infinite (BO3) - Thunderpick World Championship Closed Qualifier Group D,rest,Counter-Strike: 1WIN vs Infinite (BO3) - Thunderpick World Championship Closed Qualifier Group D,1WIN|Infinite,1WIN,2026-09-09T17:00:00Z,2026-09-10T01:00:00Z,2026-09-10T01:13:54Z,71165.14,2026-09-09T17:00:00Z,2026-09-10T01:13:54Z,history-b7c483a6-4afb-5568-b286-21ffa20eeba2-compact.parquet
92a56e72-dc54-5dc7-a2c5-19126492fd3b,0xc9ff9cbdb12a939503d3d736193735b0192a49f8f2dd774fb3830e17ef5a4765,counter-strike,Counter-Strike: RoundsGG vs NEXORA (BO3) - ESEA Advanced Europe Playoffs,moneyline,Counter-Strike: RoundsGG vs NEXORA (BO3) - ESEA Advanced Europe Playoffs,RoundsGG|NEXORA,NEXORA,2026-09-09T17:30:00Z,2026-09-10T01:30:00Z,2026-09-10T01:47:15Z,0.00,2026-09-09T17:30:29Z,2026-09-10T01:47:15Z,history-92a56e72-dc54-5dc7-a2c5-19126492fd3b-compact.parquet
19e2ce14-6da7-51eb-9810-c31a553c00ec,0x77cc63cb82c2ef67efdc7b11dbafd9aa5cf5e067271f7baeb2cb77389145d34b,counter-strike,Counter-Strike: Regnum4Games vs Huskies eSport (BO3) - DACH CS Masters Regular Season,rest,Games Total: O/U 2.5,Over|Under,Under,2026-09-09T18:00:00Z,2026-09-10T02:00:00Z,2026-09-10T00:21:26Z,0.00,2026-09-09T19:34:33Z,2026-09-10T00:20:37Z,history-19e2ce14-6da7-51eb-9810-c31a553c00ec-compact.parquet
29f54f35-ff77-5a42-8332-6dd2db6c2603,0x0b084378728cdeca5cec9e4c406dd8dc69bcdd187b0d58ecfee3695e821ece08,counter-strike,Counter-Strike: Regnum4Games vs Huskies eSport (BO3) - DACH CS Masters Regular Season,moneyline,Counter-Strike: Regnum4Games vs Huskies eSport (BO3) - DACH CS Masters Regular Season,Regnum4Games|Huskies eSport,Regnum4Games,2026-09-09T18:00:00Z,2026-09-10T02:00:00Z,2026-09-10T00:21:26Z,1977.68,2026-09-09T18:00:00Z,2026-09-10T00:21:15Z,history-29f54f35-ff77-5a42-8332-6dd2db6c2603-compact.parquet
61c67389-9203-544b-8290-f943778f7bf2,0xca0062d2839af44e028f532b302e9cd867832acb09c263a120394b8c6d3cf760,counter-strike,Counter-Strike: Regnum4Games vs Huskies eSport (BO3) - DACH CS Masters Regular Season,segment_winner:map2,Counter-Strike: Regnum4Games vs Huskies eSport - Map 2 Winner,Regnum4Games|Huskies eSport,Regnum4Games,2026-09-09T18:00:00Z,2026-09-10T02:00:00Z,2026-09-10T00:20:11Z,3.00,2026-09-09T19:34:33Z,2026-09-10T00:19:50Z,history-61c67389-9203-544b-8290-f943778f7bf2-compact.parquet
80460b40-052c-58c4-abd6-75a63075fe7b,0x14b4171f77847c964c91af9c0a96bc95fd0ec8b22f8e69241b8c0e60bf50c652,counter-strike,Counter-Strike: MADMAN vs MASQ (BO3) - CCT Europe Contenders #9 Playoffs,moneyline,Counter-Strike: MADMAN vs MASQ (BO3) - CCT Europe Contenders #9 Playoffs,MADMAN|MASQ,MADMAN,2026-09-09T18:00:00Z,2026-09-10T02:00:00Z,2026-09-10T02:09:07Z,2043.64,2026-09-09T18:00:00Z,2026-09-10T02:09:07Z,history-80460b40-052c-58c4-abd6-75a63075fe7b-compact.parquet
94c5bc37-1416-592f-b983-0a5b5b1597e6,0x0db8ceda0c1dc5197d97b227e2ad99752c277295fa9e6598b60dabe478dc6d12,counter-strike,Counter-Strike: Regnum4Games vs Huskies eSport (BO3) - DACH CS Masters Regular Season,segment_winner:map1,Counter-Strike: Regnum4Games vs Huskies eSport - Map 1 Winner,Regnum4Games|Huskies eSport,Regnum4Games,2026-09-09T18:00:00Z,2026-09-10T02:00:00Z,2026-09-10T00:20:11Z,0.00,2026-09-09T18:40:20Z,2026-09-10T00:19:49Z,history-94c5bc37-1416-592f-b983-0a5b5b1597e6-compact.parquet
e6e8f0ed-fa98-5037-a8b7-6f721008a2c8,0xe89ce7c11a66a0135df2fb3fd1c7bfeab813ed7b5dbc8a98365a8b92ca64521f,counter-strike,Counter-Strike: Regnum4Games vs Huskies eSport (BO3) - DACH CS Masters Regular Season,spread,Map Handicap: R4G (-1.5) vs Huskies eSport (+1.5),Regnum4Games|Huskies eSport,Regnum4Games,2026-09-09T18:00:00Z,2026-09-10T02:00:00Z,2026-09-10T00:21:26Z,0.00,2026-09-09T22:35:38Z,2026-09-10T00:21:19Z,history-e6e8f0ed-fa98-5037-a8b7-6f721008a2c8-compact.parquet
18135e6c-af23-523a-a647-2020b44dcf59,0x01293148b4b87ef99273b514e73e4686b2f9723be81677ce9018299406540939,counter-strike,Counter-Strike: MADMAN vs MASQ (BO3) - CCT Europe Contenders #9 Playoffs,segment_winner:map1,Counter-Strike: MADMAN vs MASQ - Map 1 Winner,MADMAN|MASQ,MASQ,2026-09-09T18:30:00Z,2026-09-10T02:30:00Z,2026-09-10T00:22:11Z,174.49,2026-09-09T19:23:09Z,2026-09-10T00:21:15Z,history-18135e6c-af23-523a-a647-2020b44dcf59-compact.parquet
33b1599c-c317-54bf-bdf7-1adaa11912ff,0x3f6aa60688f866a59168b708f8c83b4dc96ff3c5b6b8a7b681532c42db253dcf,counter-strike,Counter-Strike: MADMAN vs MASQ (BO3) - CCT Europe Contenders #9 Playoffs,rest,Games Total: O/U 2.5,Over|Under,Over,2026-09-09T18:30:00Z,2026-09-10T02:30:00Z,2026-09-10T02:41:05Z,50.99,2026-09-09T21:09:53Z,2026-09-10T02:41:05Z,history-33b1599c-c317-54bf-bdf7-1adaa11912ff-compact.parquet
faaaef62-03c1-5418-b5e0-247d8ce6ed29,0x4b18c28536b293c607687dbd9e7180199a262b52929b59356b8bfc4100f23355,counter-strike,Counter-Strike: MADMAN vs MASQ (BO3) - CCT Europe Contenders #9 Playoffs,segment_winner:map2,Counter-Strike: MADMAN vs MASQ - Map 2 Winner,MADMAN|MASQ,MADMAN,2026-09-09T18:30:00Z,2026-09-10T02:30:00Z,2026-09-10T00:22:11Z,0.00,2026-09-09T18:53:28Z,2026-09-10T00:21:34Z,history-faaaef62-03c1-5418-b5e0-247d8ce6ed29-compact.parquet
028ac4b6-f13a-58fa-95fc-abe0d06bcb47,0xb7abfe0afc8a4bbaa76e6fd4fcecf38a8e69ea76bbf6a501d9bb5213fb66e206,counter-strike,Counter-Strike: DINERO vs pivstar (BO3) - CCT Europe Contenders #9 Playoffs,segment_winner:map2,Counter-Strike: DINERO vs pivstar - Map 2 Winner,DINERO|pivstar,pivstar,2026-09-09T19:30:00Z,2026-09-10T03:30:00Z,2026-09-10T02:57:59Z,4049.86,2026-09-09T21:50:23Z,2026-09-10T02:57:01Z,history-028ac4b6-f13a-58fa-95fc-abe0d06bcb47-compact.parquet
5f900533-453b-5844-9345-f56f6cf75fa9,0xc5f0ea8f078c008ea2009504dc7aa8cf2f60c72337fcea2bfb3e9376cfaf7398,counter-strike,Counter-Strike: DINERO vs pivstar (BO3) - CCT Europe Contenders #9 Playoffs,rest,Games Total: O/U 2.5,Over|Under,Under,2026-09-09T19:30:00Z,2026-09-10T03:30:00Z,2026-09-10T02:58:00Z,0.00,2026-09-09T21:50:23Z,2026-09-10T02:57:03Z,history-5f900533-453b-5844-9345-f56f6cf75fa9-compact.parquet
c8165118-5201-5b61-8e40-84ecdefb2f11,0x3dd745a9b0d74a645412caeab5e136e3e8824d5f199d7fa1082b20d9dc59df40,counter-strike,Counter-Strike: DINERO vs pivstar (BO3) - CCT Europe Contenders #9 Playoffs,segment_winner:map1,Counter-Strike: DINERO vs pivstar - Map 1 Winner,DINERO|pivstar,pivstar,2026-09-09T19:30:00Z,2026-09-10T03:30:00Z,2026-09-10T00:22:11Z,203.00,2026-09-09T20:15:49Z,2026-09-10T00:20:54Z,history-c8165118-5201-5b61-8e40-84ecdefb2f11-compact.parquet
0b575376-def5-5e49-99ed-a9a59bddc683,0x60555cfbea595998ea50664ddb000dca9cc2521eb549145342d7783a6a848200,counter-strike,Counter-Strike: paiN vs Back to Back  (BO3) - PGL Masters Bucharest: South American Closed Qualifier Playoffs,spread,Map Handicap: paiN (-1.5) vs Back to Back  (+1.5),paiN|Back to Back ,Back to Back ,2026-09-09T23:00:00Z,2026-09-10T07:00:00Z,2026-09-10T03:37:10Z,12545.71,2026-09-09T23:00:00Z,2026-09-10T03:36:21Z,history-0b575376-def5-5e49-99ed-a9a59bddc683-compact.parquet
157d6f70-913a-5e6c-8d81-cc4a1306d9c1,0xdff06afaca2f8406dcf0e60155dba704653d2596e984ce140a491958450681ce,counter-strike,Counter-Strike: paiN vs Back to Back  (BO3) - PGL Masters Bucharest: South American Closed Qualifier Playoffs,segment_winner:map2,Counter-Strike: paiN vs Back to Back  - Map 2 Winner,paiN|Back to Back ,Back to Back ,2026-09-09T23:00:00Z,2026-09-10T07:00:00Z,2026-09-10T02:39:25Z,21.11,2026-09-09T23:00:00Z,2026-09-10T02:39:04Z,history-157d6f70-913a-5e6c-8d81-cc4a1306d9c1-compact.parquet
2a05c525-19d8-5a54-8bfb-f0aacf1151ff,0x0c29a5137004e1af19a2979c0f0c790ed08e0d00f88226e09165a306fc3275e5,counter-strike,Counter-Strike: NRG vs Without a Roof (BO3) - PGL Masters Bucharest: North American Qualifier Playoffs,spread,Map Handicap: NRG (-1.5) vs Without a Roof (+1.5),NRG|Without a Roof,NRG,2026-09-09T23:00:00Z,2026-09-10T07:00:00Z,2026-09-10T02:19:30Z,1229.96,2026-09-09T23:00:00Z,2026-09-10T02:18:57Z,history-2a05c525-19d8-5a54-8bfb-f0aacf1151ff-compact.parquet
3ec0ea7a-ef42-5c51-ac38-52a12dc17bf7,0x826868e2021ce4d06dc22014968935e5acf277055eaefcda5c75a5fd2a87aaaf,counter-strike,Counter-Strike: paiN vs Back to Back  (BO3) - PGL Masters Bucharest: South American Closed Qualifier Playoffs,segment_winner:map1,Counter-Strike: paiN vs Back to Back  - Map 1 Winner,paiN|Back to Back ,paiN,2026-09-09T23:00:00Z,2026-09-10T07:00:00Z,2026-09-10T01:19:11Z,151.53,2026-09-09T23:00:00Z,2026-09-10T01:18:32Z,history-3ec0ea7a-ef42-5c51-ac38-52a12dc17bf7-compact.parquet
40c58cf2-7357-5250-b250-33ae20c54b53,0xc97633699c9d3ab459f504405dea3909bce67aa4c9f610c3c886dae9667a3255,counter-strike,Counter-Strike: NRG vs Without a Roof (BO3) - PGL Masters Bucharest: North American Qualifier Playoffs,segment_winner:map1,Counter-Strike: NRG vs Without a Roof - Map 1 Winner,NRG|Without a Roof,NRG,2026-09-09T23:00:00Z,2026-09-10T07:00:00Z,2026-09-10T02:07:44Z,89.38,2026-09-09T23:00:00Z,2026-09-10T02:06:57Z,history-40c58cf2-7357-5250-b250-33ae20c54b53-compact.parquet
49bde6e5-bdad-535e-b02d-743b56836e03,0x2eb345112cc306b305d9ecdcfded92bc491f401fcb3e15acfd5bb55961538eb0,counter-strike,Counter-Strike: Voca vs Villainous (BO3) - PGL Masters Bucharest: North American Qualifier Playoffs,spread,Map Handicap: VOCA (-1.5) vs Villainous (+1.5),Voca|Villainous,Voca,2026-09-09T23:00:00Z,2026-09-10T07:00:00Z,2026-09-10T01:45:56Z,1603.92,2026-09-09T23:00:00Z,2026-09-10T01:44:53Z,history-49bde6e5-bdad-535e-b02d-743b56836e03-compact.parquet
4f0e2119-e5da-548e-ae3f-1b1288b0d78e,0xd35f60d5091f8c6bbb9fda510155bf1013053b0d70a59dedb5f6b37f7b4e909c,counter-strike,Counter-Strike: paiN vs Back to Back  (BO3) - PGL Masters Bucharest: South American Closed Qualifier Playoffs,moneyline,Counter-Strike: paiN vs Back to Back  (BO3) - PGL Masters Bucharest: South American Closed Qualifier Playoffs,paiN|Back to Back ,paiN,2026-09-09T23:00:00Z,2026-09-10T07:00:00Z,2026-09-10T03:37:10Z,8310.88,2026-09-09T23:00:00Z,2026-09-10T03:37:10Z,history-4f0e2119-e5da-548e-ae3f-1b1288b0d78e-compact.parquet
556d5a7b-a922-5c80-a3e6-1ff7ac522682,0xf16dc31aa10cc044e129828a3df8783503f930d6ef292cecbc4f08f852761214,counter-strike,Counter-Strike: paiN vs Back to Back  (BO3) - PGL Masters Bucharest: South American Closed Qualifier Playoffs,spread,Map Handicap: Back to Back  (-1.5) vs paiN (+1.5),Back to Back |paiN,paiN,2026-09-09T23:00:00Z,2026-09-10T07:00:00Z,2026-09-10T03:37:10Z,0.00,2026-09-10T02:41:00Z,2026-09-10T03:36:41Z,history-556d5a7b-a922-5c80-a3e6-1ff7ac522682-compact.parquet
55d67ef7-e064-5316-b87b-aed8c9c5678a,0xfd2759c5bf100efd88af7b1b3b1d8f8182151d691fbbaa67d62ed470eed2b138,counter-strike,Counter-Strike: NRG vs Without a Roof (BO3) - PGL Masters Bucharest: North American Qualifier Playoffs,rest,Games Total: O/U 2.5,Over|Under,Under,2026-09-09T23:00:00Z,2026-09-10T07:00:00Z,2026-09-10T02:19:29Z,287.20,2026-09-09T23:00:00Z,2026-09-10T02:19:15Z,history-55d67ef7-e064-5316-b87b-aed8c9c5678a-compact.parquet
86bd0f8a-8fb3-576e-885b-8cec2183f69a,0x4edd4af517180832debd6935032261c0a2bca26b334819e7b85ba3a4ce2ca62c,counter-strike,Counter-Strike: Voca vs Villainous (BO3) - PGL Masters Bucharest: North American Qualifier Playoffs,rest,Games Total: O/U 2.5,Over|Under,Under,2026-09-09T23:00:00Z,2026-09-10T07:00:00Z,2026-09-10T01:45:58Z,2818.24,2026-09-09T23:00:00Z,2026-09-10T01:45:53Z,history-86bd0f8a-8fb3-576e-885b-8cec2183f69a-compact.parquet
9aaeed1e-3fa8-5b68-a19b-c7dc2e9bb2c7,0xb5c5a758a82c7a68dbe1891f6e4bc875f714139b553f6e3568b98b317661d518,counter-strike,Counter-Strike: Voca vs Villainous (BO3) - PGL Masters Bucharest: North American Qualifier Playoffs,segment_winner:map1,Counter-Strike: Voca vs Villainous - Map 1 Winner,Voca|Villainous,Voca,2026-09-09T23:00:00Z,2026-09-10T07:00:00Z,2026-09-10T00:59:26Z,1025.93,2026-09-09T23:00:00Z,2026-09-10T00:58:52Z,history-9aaeed1e-3fa8-5b68-a19b-c7dc2e9bb2c7-compact.parquet
de99a5c9-fdbe-5d80-802e-645d4ce9d888,0xc15a06a52b41dacc0627610c82451d1bf5690ac23d821f696ab367e650510611,counter-strike,Counter-Strike: Voca vs Villainous (BO3) - PGL Masters Bucharest: North American Qualifier Playoffs,segment_winner:map2,Counter-Strike: Voca vs Villainous - Map 2 Winner,Voca|Villainous,Voca,2026-09-09T23:00:00Z,2026-09-10T07:00:00Z,2026-09-10T01:45:56Z,1380.94,2026-09-09T23:00:00Z,2026-09-10T01:45:56Z,history-de99a5c9-fdbe-5d80-802e-645d4ce9d888-compact.parquet
13d7cbe2-a03b-565b-a610-be0cd135f470,0x426cb5cd68e707e30342f76d3b0f1a2ccd2290776ec96516094fbec3818b4ced,counter-strike,Counter-Strike: Iowa Stormboar vs Overtake (BO3) - NSTLGA League Playoffs,segment_winner:map2,Counter-Strike: Iowa Stormboar vs Overtake - Map 2 Winner,Iowa Stormboar|Overtake,Overtake,2026-09-10T01:15:00Z,2026-09-10T09:15:00Z,2026-09-10T04:36:53Z,6.54,2026-09-10T03:02:09Z,2026-09-10T04:36:48Z,history-13d7cbe2-a03b-565b-a610-be0cd135f470-compact.parquet
226dcf2f-3287-50e9-86c1-3a8bcde37c83,0x7c59caf304917d7e90077663a2c7c701691fa861d8faf368f41655009bec07f6,counter-strike,Counter-Strike: Iowa Stormboar vs Overtake (BO3) - NSTLGA League Playoffs,segment_winner:map1,Counter-Strike: Iowa Stormboar vs Overtake - Map 1 Winner,Iowa Stormboar|Overtake,Iowa Stormboar,2026-09-10T01:15:00Z,2026-09-10T09:15:00Z,2026-09-10T04:05:55Z,15.00,2026-09-10T02:19:51Z,2026-09-10T04:05:32Z,history-226dcf2f-3287-50e9-86c1-3a8bcde37c83-compact.parquet
061af496-5a8c-51ee-a67a-7a246eac767f,0x7116d05bd58dfd76a0c61704ad30ec269427b35a5eb4799e86230d0a5d2af81d,counter-strike,Counter-Strike: Liquid vs antivalue (BO3) - PGL Masters Bucharest: North American Qualifier Playoffs,moneyline,Counter-Strike: Liquid vs antivalue (BO3) - PGL Masters Bucharest: North American Qualifier Playoffs,Liquid|antivalue,Liquid,2026-09-10T02:00:00Z,2026-09-10T10:00:00Z,2026-09-10T04:33:57Z,4153.86,2026-09-10T02:00:00Z,2026-09-10T04:33:57Z,history-061af496-5a8c-51ee-a67a-7a246eac767f-compact.parquet
0e3307d5-e391-5ea5-9d17-0f7e5040f6f2,0xdc2df2549eafd5b2d9c5d8270fa5fcbb19fd5214f1c3a2cdcb1ba4282836c050,counter-strike,Counter-Strike: Liquid vs antivalue (BO3) - PGL Masters Bucharest: North American Qualifier Playoffs,segment_winner:map1,Counter-Strike: Liquid vs antivalue - Map 1 Winner,Liquid|antivalue,Liquid,2026-09-10T02:00:00Z,2026-09-10T10:00:00Z,2026-09-10T03:53:26Z,0.00,2026-09-10T02:00:00Z,2026-09-10T03:52:57Z,history-0e3307d5-e391-5ea5-9d17-0f7e5040f6f2-compact.parquet
426477df-efbe-5e5d-a707-f0ed311ec4a8,0x3466738b1f9d938dcbc10722cbd627bab6ee416e5b2eb866131c10d058af1b94,counter-strike,Counter-Strike: Liquid vs antivalue (BO3) - PGL Masters Bucharest: North American Qualifier Playoffs,rest,Games Total: O/U 2.5,Over|Under,Under,2026-09-10T02:00:00Z,2026-09-10T10:00:00Z,2026-09-10T04:32:55Z,0.00,2026-09-10T02:00:00Z,2026-09-10T04:32:01Z,history-426477df-efbe-5e5d-a707-f0ed311ec4a8-compact.parquet
72fffd83-9942-5593-aa23-46e7f2a902ae,0x396f4658e68d840fc74c8bb2961427cdd3db71068ff399d52354913054425933,counter-strike,Counter-Strike: Liquid vs antivalue (BO3) - PGL Masters Bucharest: North American Qualifier Playoffs,segment_winner:map2,Counter-Strike: Liquid vs antivalue - Map 2 Winner,Liquid|antivalue,Liquid,2026-09-10T02:00:00Z,2026-09-10T10:00:00Z,2026-09-10T04:33:58Z,176.00,2026-09-10T02:00:00Z,2026-09-10T04:33:10Z,history-72fffd83-9942-5593-aa23-46e7f2a902ae-compact.parquet
b2b42209-36ad-5afb-b1ca-45aea75d3e71,0xc9c495216452a484609a02c2206a170c6fe9357177cb7148148e977f3b69bd2d,counter-strike,Counter-Strike: Liquid vs antivalue (BO3) - PGL Masters Bucharest: North American Qualifier Playoffs,rest,Map 1 Total Rounds: Over/Under 18.5,Over|Under,Under,2026-09-10T02:00:00Z,2026-09-10T10:00:00Z,2026-09-10T03:53:26Z,0.00,2026-09-10T02:00:00Z,2026-09-10T03:53:08Z,history-b2b42209-36ad-5afb-b1ca-45aea75d3e71-compact.parquet
06e128cc-5ce7-53bb-bc27-a9b87ce05238,0xd69726b6b3e2eefde0b92e1c278dce5c405e31504d2ac0f5fa0699f90b37636e,counter-strike,Counter-Strike: 9z vs G2 (BO3) - FISSURE PLAYGROUND Group A,moneyline,Counter-Strike: 9z vs G2 (BO3) - FISSURE PLAYGROUND Group A,9z|G2,G2,2026-09-10T03:00:00Z,2026-09-10T11:00:00Z,2026-09-10T07:29:00Z,148643.96,2026-09-10T03:00:00Z,2026-09-10T07:28:56Z,history-06e128cc-5ce7-53bb-bc27-a9b87ce05238-compact.parquet
10a12c83-fc21-5279-aeba-3fc1f70b7fea,0x38d6f16b854b6f53901dffc788f3065df3ece982570da85a57356a8924eea002,counter-strike,Counter-Strike: Alliance vs TYLOO (BO3) - FISSURE PLAYGROUND Group B,rest,Map 1 Total Rounds: Over/Under 21.5,Over|Under,Over,2026-09-10T03:00:00Z,2026-09-10T11:00:00Z,2026-09-10T04:46:11Z,0.00,2026-09-10T03:00:00Z,2026-09-10T04:45:06Z,history-10a12c83-fc21-5279-aeba-3fc1f70b7fea-compact.parquet
1a77961f-bc3c-57ea-90d1-76a0c4f30b89,0x56aa16a838247d7e3e897c3d4eca35d51d339659ad1d09bfcb08831d2a49a531,counter-strike,Counter-Strike: Alliance vs TYLOO (BO3) - FISSURE PLAYGROUND Group B,rest,Games Total: O/U 2.5,Over|Under,Under,2026-09-10T03:00:00Z,2026-09-10T11:00:00Z,2026-09-10T05:56:26Z,2128.99,2026-09-10T03:00:00Z,2026-09-10T05:56:19Z,history-1a77961f-bc3c-57ea-90d1-76a0c4f30b89-compact.parquet
4574ae28-7c59-5e84-a8bb-3020382a4406,0xbce3bdf271b27217dcc0b8d6c043b097d37aa87f67a126367808855d5255d74b,counter-strike,Counter-Strike: 9z vs G2 (BO3) - FISSURE PLAYGROUND Group A,rest,Games Total: O/U 2.5,Over|Under,Over,2026-09-10T03:00:00Z,2026-09-10T11:00:00Z,2026-09-10T07:29:00Z,3195.71,2026-09-10T03:00:00Z,2026-09-10T07:28:56Z,history-4574ae28-7c59-5e84-a8bb-3020382a4406-compact.parquet
4e336404-0ea3-59a2-b810-ce42f9d6ce65,0x94408a911517c76de26dfccc0b9e6680ef0aa73df04fe3f30308e9845065aef0,counter-strike,Counter-Strike: 9z vs G2 (BO3) - FISSURE PLAYGROUND Group A,spread,Map Handicap: G2 (-1.5) vs 9z (+1.5),G2|9z,9z,2026-09-10T03:00:00Z,2026-09-10T11:00:00Z,2026-09-10T07:29:00Z,96739.58,2026-09-10T03:00:00Z,2026-09-10T07:28:48Z,history-4e336404-0ea3-59a2-b810-ce42f9d6ce65-compact.parquet
58cd7b86-6c00-5399-a1fe-ef959210fa6e,0x1354248ae974ae2a0f4dd4f56e359380d6626c3f23d60988917c40c1a9941292,counter-strike,Counter-Strike: Alliance vs TYLOO (BO3) - FISSURE PLAYGROUND Group B,spread,Map Handicap: TYLOO (-1.5) vs Alliance (+1.5),TYLOO|Alliance,Alliance,2026-09-10T03:00:00Z,2026-09-10T11:00:00Z,2026-09-10T05:56:26Z,78494.50,2026-09-10T03:00:00Z,2026-09-10T05:56:09Z,history-58cd7b86-6c00-5399-a1fe-ef959210fa6e-compact.parquet
6167c521-d1f1-5ff3-8cec-3d6dc06551ac,0xe4a87e84252154fa7d6ad7cae61fb105aa9a5f556ff491afa9dbf1d6d94d6996,counter-strike,Counter-Strike: 9z vs G2 (BO3) - FISSURE PLAYGROUND Group A,segment_winner:map1,Counter-Strike: 9z vs G2 - Map 1 Winner,9z|G2,9z,2026-09-10T03:00:00Z,2026-09-10T11:00:00Z,2026-09-10T05:11:17Z,22372.48,2026-09-10T03:00:00Z,2026-09-10T05:11:17Z,history-6167c521-d1f1-5ff3-8cec-3d6dc06551ac-compact.parquet
643b8d02-86a9-5b27-b342-d049156e9749,0x3ca37e7f45a4cde6628a62bcf7e1e627cfbd6066d0cf4586f72acc99c1b647fc,counter-strike,Counter-Strike: Alliance vs TYLOO (BO3) - FISSURE PLAYGROUND Group B,moneyline,Counter-Strike: Alliance vs TYLOO (BO3) - FISSURE PLAYGROUND Group B,Alliance|TYLOO,Alliance,2026-09-10T03:00:00Z,2026-09-10T11:00:00Z,2026-09-10T05:56:26Z,455443.35,2026-09-10T03:00:00Z,2026-09-10T05:56:26Z,history-643b8d02-86a9-5b27-b342-d049156e9749-compact.parquet
71e63379-0938-5923-9ebf-f57dc6eb5f6e,0x1b312e4b5b8df544d9d842f7bb93dde0b007f7811436a1b5ec2d0783ee04f30c,counter-strike,Counter-Strike: Alliance vs TYLOO (BO3) - FISSURE PLAYGROUND Group B,segment_winner:map2,Counter-Strike: Alliance vs TYLOO - Map 2 Winner,Alliance|TYLOO,Alliance,2026-09-10T03:00:00Z,2026-09-10T11:00:00Z,2026-09-10T05:57:41Z,38.83,2026-09-10T03:00:00Z,2026-09-10T05:57:41Z,history-71e63379-0938-5923-9ebf-f57dc6eb5f6e-compact.parquet
82707bde-78d0-5f14-ab4f-4a28859d0ae6,0x96f9924007103281328283dcaea03b6b3f36ef8a6a2c6a6bb65281ac24d0f474,counter-strike,Counter-Strike: 9z vs G2 (BO3) - FISSURE PLAYGROUND Group A,segment_winner:map2,Counter-Strike: 9z vs G2 - Map 2 Winner,9z|G2,G2,2026-09-10T03:00:00Z,2026-09-10T11:00:00Z,2026-09-10T06:39:09Z,94.85,2026-09-10T03:00:00Z,2026-09-10T06:38:18Z,history-82707bde-78d0-5f14-ab4f-4a28859d0ae6-compact.parquet
9841d4dc-0857-5f99-9673-2d4a281f2eb0,0x71d256cf5661e974aa999c2b66bc15a43a0ba068181aedb77a6ebd49a4a70321,counter-strike,Counter-Strike: Alliance vs TYLOO (BO3) - FISSURE PLAYGROUND Group B,segment_winner:map1,Counter-Strike: Alliance vs TYLOO - Map 1 Winner,Alliance|TYLOO,Alliance,2026-09-10T03:00:00Z,2026-09-10T11:00:00Z,2026-09-10T04:41:43Z,16662.25,2026-09-10T03:00:00Z,2026-09-10T04:41:43Z,history-9841d4dc-0857-5f99-9673-2d4a281f2eb0-compact.parquet
b1df6c70-e5eb-5842-b73e-3c54bf94f947,0xed2db24565df18c0ffdd2d03c95118ef242885a59ef7e5715044e41ef4fced3e,counter-strike,Counter-Strike: 9z vs G2 (BO3) - FISSURE PLAYGROUND Group A,rest,Map 1 Total Rounds: Over/Under 21.5,Over|Under,Over,2026-09-10T03:00:00Z,2026-09-10T11:00:00Z,2026-09-10T05:11:14Z,0.00,2026-09-10T03:00:00Z,2026-09-10T05:10:28Z,history-b1df6c70-e5eb-5842-b73e-3c54bf94f947-compact.parquet
dcd89fa9-16a1-546f-a515-817b453b899d,0x19588069ef40a7246f2985a31aad44357804b016020e9ee0faa5b2ccb379590a,counter-strike,Counter-Strike: 9z vs G2 (BO3) - FISSURE PLAYGROUND Group A,rest,Map 2 Total Rounds: Over/Under 21.5,Over|Under,Under,2026-09-10T03:00:00Z,2026-09-10T11:00:00Z,2026-09-10T06:14:11Z,0.00,2026-09-10T03:00:00Z,2026-09-10T06:13:42Z,history-dcd89fa9-16a1-546f-a515-817b453b899d-compact.parquet
e390206b-0c01-5adc-966d-7719898ba70d,0xb688af3c9d75dd2aa184847fdf4f480b55f13c239caa99b29b00043d79404ecd,counter-strike,Counter-Strike: 9z vs G2 (BO3) - FISSURE PLAYGROUND Group A,spread:map3,Map 3 Rounds Handicap: G2 (-3.5) vs 9z (+3.5),G2|9z,9z,2026-09-10T03:00:00Z,2026-09-10T11:00:00Z,2026-09-10T07:29:00Z,0.00,2026-09-10T03:01:20Z,2026-09-10T07:28:56Z,history-e390206b-0c01-5adc-966d-7719898ba70d-compact.parquet
f4a75c07-ca2a-599a-858f-eaa92d059368,0x579572b4ca51613212dccfe0a2c7a67058ca47f49ead3f7e2529b9af3b6177a4,counter-strike,Counter-Strike: Alliance vs TYLOO (BO3) - FISSURE PLAYGROUND Group B,rest,Map 2 Total Rounds: Over/Under 21.5,Over|Under,Over,2026-09-10T03:00:00Z,2026-09-10T11:00:00Z,2026-09-10T05:57:41Z,0.00,2026-09-10T03:00:00Z,2026-09-10T05:56:45Z,history-f4a75c07-ca2a-599a-858f-eaa92d059368-compact.parquet
f565f400-f847-5b65-9c0a-de05ccf77169,0xd27a2f7f23faee84ecbb0873c62995de833bd28bf53235cab20d1fd915d49977,counter-strike,Counter-Strike: 9z vs G2 (BO3) - FISSURE PLAYGROUND Group A,spread:map2,Map 2 Rounds Handicap: G2 (-3.5) vs 9z (+3.5),G2|9z,G2,2026-09-10T03:00:00Z,2026-09-10T11:00:00Z,2026-09-10T06:23:10Z,0.00,2026-09-10T03:00:00Z,2026-09-10T06:22:13Z,history-f565f400-f847-5b65-9c0a-de05ccf77169-compact.parquet
36ae4dc5-859d-52b2-8b8e-9b84030d26dc,0x765fe4c15bef506b15ca28f840d8c01f05b0313c754438056466ef8557806a05,counter-strike,Counter-Strike: Alliance vs TYLOO (BO3) - FISSURE PLAYGROUND Group B,spread,Map Handicap: ALL (-1.5) vs TYLOO (+1.5),Alliance|TYLOO,Alliance,2026-09-10T03:10:00Z,2026-09-10T11:10:00Z,2026-09-10T05:56:26Z,316.66,2026-09-10T05:35:41Z,2026-09-10T05:56:17Z,history-36ae4dc5-859d-52b2-8b8e-9b84030d26dc-compact.parquet
03c30185-2250-53fa-9f96-1be10e1f78e2,0xbdac080e39491170d8b2ea153d27f15aa8f87f0bb6acba328afb7a31cbe924c5,counter-strike,Counter-Strike: 9z vs G2 (BO3) - FISSURE PLAYGROUND Group A,spread:map1,Map 1 Rounds Handicap: 9z (-6.5) vs G2 (+6.5),9z|G2,G2,2026-09-10T03:20:00Z,2026-09-10T11:20:00Z,2026-09-10T05:11:14Z,0.00,2026-09-10T05:02:44Z,2026-09-10T05:10:50Z,history-03c30185-2250-53fa-9f96-1be10e1f78e2-compact.parquet
072c815c-a217-5b14-bf10-72dcaa52eda1,0x34b0d0e433e5243adb6ce0ff436e09cc2d1912ad2adb9c5b3fecc2356e33ce0a,counter-strike,Counter-Strike: 9z vs G2 (BO3) - FISSURE PLAYGROUND Group A,spread,Map Handicap: 9z (-1.5) vs G2 (+1.5),9z|G2,G2,2026-09-10T03:20:00Z,2026-09-10T11:20:00Z,2026-09-10T07:29:00Z,22.22,2026-09-10T05:59:16Z,2026-09-10T07:28:09Z,history-072c815c-a217-5b14-bf10-72dcaa52eda1-compact.parquet
0b8ab433-893b-5e41-b731-4c85f2ce0cc5,0x2e39b2ca8dc5147f76aa7f53ac32484445aac99304d791cc59995ce75ab3c175,counter-strike,Counter-Strike: 9z vs G2 (BO3) - FISSURE PLAYGROUND Group A,spread:map1,Map 1 Rounds Handicap: 9z (-9.5) vs G2 (+9.5),9z|G2,G2,2026-09-10T03:20:00Z,2026-09-10T11:20:00Z,2026-09-10T05:11:14Z,0.00,2026-09-10T05:02:44Z,2026-09-10T05:11:04Z,history-0b8ab433-893b-5e41-b731-4c85f2ce0cc5-compact.parquet
638d875b-e096-52cf-a7e4-620b4116919b,0x1af28d164d28c230dcfdae753af46fb64fb18c9e0291409a2d4fee1ac2b54299,counter-strike,Counter-Strike: 9z vs G2 (BO3) - FISSURE PLAYGROUND Group A,spread:map1,Map 1 Rounds Handicap: G2 (-6.5) vs 9z (+6.5),G2|9z,9z,2026-09-10T03:20:00Z,2026-09-10T11:20:00Z,2026-09-10T05:11:17Z,0.00,2026-09-10T05:02:44Z,2026-09-10T05:10:44Z,history-638d875b-e096-52cf-a7e4-620b4116919b-compact.parquet
69ef7d19-c5f2-5f4b-9e66-8502e36c452c,0x12b1ef133a436a9d5935db88a61c7e4d920e26ee4892beb941f9eaf9a0020e46,counter-strike,Counter-Strike: 9z vs G2 (BO3) - FISSURE PLAYGROUND Group A,rest,Map 1 Total Rounds: Over/Under 24.5,Over|Under,Under,2026-09-10T03:20:00Z,2026-09-10T11:20:00Z,2026-09-10T05:11:16Z,0.00,2026-09-10T05:02:44Z,2026-09-10T05:10:47Z,history-69ef7d19-c5f2-5f4b-9e66-8502e36c452c-compact.parquet
afadc9ab-4a86-58cf-a175-f48fb21951b8,0x2b8a00843817d2a8530887d732bf8ded894374d3f5920e64390b8bc0c5497534,counter-strike,Counter-Strike: 9z vs G2 (BO3) - FISSURE PLAYGROUND Group A,rest,Map 3 Total Rounds: Over/Under 21.5,Over|Under,Over,2026-09-10T03:20:00Z,2026-09-10T11:20:00Z,2026-09-10T07:35:26Z,374.94,2026-09-10T06:54:08Z,2026-09-10T07:34:25Z,history-afadc9ab-4a86-58cf-a175-f48fb21951b8-compact.parquet
bf99415e-2900-55fc-b64c-257af6e3ce2e,0x6d899bf7b09b7f502574d4aa7c1c0340a537ee5cf1db535a820d2c8db4e5b120,counter-strike,Counter-Strike: 9z vs G2 (BO3) - FISSURE PLAYGROUND Group A,spread:map1,Map 1 Rounds Handicap: 9z (-3.5) vs G2 (+3.5),9z|G2,G2,2026-09-10T03:20:00Z,2026-09-10T11:20:00Z,2026-09-10T05:11:14Z,0.00,2026-09-10T05:02:44Z,2026-09-10T05:10:53Z,history-bf99415e-2900-55fc-b64c-257af6e3ce2e-compact.parquet
02636d1e-bbf9-51c6-a974-931b1c22f06c,0x2a6210a9d440d3609ad4547572f1a668b2c0c6b5562ead9c744c0d997137316b,counter-strike,Counter-Strike: PARIVISION vs magic (BO3) - FISSURE PLAYGROUND Group B,rest,Map 1 Total Rounds: Over/Under 21.5,Over|Under,Over,2026-09-10T06:00:00Z,2026-09-10T14:00:00Z,2026-09-10T07:41:57Z,136.04,2026-09-10T06:00:00Z,2026-09-10T07:41:38Z,history-02636d1e-bbf9-51c6-a974-931b1c22f06c-compact.parquet
050c4416-c69f-50c8-83b0-bf0e9aeb3fd4,0x048055ad2d159cb0fd2bb1c5285f9640d1830de1280ef122fa3be3968f5f8688,counter-strike,Counter-Strike: Orgless vs Finishers (BO3) - PGL Masters Bucharest: Oceanic Qualifier Playoffs,spread,Map Handicap: Finishers (-1.5) vs Orgless (+1.5),Finishers|Orgless,"Finishers: 0.5, Orgless: 0.5",2026-09-10T06:00:00Z,2026-09-10T14:00:00Z,2026-09-10T11:14:14Z,0.00,2026-09-10T06:00:00Z,2026-09-10T11:13:41Z,history-050c4416-c69f-50c8-83b0-bf0e9aeb3fd4-compact.parquet
076fd3b0-541d-5f47-b28d-6ae1be759a5e,0x91474e3c18f4a586dc55413ed5a99cf8083dc9de662cc06c74cd801c86d9cc4b,counter-strike,Counter-Strike: PARIVISION vs magic (BO3) - FISSURE PLAYGROUND Group B,segment_winner:map2,Counter-Strike: PARIVISION vs magic - Map 2 Winner,PARIVISION|magic,magic,2026-09-10T06:00:00Z,2026-09-10T14:00:00Z,2026-09-10T10:01:27Z,55.00,2026-09-10T06:00:00Z,2026-09-10T10:01:15Z,history-076fd3b0-541d-5f47-b28d-6ae1be759a5e-compact.parquet
0eb0daec-1984-566e-9ee5-c1d36d422b76,0x01a7f574ef9c9a15f6623781997b2a00df778d239d21bd5f9556380fe4276af6,counter-strike,Counter-Strike: Astralis vs 5star (BO3) - FISSURE PLAYGROUND Group A,rest,Games Total: O/U 2.5,Over|Under,Over,2026-09-10T06:00:00Z,2026-09-10T14:00:00Z,2026-09-10T10:47:26Z,13340.79,2026-09-10T06:00:00Z,2026-09-10T10:46:47Z,history-0eb0daec-1984-566e-9ee5-c1d36d422b76-compact.parquet
0f34d37e-7384-5542-9bd3-f42f54a924d8,0x81228585908b9a5df8fc6bacf593c0632df4d46a733527f07a8d362cb136a4ea,counter-strike,Counter-Strike: Astralis vs 5star (BO3) - FISSURE PLAYGROUND Group A,spread,Map Handicap: AST (-1.5) vs 5star (+1.5),Astralis|5star,5star,2026-09-10T06:00:00Z,2026-09-10T14:00:00Z,2026-09-10T10:47:26Z,73739.28,2026-09-10T06:00:00Z,2026-09-10T10:46:45Z,history-0f34d37e-7384-5542-9bd3-f42f54a924d8-compact.parquet
20ba6050-bbec-5dfb-8f27-f83192fd651f,0xbd85744e2426796dbce4e1ba185c4e49295d365e7afb713fa030a78c86822d78,counter-strike,Counter-Strike: Astralis vs 5star (BO3) - FISSURE PLAYGROUND Group A,spread:map3,Map 3 Rounds Handicap: Astralis (-6.5) vs 5star (+6.5),Astralis|5star,5star,2026-09-10T06:00:00Z,2026-09-10T14:00:00Z,2026-09-10T10:47:26Z,0.00,2026-09-10T06:00:00Z,2026-09-10T10:46:46Z,history-20ba6050-bbec-5dfb-8f27-f83192fd651f-compact.parquet
20c2bda4-f63a-507f-9000-72050a9f8c17,0x42a4df49752848789a4ae8a152bb317f8b6d6144ad3b3a45b26c1e53beede336,counter-strike,Counter-Strike: PARIVISION vs magic (BO3) - FISSURE PLAYGROUND Group B,spread:map2,Map 2 Rounds Handicap: PARIVISION (-3.5) vs magic (+3.5),PARIVISION|magic,magic,2026-09-10T06:00:00Z,2026-09-10T14:00:00Z,2026-09-10T09:13:41Z,0.00,2026-09-10T06:01:37Z,2026-09-10T09:13:41Z,history-20c2bda4-f63a-507f-9000-72050a9f8c17-compact.parquet
33b527fe-badd-5471-82e8-d4d832847e31,0x419abcde9d7c99ae9632a19d52056821095d03242adf203f0596164fd0bd267f,counter-strike,Counter-Strike: Astralis vs 5star (BO3) - FISSURE PLAYGROUND Group A,rest,Map 3 Total Rounds: Over/Under 18.5,Over|Under,Over,2026-09-10T06:00:00Z,2026-09-10T14:00:00Z,2026-09-10T10:47:29Z,500.00,2026-09-10T06:00:00Z,2026-09-10T10:46:36Z,history-33b527fe-badd-5471-82e8-d4d832847e31-compact.parquet
36f2db51-7e8d-55e3-84b6-a9dfd0861f1d,0xae4f70e272a865f570106b7d373224284114bc21f4a7258d424f287004cdcc6d,counter-strike,Counter-Strike: Astralis vs 5star (BO3) - FISSURE PLAYGROUND Group A,spread:map2,Map 2 Rounds Handicap: Astralis (-6.5) vs 5star (+6.5),Astralis|5star,Astralis,2026-09-10T06:00:00Z,2026-09-10T14:00:00Z,2026-09-10T09:41:26Z,0.00,2026-09-10T06:00:00Z,2026-09-10T09:41:03Z,history-36f2db51-7e8d-55e3-84b6-a9dfd0861f1d-compact.parquet
39ec39b7-4d70-5554-8100-dedb6960a608,0x87895e09878320ff330a6198d43963fa5879b1ddcc11c773a2208810d314c4e8,counter-strike,Counter-Strike: PARIVISION vs magic (BO3) - FISSURE PLAYGROUND Group B,rest,Map 3 Total Rounds: Over/Under 21.5,Over|Under,"Over: 0.5, Under: 0.5",2026-09-10T06:00:00Z,2026-09-10T14:00:00Z,2026-09-10T09:06:42Z,0.00,2026-09-10T06:35:52Z,2026-09-10T09:06:42Z,history-39ec39b7-4d70-5554-8100-dedb6960a608-compact.parquet
3ad2abca-28da-5d83-81b5-2859a8c322c0,0x17959fca67588b9f40e767fd194bec93d4673c79dc7198f8ac55eefe5551fe09,counter-strike,Counter-Strike: Orgless vs Finishers (BO3) - PGL Masters Bucharest: Oceanic Qualifier Playoffs,rest,Games Total: O/U 2.5,Over|Under,"Over: 0.5, Under: 0.5",2026-09-10T06:00:00Z,2026-09-10T14:00:00Z,2026-09-10T11:16:10Z,0.00,2026-09-10T06:00:00Z,2026-09-10T11:16:10Z,history-3ad2abca-28da-5d83-81b5-2859a8c322c0-compact.parquet
496ac82e-ae29-583f-9966-5a0645fc3534,0xd9e482b661fe53427de31b70f385abb0902a1c1fae59b16d418c78a4385ad463,counter-strike,Counter-Strike: PARIVISION vs magic (BO3) - FISSURE PLAYGROUND Group B,moneyline,Counter-Strike: PARIVISION vs magic (BO3) - FISSURE PLAYGROUND Group B,PARIVISION|magic,magic,2026-09-10T06:00:00Z,2026-09-10T14:00:00Z,2026-09-10T09:06:45Z,150243.31,2026-09-10T06:00:00Z,2026-09-10T09:06:45Z,history-496ac82e-ae29-583f-9966-5a0645fc3534-compact.parquet
5322e5f0-c77c-55c1-9f88-7a035f705383,0x6c9f3aa1ea9fab237ccf4325f7b3a4711eb248901bc2024b0eeee8e1d8ca1d9c,counter-strike,Counter-Strike: Astralis vs 5star (BO3) - FISSURE PLAYGROUND Group A,spread:map2,Map 2 Rounds Handicap: Astralis (-3.5) vs 5star (+3.5),Astralis|5star,Astralis,2026-09-10T06:00:00Z,2026-09-10T14:00:00Z,2026-09-10T09:38:40Z,319.11,2026-09-10T06:00:00Z,2026-09-10T09:38:15Z,history-5322e5f0-c77c-55c1-9f88-7a035f705383-compact.parquet
5819582c-0f51-56bf-9c83-fa9d920c3d85,0xd9b4e7a6c7f8db49951ff6207798362d62583f3b6995baa003db87b31ce9a5da,counter-strike,Counter-Strike: PARIVISION vs magic (BO3) - FISSURE PLAYGROUND Group B,segment_winner:map1,Counter-Strike: PARIVISION vs magic - Map 1 Winner,PARIVISION|magic,magic,2026-09-10T06:00:00Z,2026-09-10T14:00:00Z,2026-09-10T07:41:57Z,129.57,2026-09-10T06:00:00Z,2026-09-10T07:41:11Z,history-5819582c-0f51-56bf-9c83-fa9d920c3d85-compact.parquet
62465580-da8b-5609-bd43-e33c7449917b,0xcd09a623377549903855f1ea965dbedf2bc67fd0e837793c79f85852ce28a7e5,counter-strike,Counter-Strike: Astralis vs 5star (BO3) - FISSURE PLAYGROUND Group A,spread:map3,Map 3 Rounds Handicap: Astralis (-3.5) vs 5star (+3.5),Astralis|5star,5star,2026-09-10T06:00:00Z,2026-09-10T14:00:00Z,2026-09-10T10:47:29Z,157.72,2026-09-10T06:00:00Z,2026-09-10T10:46:38Z,history-62465580-da8b-5609-bd43-e33c7449917b-compact.parquet
724c5090-9bcd-5480-906a-450d892a358f,0x60f134707605c07c3cd81e09a3c8b9d4fbb4b953f559a6e6de18fbc754fa9099,counter-strike,Counter-Strike: Astralis vs 5star (BO3) - FISSURE PLAYGROUND Group A,spread:map1,Map 1 Rounds Handicap: Astralis (-6.5) vs 5star (+6.5),Astralis|5star,5star,2026-09-10T06:00:00Z,2026-09-10T14:00:00Z,2026-09-10T08:50:12Z,7.00,2026-09-10T06:00:00Z,2026-09-10T08:49:46Z,history-724c5090-9bcd-5480-906a-450d892a358f-compact.parquet
72f2685f-2468-536d-aedb-b6799432dfb9,0x2caa23eb367fe1489349b4ad6b00e9ebd59c9940f879a744072712458f2db08b,counter-strike,Counter-Strike: Astralis vs 5star (BO3) - FISSURE PLAYGROUND Group A,rest,Map 1 Total Rounds: Over/Under 21.5,Over|Under,Over,2026-09-10T06:00:00Z,2026-09-10T14:00:00Z,2026-09-10T08:50:12Z,261.22,2026-09-10T06:00:00Z,2026-09-10T08:49:42Z,history-72f2685f-2468-536d-aedb-b6799432dfb9-compact.parquet
808e3c59-d110-52bb-908a-d72bbcefa322,0x92183007451010d0ba75355a995b892d38c6c6488060dc5e95195fcf5e666b24,counter-strike,Counter-Strike: PARIVISION vs magic (BO3) - FISSURE PLAYGROUND Group B,rest,Games Total: O/U 2.5,Over|Under,Under,2026-09-10T06:00:00Z,2026-09-10T14:00:00Z,2026-09-10T09:06:44Z,53.96,2026-09-10T06:00:00Z,2026-09-10T09:06:08Z,history-808e3c59-d110-52bb-908a-d72bbcefa322-compact.parquet
84fd7b69-eca4-5680-af28-42dd8f16993c,0xca154ef2122e1f92a02504ade69f1d26d524b69705f665f2d4bb7435a480201d,counter-strike,Counter-Strike: Astralis vs 5star (BO3) - FISSURE PLAYGROUND Group A,spread:map1,Map 1 Rounds Handicap: Astralis (-3.5) vs 5star (+3.5),Astralis|5star,5star,2026-09-10T06:00:00Z,2026-09-10T14:00:00Z,2026-09-10T08:50:13Z,1864.24,2026-09-10T06:00:00Z,2026-09-10T08:49:15Z,history-84fd7b69-eca4-5680-af28-42dd8f16993c-compact.parquet
85c71dc6-bb45-5806-86b2-0823bb8e2084,0xf8eab7cc0f5f32b53766590c174908e2e8cc58d7d3c069134920eb7af514b69d,counter-strike,Counter-Strike: PARIVISION vs magic (BO3) - FISSURE PLAYGROUND Group B,rest,Map 2 Total Rounds: Over/Under 21.5,Over|Under,Over,2026-09-10T06:00:00Z,2026-09-10T14:00:00Z,2026-09-10T09:06:45Z,0.00,2026-09-10T06:00:00Z,2026-09-10T09:06:16Z,history-85c71dc6-bb45-5806-86b2-0823bb8e2084-compact.parquet
8d120335-3f3e-5b53-b331-7cf5cd54dac3,0x90e7b8cb02dc272b079b8a936e6d02cc559a85655829b2c5dcda36ef0a344e4b,counter-strike,Counter-Strike: PARIVISION vs magic (BO3) - FISSURE PLAYGROUND Group B,spread:map1,Map 1 Rounds Handicap: PARIVISION (-3.5) vs magic (+3.5),PARIVISION|magic,magic,2026-09-10T06:00:00Z,2026-09-10T14:00:00Z,2026-09-10T07:41:57Z,8.74,2026-09-10T06:00:00Z,2026-09-10T07:41:10Z,history-8d120335-3f3e-5b53-b331-7cf5cd54dac3-compact.parquet
8e7d4167-2a67-51a3-91e8-f82ec7fb24d4,0x1e354b2100ce4fccc3bd348248906bbaae85eb56d6f3bafb17d7d5ddcdf1ef1b,counter-strike,Counter-Strike: Astralis vs 5star (BO3) - FISSURE PLAYGROUND Group A,rest,Map 2 Total Rounds: Over/Under 21.5,Over|Under,Under,2026-09-10T06:00:00Z,2026-09-10T14:00:00Z,2026-09-10T09:45:27Z,3.12,2026-09-10T06:00:00Z,2026-09-10T09:44:29Z,history-8e7d4167-2a67-51a3-91e8-f82ec7fb24d4-compact.parquet
969f8b63-cf49-54a4-9ce7-b284a0bc9f7a,0xd39447098033e945bad58ccee2422815c4c43276f4dc8f2061106b92cf6f3d76,counter-strike,Counter-Strike: PARIVISION vs magic (BO3) - FISSURE PLAYGROUND Group B,spread:map3,Map 3 Rounds Handicap: PARIVISION (-3.5) vs magic (+3.5),PARIVISION|magic,"PARIVISION: 0.5, magic: 0.5",2026-09-10T06:00:00Z,2026-09-10T14:00:00Z,2026-09-10T09:13:41Z,0.00,2026-09-10T06:35:52Z,2026-09-10T09:13:41Z,history-969f8b63-cf49-54a4-9ce7-b284a0bc9f7a-compact.parquet
9bf39953-7174-5d5b-b4a1-9be1044cbad0,0xb390fce4c8364aecf5f0da0bd96ddd0b87d92a18d17fb55caeabf58a60878c0c,counter-strike,Counter-Strike: Orgless vs Finishers (BO3) - PGL Masters Bucharest: Oceanic Qualifier Playoffs,spread,Map Handicap: Orgless (-1.5) vs Finishers (+1.5),Orgless|Finishers,"Orgless: 0.5, Finishers: 0.5",2026-09-10T06:00:00Z,2026-09-10T14:00:00Z,2026-09-10T11:14:13Z,0.00,2026-09-10T06:00:00Z,2026-09-10T11:14:13Z,history-9bf39953-7174-5d5b-b4a1-9be1044cbad0-compact.parquet
a0520cdb-b82b-5795-9053-ca93c766d832,0x1ea17dd1fd9c5eba4cfb9b22304712cf3819b4edfe5c7373f3b6aa1fd6babe03,counter-strike,Counter-Strike: PARIVISION vs magic (BO3) - FISSURE PLAYGROUND Group B,spread,Map Handicap: MGC (-1.5) vs PARIVISION (+1.5),magic|PARIVISION,magic,2026-09-10T06:00:00Z,2026-09-10T14:00:00Z,2026-09-10T09:06:45Z,0.00,2026-09-10T06:47:23Z,2026-09-10T09:06:10Z,history-a0520cdb-b82b-5795-9053-ca93c766d832-compact.parquet
a7bf1016-5b95-509f-865f-db368c716585,0x4ab50aa93af8b441cf30b8b913be8c5032983c2c0ea786fae7dc873c5d3729d7,counter-strike,Counter-Strike: Astralis vs 5star (BO3) - FISSURE PLAYGROUND Group A,moneyline,Counter-Strike: Astralis vs 5star (BO3) - FISSURE PLAYGROUND Group A,Astralis|5star,5star,2026-09-10T06:00:00Z,2026-09-10T14:00:00Z,2026-09-10T10:47:26Z,73938.83,2026-09-10T06:00:00Z,2026-09-10T10:47:26Z,history-a7bf1016-5b95-509f-865f-db368c716585-compact.parquet
b45ea7aa-f5ee-542e-99bc-bcbf9b452070,0xcf8499b078f40748c7816ba2451c83832f3b30e258c6a5baedf2a8654d2d26a6,counter-strike,Counter-Strike: Astralis vs 5star (BO3) - FISSURE PLAYGROUND Group A,rest,Map 3 Total Rounds: Over/Under 21.5,Over|Under,Over,2026-09-10T06:00:00Z,2026-09-10T14:00:00Z,2026-09-10T10:47:26Z,10.00,2026-09-10T06:00:00Z,2026-09-10T10:47:12Z,history-b45ea7aa-f5ee-542e-99bc-bcbf9b452070-compact.parquet
d500d9cf-6b14-5430-b136-937ba86dc4c1,0x9e4a68db03a316525437cb72091b85ea351eb47436a0c3c7a1d1ea0e4a0c94d9,counter-strike,Counter-Strike: Orgless vs Finishers (BO3) - PGL Masters Bucharest: Oceanic Qualifier Playoffs,segment_winner:map1,Counter-Strike: Orgless vs Finishers - Map 1 Winner,Orgless|Finishers,"Orgless: 0.5, Finishers: 0.5",2026-09-10T06:00:00Z,2026-09-10T14:00:00Z,2026-09-10T11:14:14Z,64.36,2026-09-10T06:00:00Z,2026-09-10T11:14:14Z,history-d500d9cf-6b14-5430-b136-937ba86dc4c1-compact.parquet
de5f1ddf-25cd-57e0-85d0-6c75298d3e23,0x5fae67da298962ab264a75701d62a26dcf5b23c6ae2e63017c07f960897b04c3,counter-strike,Counter-Strike: Astralis vs 5star (BO3) - FISSURE PLAYGROUND Group A,rest,Map 2 Total Rounds: Over/Under 18.5,Over|Under,Under,2026-09-10T06:00:00Z,2026-09-10T14:00:00Z,2026-09-10T09:38:40Z,13.99,2026-09-10T06:00:00Z,2026-09-10T09:37:53Z,history-de5f1ddf-25cd-57e0-85d0-6c75298d3e23-compact.parquet
e3b7f922-d395-5bca-9af7-dec87e58421b,0x7cf6f18289b8e8e4a535d1915fb06dd4a238b547aa17cb5242484c00f72bfb2f,counter-strike,Counter-Strike: PARIVISION vs magic (BO3) - FISSURE PLAYGROUND Group B,spread,Map Handicap: PRV (-1.5) vs magic (+1.5),PARIVISION|magic,magic,2026-09-10T06:00:00Z,2026-09-10T14:00:00Z,2026-09-10T09:06:42Z,1425.65,2026-09-10T06:00:00Z,2026-09-10T09:05:44Z,history-e3b7f922-d395-5bca-9af7-dec87e58421b-compact.parquet
e54be4a2-cbac-5f56-bddb-35c3fbf86b63,0xedf171f4cf6576c699ddfbb32b11f6c45c554719a2a701a0a5e87fbb01e285df,counter-strike,Counter-Strike: Astralis vs 5star (BO3) - FISSURE PLAYGROUND Group A,segment_winner:map1,Counter-Strike: Astralis vs 5star - Map 1 Winner,Astralis|5star,5star,2026-09-10T06:00:00Z,2026-09-10T14:00:00Z,2026-09-10T08:55:11Z,8724.35,2026-09-10T06:00:00Z,2026-09-10T08:54:47Z,history-e54be4a2-cbac-5f56-bddb-35c3fbf86b63-compact.parquet
e86b702a-176a-5154-ba3a-3e03943ebb0c,0x025cb1edc8961b998583d97a280ea60cc5d1e08c230991b93a63aca5765e66a1,counter-strike,Counter-Strike: Orgless vs Finishers (BO3) - PGL Masters Bucharest: Oceanic Qualifier Playoffs,moneyline,Counter-Strike: Orgless vs Finishers (BO3) - PGL Masters Bucharest: Oceanic Qualifier Playoffs,Orgless|Finishers,"Orgless: 0.5, Finishers: 0.5",2026-09-10T06:00:00Z,2026-09-10T14:00:00Z,2026-09-10T11:14:14Z,1296.30,2026-09-10T06:00:00Z,2026-09-10T11:14:14Z,history-e86b702a-176a-5154-ba3a-3e03943ebb0c-compact.parquet
e8935a59-0560-59c5-8ffc-d446bb9aaabe,0x9d98932b97f519a760092daa344c79b1e6f3f77d37fc8af267517ecf210120c0,counter-strike,Counter-Strike: Orgless vs Finishers (BO3) - PGL Masters Bucharest: Oceanic Qualifier Playoffs,segment_winner:map2,Counter-Strike: Orgless vs Finishers - Map 2 Winner,Orgless|Finishers,"Orgless: 0.5, Finishers: 0.5",2026-09-10T06:00:00Z,2026-09-10T14:00:00Z,2026-09-10T11:14:13Z,0.00,2026-09-10T06:00:00Z,2026-09-10T11:14:13Z,history-e8935a59-0560-59c5-8ffc-d446bb9aaabe-compact.parquet
e9c1ffee-87f9-5e6f-83e1-124c91369ef1,0x102c35b55532264d5dbe6e1768f944ef9b89e209ff102ffdeb36d70a7c517397,counter-strike,Counter-Strike: Astralis vs 5star (BO3) - FISSURE PLAYGROUND Group A,segment_winner:map2,Counter-Strike: Astralis vs 5star - Map 2 Winner,Astralis|5star,Astralis,2026-09-10T06:00:00Z,2026-09-10T14:00:00Z,2026-09-10T09:43:24Z,9030.24,2026-09-10T06:00:00Z,2026-09-10T09:43:24Z,history-e9c1ffee-87f9-5e6f-83e1-124c91369ef1-compact.parquet
0c869a4c-fcbb-5c37-aeb2-5e4b110a8708,0x8928fca0c0b1fcd970eacbb7d0b15a0efba4aaafe4ce4860ee35ee7ce20e0dc5,counter-strike,Counter-Strike: Astralis vs 5star (BO3) - FISSURE PLAYGROUND Group A,spread,Map Handicap: 5S (-1.5) vs Astralis (+1.5),5star|Astralis,Astralis,2026-09-10T07:20:00Z,2026-09-10T15:20:00Z,2026-09-10T10:55:11Z,0.00,2026-09-10T08:15:48Z,2026-09-10T10:54:15Z,history-0c869a4c-fcbb-5c37-aeb2-5e4b110a8708-compact.parquet
07ba105b-5f7e-5408-b9a3-30320d3ebf2a,0xd98c0a9b2ce0253c09f9e3ae56a5f5fb2a2e49bef0c7ef81cf73de6773ee3505,counter-strike,Counter-Strike: BESTIA vs Virtus.pro (BO3) - Thunderpick World Championship Closed Qualifier Group A,rest,Games Total: O/U 2.5,Over|Under,Under,2026-09-10T08:00:00Z,2026-09-10T16:00:00Z,2026-09-10T10:23:44Z,17.02,2026-09-10T08:00:00Z,2026-09-10T10:23:11Z,history-07ba105b-5f7e-5408-b9a3-30320d3ebf2a-compact.parquet
28d432f7-cef9-5e50-9711-f093d582408a,0x017e884cad1b428734ff0bc98feaee06c7a0d35e0fac87db84098a2842da5f4e,counter-strike,Counter-Strike: BESTIA vs Virtus.pro (BO3) - Thunderpick World Championship Closed Qualifier Group A,segment_winner:map2,Counter-Strike: BESTIA vs Virtus.pro - Map 2 Winner,BESTIA|Virtus.pro,Virtus.pro,2026-09-10T08:00:00Z,2026-09-10T16:00:00Z,2026-09-10T10:23:44Z,83.94,2026-09-10T08:00:00Z,2026-09-10T10:22:25Z,history-28d432f7-cef9-5e50-9711-f093d582408a-compact.parquet
2a7c1706-e924-51b3-b9a3-a70ded7e823f,0x2045380576b318cb47b59320e40c3dd94d10a00e88d88b79fd4d76e8777ab670,counter-strike,Counter-Strike: BESTIA vs Virtus.pro (BO3) - Thunderpick World Championship Closed Qualifier Group A,rest,Map 1 Total Rounds: Over/Under 21.5,Over|Under,Under,2026-09-10T08:00:00Z,2026-09-10T16:00:00Z,2026-09-10T09:21:27Z,0.00,2026-09-10T08:00:00Z,2026-09-10T09:20:44Z,history-2a7c1706-e924-51b3-b9a3-a70ded7e823f-compact.parquet
345db7ff-89e2-5f2b-91e1-4dd95af25906,0xce6e8b163e61d6b66353a72ee294e0163fe2a1b88aa133ff4f1cd345c8118b02,counter-strike,Counter-Strike: largadosypelados vs Matrix (BO1) - Roman Imperium Cup Group A,moneyline,Counter-Strike: largadosypelados vs Matrix (BO1) - Roman Imperium Cup Group A,largadosypelados|Matrix,largadosypelados,2026-09-10T08:00:00Z,2026-09-10T16:00:00Z,2026-09-10T16:13:18Z,342.06,2026-09-10T09:25:09Z,2026-09-10T16:13:18Z,history-345db7ff-89e2-5f2b-91e1-4dd95af25906-compact.parquet
3e3c7575-cdab-5f20-a21a-faf4e5beeb27,0xb1f4e06f5172d09f046a683ae411708f7a759014658004770c3af9dc5a77d7c1,counter-strike,Counter-Strike: TEAM ASCEND vs Inner Circle Prospect (BO3) - United21 Group A,moneyline,Counter-Strike: TEAM ASCEND vs Inner Circle Prospect (BO3) - United21 Group A,TEAM ASCEND|Inner Circle Prospect,Inner Circle Prospect,2026-09-10T08:00:00Z,2026-09-10T16:00:00Z,2026-09-10T14:03:24Z,6247.65,2026-09-10T08:00:00Z,2026-09-10T14:02:16Z,history-3e3c7575-cdab-5f20-a21a-faf4e5beeb27-compact.parquet
4350d0dd-15a5-5cc4-b17c-7c3318e6f12a,0x21c46e9bfe6b9252ff925e5d0c416ec3d0583d9ad9c9486617c818a636c02d4b,counter-strike,Counter-Strike: Heroic vs K27 (BO3) - Thunderpick World Championship Closed Qualifier Group A,segment_winner:map2,Counter-Strike: Heroic vs K27 - Map 2 Winner,Heroic|K27,Heroic,2026-09-10T08:00:00Z,2026-09-10T16:00:00Z,2026-09-10T10:56:31Z,790.42,2026-09-10T08:00:00Z,2026-09-10T10:55:41Z,history-4350d0dd-15a5-5cc4-b17c-7c3318e6f12a-compact.parquet
4ed1e143-5b13-5214-b100-a807bd882b62,0x01350825fd6db7393bcdbdb967d08d09d58c34ef818b9f914034bd83aaff01ad,counter-strike,Counter-Strike: TEIKO vs Gothboiclique (BO1) - Roman Imperium Cup Group A,moneyline,Counter-Strike: TEIKO vs Gothboiclique (BO1) - Roman Imperium Cup Group A,TEIKO|Gothboiclique,Gothboiclique,2026-09-10T08:00:00Z,2026-09-10T16:00:00Z,2026-09-10T13:51:23Z,5002.34,2026-09-10T08:00:00Z,2026-09-10T13:50:22Z,history-4ed1e143-5b13-5214-b100-a807bd882b62-compact.parquet
613616e4-5e66-50b9-8067-c7666680073a,0xa428a2d6f195b466ae386c0d5fa90c264e3affc616ac6ae77fef5c455afb8a6f,counter-strike,Counter-Strike: Nuclear TigeRES vs BET-M 33 (BO3) - PGL Masters Bucharest: European Qualifier Playoffs,segment_winner:map2,Counter-Strike: Nuclear TigeRES vs BET-M 33 - Map 2 Winner,Nuclear TigeRES|BET-M 33,BET-M 33,2026-09-10T08:00:00Z,2026-09-10T16:00:00Z,2026-09-10T10:57:27Z,0.00,2026-09-10T08:15:48Z,2026-09-10T10:56:34Z,history-613616e4-5e66-50b9-8067-c7666680073a-compact.parquet
7bfde1a5-dc9e-5605-a0d0-4b3e424590a7,0xe99a29176b0920b00260fc07124e54d6d3c69b67cfbcc0fb181d4cb278885999,counter-strike,Counter-Strike: BESTIA vs Virtus.pro (BO3) - Thunderpick World Championship Closed Qualifier Group A,spread,Map Handicap: VP (-1.5) vs BESTIA (+1.5),Virtus.pro|BESTIA,Virtus.pro,2026-09-10T08:00:00Z,2026-09-10T16:00:00Z,2026-09-10T10:23:44Z,13381.62,2026-09-10T08:00:00Z,2026-09-10T10:22:40Z,history-7bfde1a5-dc9e-5605-a0d0-4b3e424590a7-compact.parquet
84e7c47b-b447-5e23-97d9-d373d4d69686,0x53cde2a1133bc539b9175aa98773774d3888f68749c53c8f02a73d2da0bd9ddf,counter-strike,Counter-Strike: Nuclear TigeRES vs BET-M 33 (BO3) - PGL Masters Bucharest: European Qualifier Playoffs,segment_winner:map1,Counter-Strike: Nuclear TigeRES vs BET-M 33 - Map 1 Winner,Nuclear TigeRES|BET-M 33,Nuclear TigeRES,2026-09-10T08:00:00Z,2026-09-10T16:00:00Z,2026-09-10T09:56:56Z,0.00,2026-09-10T08:00:00Z,2026-09-10T09:56:30Z,history-84e7c47b-b447-5e23-97d9-d373d4d69686-compact.parquet
897d2344-18ce-5508-b4c9-2b447e014e14,0xbafcea1ae4feeae7c1076f9145ac4e5fd7e3bfdecf840a40c69a1ea2ec5b5bb3,counter-strike,Counter-Strike: Nuclear TigeRES vs BET-M 33 (BO3) - PGL Masters Bucharest: European Qualifier Playoffs,moneyline,Counter-Strike: Nuclear TigeRES vs BET-M 33 (BO3) - PGL Masters Bucharest: European Qualifier Playoffs,Nuclear TigeRES|BET-M 33,Nuclear TigeRES,2026-09-10T08:00:00Z,2026-09-10T16:00:00Z,2026-09-10T11:58:45Z,41840.20,2026-09-10T08:00:00Z,2026-09-10T11:58:45Z,history-897d2344-18ce-5508-b4c9-2b447e014e14-compact.parquet
9d788cd2-c796-5008-aed3-b412c8721da4,0x896fe11b5764db043d1fdd63adce1c12b9d9faab5f3727e422e5b4dc340a63b0,counter-strike,Counter-Strike: BESTIA vs Virtus.pro (BO3) - Thunderpick World Championship Closed Qualifier Group A,segment_winner:map1,Counter-Strike: BESTIA vs Virtus.pro - Map 1 Winner,BESTIA|Virtus.pro,Virtus.pro,2026-09-10T08:00:00Z,2026-09-10T16:00:00Z,2026-09-10T09:21:28Z,10.00,2026-09-10T08:00:00Z,2026-09-10T09:20:46Z,history-9d788cd2-c796-5008-aed3-b412c8721da4-compact.parquet
a9eb2efa-d8a0-52a8-aa37-a6db6cdd6d7f,0x73fc98df3b957a3651124bd27f1745a3df9ff37bf93e2933065cb940054584c9,counter-strike,Counter-Strike: Heroic vs K27 (BO3) - Thunderpick World Championship Closed Qualifier Group A,spread,Map Handicap: HERO (-1.5) vs K27 (+1.5),Heroic|K27,K27,2026-09-10T08:00:00Z,2026-09-10T16:00:00Z,2026-09-10T11:57:12Z,8718.68,2026-09-10T08:00:00Z,2026-09-10T11:56:39Z,history-a9eb2efa-d8a0-52a8-aa37-a6db6cdd6d7f-compact.parquet
b2e46e69-a7ed-55f2-92a4-0cf53ad3c705,0x29b14135ccbba827342215c1ee89947d6f24121a1823f6d90080ecb9e18fc892,counter-strike,Counter-Strike: BESTIA vs Virtus.pro (BO3) - Thunderpick World Championship Closed Qualifier Group A,rest,Map 3 Total Rounds: Over/Under 21.5,Over|Under,"Over: 0.5, Under: 0.5",2026-09-10T08:00:00Z,2026-09-10T16:00:00Z,2026-09-10T10:23:45Z,0.00,2026-09-10T08:00:00Z,2026-09-10T10:23:45Z,history-b2e46e69-a7ed-55f2-92a4-0cf53ad3c705-compact.parquet
e0afcebe-8ab9-5fed-a416-74c46fad12e5,0x51f5a5a8627288a109f53a83faad95718ce635bcb713a5485bb04f2e9738ab82,counter-strike,Counter-Strike: maybe vs REVENIX (BO1) - Roman Imperium Cup Group A,moneyline,Counter-Strike: maybe vs REVENIX (BO1) - Roman Imperium Cup Group A,maybe|REVENIX,REVENIX,2026-09-10T08:00:00Z,2026-09-10T16:00:00Z,2026-09-10T16:13:15Z,2564.24,2026-09-10T08:00:00Z,2026-09-10T16:13:15Z,history-e0afcebe-8ab9-5fed-a416-74c46fad12e5-compact.parquet
e4b1b819-6de0-5cd5-9dc9-abffbe2f6189,0xa39c9d37f6f06e247d97434bd4ba59ea42fa3218e2729df849ef0fae3afe4ae6,counter-strike,Counter-Strike: Nuclear TigeRES vs BET-M 33 (BO3) - PGL Masters Bucharest: European Qualifier Playoffs,rest,Games Total: O/U 2.5,Over|Under,Over,2026-09-10T08:00:00Z,2026-09-10T16:00:00Z,2026-09-10T11:58:45Z,0.00,2026-09-10T08:00:00Z,2026-09-10T11:58:04Z,history-e4b1b819-6de0-5cd5-9dc9-abffbe2f6189-compact.parquet
e613c870-bf37-5317-900f-36e58b6920a5,0xc5b254a3dabdc5978ff0f32cd09e6582c2ee820db22a1a8dd4bd1df6a0441e15,counter-strike,Counter-Strike: Nuclear TigeRES vs BET-M 33 (BO3) - PGL Masters Bucharest: European Qualifier Playoffs,spread,Map Handicap: NTR (-1.5) vs BET-M 33 (+1.5),Nuclear TigeRES|BET-M 33,BET-M 33,2026-09-10T08:00:00Z,2026-09-10T16:00:00Z,2026-09-10T11:58:45Z,3365.74,2026-09-10T08:00:00Z,2026-09-10T11:58:03Z,history-e613c870-bf37-5317-900f-36e58b6920a5-compact.parquet
f97ffddd-21ce-5493-8127-44c85a54d096,0x9a060aa31e648e1206d1b68e226408c5bd86d50cd84e574ef560390999192b52,counter-strike,Counter-Strike: Heroic vs K27 (BO3) - Thunderpick World Championship Closed Qualifier Group A,rest,Counter-Strike: Heroic vs K27 (BO3) - Thunderpick World Championship Closed Qualifier Group A,Heroic|K27,Heroic,2026-09-10T08:00:00Z,2026-09-10T16:00:00Z,2026-09-10T11:57:13Z,12021.25,2026-09-10T08:00:00Z,2026-09-10T11:57:04Z,history-f97ffddd-21ce-5493-8127-44c85a54d096-compact.parquet
fb303412-4fa1-5d5e-964d-8641dd7d013b,0x3661eb41e10dde6a469ad79a3cd2bc9ff91c2fb15dc04c164863e8894568982a,counter-strike,Counter-Strike: BESTIA vs Virtus.pro (BO3) - Thunderpick World Championship Closed Qualifier Group A,rest,Counter-Strike: BESTIA vs Virtus.pro (BO3) - Thunderpick World Championship Closed Qualifier Group A,BESTIA|Virtus.pro,Virtus.pro,2026-09-10T08:00:00Z,2026-09-10T16:00:00Z,2026-09-10T10:23:44Z,148208.44,2026-09-10T08:00:00Z,2026-09-10T10:23:15Z,history-fb303412-4fa1-5d5e-964d-8641dd7d013b-compact.parquet
0adf5f6a-e377-5118-8583-b5ef3ab03429,0x7c451cb6b29a14517cd8f506ad8beaa880464f65d41273038612b6c153b5103f,counter-strike,Counter-Strike: Drama eSports vs SINQU (BO3) - NODWIN Clutch Series Play-In Group C,rest,Games Total: O/U 2.5,Over|Under,Over,2026-09-10T08:15:00Z,2026-09-10T16:15:00Z,2026-09-10T14:42:14Z,0.00,2026-09-10T10:37:03Z,2026-09-10T14:41:53Z,history-0adf5f6a-e377-5118-8583-b5ef3ab03429-compact.parquet
0c73682b-5f3d-599c-ac0e-4c0815a012cc,0xe8ce9342dc5e4ca3e1de9ef55f93bf839867a3fb0eb54603341ef0b4720cb688,counter-strike,Counter-Strike: TEAM ASCEND vs Inner Circle Prospect (BO3) - United21 Group A,rest,Games Total: O/U 2.5,Over|Under,Under,2026-09-10T08:15:00Z,2026-09-10T16:15:00Z,2026-09-10T14:03:24Z,0.00,2026-09-10T10:14:10Z,2026-09-10T14:02:41Z,history-0c73682b-5f3d-599c-ac0e-4c0815a012cc-compact.parquet
2e8a5006-1250-5bc8-bb3c-663078bb068a,0xe94ee29d274e36dc9437afff9aedbb28405c75e01271e633ec47895ebebeaafb,counter-strike,Counter-Strike: mellren vs MORROW (BO3) - European Pro League Series 9 Play-In Play-In,segment_winner:map2,Counter-Strike: mellren vs MORROW - Map 2 Winner,mellren|MORROW,mellren,2026-09-10T08:15:00Z,2026-09-10T16:15:00Z,2026-09-10T16:25:05Z,0.00,2026-09-10T09:13:38Z,2026-09-10T16:25:05Z,history-2e8a5006-1250-5bc8-bb3c-663078bb068a-compact.parquet
942d8b04-c424-5215-9f71-8b2c9064d598,0x9e4ba2621c703816e7420835c53a1e333a9af78da90bd082fa4df249f891b7f0,counter-strike,Counter-Strike: mellren vs MORROW (BO3) - European Pro League Series 9 Play-In Play-In,rest,Games Total: O/U 2.5,Over|Under,Over,2026-09-10T08:15:00Z,2026-09-10T16:15:00Z,2026-09-10T16:25:05Z,0.00,2026-09-10T10:37:03Z,2026-09-10T16:25:05Z,history-942d8b04-c424-5215-9f71-8b2c9064d598-compact.parquet
a9aa8de8-25ac-5c19-ab74-82f8bad77563,0xb6bcf1211604fadd06b5c3ea5006a2dbcd17d64424c3a8e0df8884a6b1ff3ef8,counter-strike,Counter-Strike: TEAM ASCEND vs Inner Circle Prospect (BO3) - United21 Group A,segment_winner:map2,Counter-Strike: TEAM ASCEND vs Inner Circle Prospect - Map 2 Winner,TEAM ASCEND|Inner Circle Prospect,Inner Circle Prospect,2026-09-10T08:15:00Z,2026-09-10T16:15:00Z,2026-09-10T14:03:25Z,206.00,2026-09-10T10:14:10Z,2026-09-10T14:02:21Z,history-a9aa8de8-25ac-5c19-ab74-82f8bad77563-compact.parquet
adadc247-4ba9-51ab-ba8f-f8b84e556917,0x259ef134da0c7ffc0c42b5933ca0be78c67c53e0cb54d55b152d7b17d52ef4e2,counter-strike,Counter-Strike: mellren vs MORROW (BO3) - European Pro League Series 9 Play-In Play-In,moneyline,Counter-Strike: mellren vs MORROW (BO3) - European Pro League Series 9 Play-In Play-In,mellren|MORROW,mellren,2026-09-10T08:15:00Z,2026-09-10T16:15:00Z,2026-09-10T16:25:05Z,0.00,2026-09-10T09:13:38Z,2026-09-10T16:25:05Z,history-adadc247-4ba9-51ab-ba8f-f8b84e556917-compact.parquet
afc84acd-49de-50a9-93eb-94e375611282,0x8e0533227304de94fee979d385853d63e671fdbbc8df20b401e86827db4b01e7,counter-strike,Counter-Strike: Drama eSports vs SINQU (BO3) - NODWIN Clutch Series Play-In Group C,spread,Map Handicap: DRAMA (-1.5) vs SINQU (+1.5),Drama eSports|SINQU,SINQU,2026-09-10T08:15:00Z,2026-09-10T16:15:00Z,2026-09-10T14:42:14Z,5.05,2026-09-10T11:36:11Z,2026-09-10T14:42:14Z,history-afc84acd-49de-50a9-93eb-94e375611282-compact.parquet
b40db8ef-c094-554c-be06-70c8920b3a22,0x18c341b8bbbf28c899155c99e1b5e10c1461406fd12db21ff731f570aa83c2bc,counter-strike,Counter-Strike: mellren vs MORROW (BO3) - European Pro League Series 9 Play-In Play-In,segment_winner:map1,Counter-Strike: mellren vs MORROW - Map 1 Winner,mellren|MORROW,MORROW,2026-09-10T08:15:00Z,2026-09-10T16:15:00Z,2026-09-10T16:25:06Z,40.00,2026-09-10T09:01:57Z,2026-09-10T16:25:06Z,history-b40db8ef-c094-554c-be06-70c8920b3a22-compact.parquet
b8465bf7-d11d-5b1e-ab0d-f98f8a0244ad,0x3adebe456956132a73fa2a19e663ad9297f25f0efdbe892dec97efe46a5c24b3,counter-strike,Counter-Strike: Drama eSports vs SINQU (BO3) - NODWIN Clutch Series Play-In Group C,segment_winner:map2,Counter-Strike: Drama eSports vs SINQU - Map 2 Winner,Drama eSports|SINQU,SINQU,2026-09-10T08:15:00Z,2026-09-10T16:15:00Z,2026-09-10T12:31:48Z,1733.81,2026-09-10T10:37:03Z,2026-09-10T12:30:38Z,history-b8465bf7-d11d-5b1e-ab0d-f98f8a0244ad-compact.parquet
c4f9dc03-ba58-56b8-847d-7165333e6777,0x78c13c80347adf42dd5971e80e74ccbcd3ed23a5a9e147dd7f30f63a7162a924,counter-strike,Counter-Strike: Drama eSports vs SINQU (BO3) - NODWIN Clutch Series Play-In Group C,segment_winner:map1,Counter-Strike: Drama eSports vs SINQU - Map 1 Winner,Drama eSports|SINQU,Drama eSports,2026-09-10T08:15:00Z,2026-09-10T16:15:00Z,2026-09-10T11:05:55Z,233.21,2026-09-10T09:13:37Z,2026-09-10T11:05:44Z,history-c4f9dc03-ba58-56b8-847d-7165333e6777-compact.parquet
da519de1-be7d-5b10-b885-c4a9e59f32e4,0xad530c125c9208cc21cc0fd885f4aff56662adc1e8b2968e63f63051915372d6,counter-strike,Counter-Strike: TEAM ASCEND vs Inner Circle Prospect (BO3) - United21 Group A,segment_winner:map1,Counter-Strike: TEAM ASCEND vs Inner Circle Prospect - Map 1 Winner,TEAM ASCEND|Inner Circle Prospect,Inner Circle Prospect,2026-09-10T08:15:00Z,2026-09-10T16:15:00Z,2026-09-10T14:03:24Z,4051.85,2026-09-10T09:13:37Z,2026-09-10T14:02:22Z,history-da519de1-be7d-5b10-b885-c4a9e59f32e4-compact.parquet
836b49fd-2695-531b-a136-cab0baf29f9b,0xefd7f8a6ab7830a74a3d87b1acbcff77ca2ff4999cdfd42044881eabd904bd4e,counter-strike,Counter-Strike: Heroic vs K27 (BO3) - Thunderpick World Championship Closed Qualifier Group A,segment_winner:map1,Counter-Strike: Heroic vs K27 - Map 1 Winner,Heroic|K27,K27,2026-09-10T08:30:00Z,2026-09-10T16:30:00Z,2026-09-10T09:45:27Z,835.92,2026-09-10T09:25:09Z,2026-09-10T09:44:56Z,history-836b49fd-2695-531b-a136-cab0baf29f9b-compact.parquet
d6e2ff69-1be7-5bf4-8f84-7917aacb073b,0x128fd9e216262877f1ea27a6d162e48fcf07a5450c5bcadf36374c00c9f91fef,counter-strike,Counter-Strike: Heroic vs K27 (BO3) - Thunderpick World Championship Closed Qualifier Group A,spread,Map Handicap: K27 (-1.5) vs Heroic (+1.5),K27|Heroic,Heroic,2026-09-10T08:30:00Z,2026-09-10T16:30:00Z,2026-09-10T11:57:15Z,0.00,2026-09-10T10:37:03Z,2026-09-10T11:56:41Z,history-d6e2ff69-1be7-5bf4-8f84-7917aacb073b-compact.parquet
e5a52d3e-8e26-5d66-8b8e-a6157ff403d4,0xf686a1de5c0f21de841aad6792e060cf7c1011ab0f048ada8ba5d4009e8eb29a,counter-strike,Counter-Strike: Heroic vs K27 (BO3) - Thunderpick World Championship Closed Qualifier Group A,rest,Games Total: O/U 2.5,Over|Under,Over,2026-09-10T08:30:00Z,2026-09-10T16:30:00Z,2026-09-10T11:57:15Z,16.82,2026-09-10T10:37:03Z,2026-09-10T11:56:53Z,history-e5a52d3e-8e26-5d66-8b8e-a6157ff403d4-compact.parquet
017a3163-db8a-5e77-9f3e-7332ffab7dd0,0x531d809827803266292b370e598ce92466edbc5b33ada5dd54a3690129b359fc,counter-strike,Counter-Strike: MIBR vs BetBoom Team (BO3) - FISSURE PLAYGROUND Group A,spread,Map Handicap: BB (-1.5) vs MIBR (+1.5),BetBoom Team|MIBR,BetBoom Team,2026-09-10T09:00:00Z,2026-09-10T17:00:00Z,2026-09-10T13:36:10Z,20935.99,2026-09-10T09:00:00Z,2026-09-10T13:35:43Z,history-017a3163-db8a-5e77-9f3e-7332ffab7dd0-compact.parquet
1c460cbe-e4e1-56db-a272-74b06b79b3d6,0x1d91f021022942d60be30cdd7ebf623c0e084158288f6de6a3dea815ac11c188,counter-strike,Counter-Strike: Legacy vs FURIA (BO3) - FISSURE PLAYGROUND Group B,moneyline,Counter-Strike: Legacy vs FURIA (BO3) - FISSURE PLAYGROUND Group B,Legacy|FURIA,Legacy,2026-09-10T09:00:00Z,2026-09-10T17:00:00Z,2026-09-10T11:35:42Z,113007.45,2026-09-10T09:00:00Z,2026-09-10T11:34:54Z,history-1c460cbe-e4e1-56db-a272-74b06b79b3d6-compact.parquet
35185062-a755-5366-8e6c-4a4e596fe199,0x0b66bfebc749da310ec71947128c38fd4a28d684d6b1e50ba8a168490ebcb761,counter-strike,Counter-Strike: MIBR vs BetBoom Team (BO3) - FISSURE PLAYGROUND Group A,spread:map1,Map 1 Rounds Handicap: BetBoom Team (-3.5) vs MIBR (+3.5),BetBoom Team|MIBR,BetBoom Team,2026-09-10T09:00:00Z,2026-09-10T17:00:00Z,2026-09-10T12:12:30Z,11.60,2026-09-10T09:00:00Z,2026-09-10T12:12:23Z,history-35185062-a755-5366-8e6c-4a4e596fe199-compact.parquet
396b7f7a-520d-5c17-a121-29425d0cb2c2,0xd3becf921dc1b8b3c3fd317798ddf66951558e54ed7a01559338568f145ca32b,counter-strike,Counter-Strike: Legacy vs FURIA (BO3) - FISSURE PLAYGROUND Group B,segment_winner:map1,Counter-Strike: Legacy vs FURIA - Map 1 Winner,Legacy|FURIA,Legacy,2026-09-10T09:00:00Z,2026-09-10T17:00:00Z,2026-09-10T10:35:27Z,1287.16,2026-09-10T09:00:00Z,2026-09-10T10:35:27Z,history-396b7f7a-520d-5c17-a121-29425d0cb2c2-compact.parquet
4f2d7976-0af5-57d8-aff6-19abbe7c53fb,0x490fbdff2cccdc81a7767c7d44e8910dd475960dba5225759da53f93d2a7e76d,counter-strike,Counter-Strike: FlyQuest vs Finishers (BO3) - PGL Masters Bucharest: Oceanic Qualifier Playoffs,moneyline,Counter-Strike: FlyQuest vs Finishers (BO3) - PGL Masters Bucharest: Oceanic Qualifier Playoffs,FlyQuest|Finishers,FlyQuest,2026-09-10T09:00:00Z,2026-09-10T17:00:00Z,2026-09-10T12:33:57Z,119.44,2026-09-10T09:00:00Z,2026-09-10T12:33:43Z,history-4f2d7976-0af5-57d8-aff6-19abbe7c53fb-compact.parquet
5203c8b2-e4b3-5f4b-ad77-6157cf7d1315,0x8e81b4ebb9a0c966ea03665218aa4879ee6e8c0798c3ba2e43d0f624974645b1,counter-strike,Counter-Strike: MIBR vs BetBoom Team (BO3) - FISSURE PLAYGROUND Group A,spread:map2,Map 2 Rounds Handicap: BetBoom Team (-3.5) vs MIBR (+3.5),BetBoom Team|MIBR,MIBR,2026-09-10T09:00:00Z,2026-09-10T17:00:00Z,2026-09-10T13:36:09Z,0.00,2026-09-10T09:00:00Z,2026-09-10T13:35:58Z,history-5203c8b2-e4b3-5f4b-ad77-6157cf7d1315-compact.parquet
660905b3-7463-5988-9f27-a10ed478a7b7,0x5be45c404919753d018166efe4f871fd8be0692a81ca712fd8ebc0218984ded5,counter-strike,Counter-Strike: MIBR vs BetBoom Team (BO3) - FISSURE PLAYGROUND Group A,rest,Map 2 Total Rounds: Over/Under 21.5,Over|Under,Over,2026-09-10T09:00:00Z,2026-09-10T17:00:00Z,2026-09-10T13:36:13Z,0.00,2026-09-10T09:00:00Z,2026-09-10T13:36:06Z,history-660905b3-7463-5988-9f27-a10ed478a7b7-compact.parquet
6804a42a-0efc-51b3-a6c2-357cab62056c,0x2ecbc9999289d767d9d3bd6156e460935eb359a30bdd55c6ca11a73d3152823f,counter-strike,Counter-Strike: Legacy vs FURIA (BO3) - FISSURE PLAYGROUND Group B,spread:map1,Map 1 Rounds Handicap: FURIA (-3.5) vs Legacy (+3.5),FURIA|Legacy,Legacy,2026-09-10T09:00:00Z,2026-09-10T17:00:00Z,2026-09-10T10:36:26Z,47.91,2026-09-10T09:00:00Z,2026-09-10T10:35:25Z,history-6804a42a-0efc-51b3-a6c2-357cab62056c-compact.parquet
6eb927cf-0ff5-55b9-b6c3-1f132b6e18b6,0x0e59036a88ee2dacae47275f5c5d0e93c6741b5ee76eeeec558fd80b11b1175c,counter-strike,Counter-Strike: Legacy vs FURIA (BO3) - FISSURE PLAYGROUND Group B,rest,Map 2 Total Rounds: Over/Under 21.5,Over|Under,Over,2026-09-10T09:00:00Z,2026-09-10T17:00:00Z,2026-09-10T11:35:43Z,0.00,2026-09-10T09:00:00Z,2026-09-10T11:34:29Z,history-6eb927cf-0ff5-55b9-b6c3-1f132b6e18b6-compact.parquet
72d45e7f-bccb-5f54-a534-8b60a3670f31,0x0e72d43793fc2566f42b2f5a32db90cc31a08714ed01bc6ea8b2edeb13179307,counter-strike,Counter-Strike: Legacy vs FURIA (BO3) - FISSURE PLAYGROUND Group B,segment_winner:map2,Counter-Strike: Legacy vs FURIA - Map 2 Winner,Legacy|FURIA,Legacy,2026-09-10T09:00:00Z,2026-09-10T17:00:00Z,2026-09-10T11:35:42Z,19805.45,2026-09-10T09:00:00Z,2026-09-10T11:34:55Z,history-72d45e7f-bccb-5f54-a534-8b60a3670f31-compact.parquet
80b8b885-d86c-5cde-8738-c80d7d71d36a,0x34dfd25afe0979b902e340487fa42c02e175df505fbf0ee8a1355a849f12c980,counter-strike,Counter-Strike: Legacy vs FURIA (BO3) - FISSURE PLAYGROUND Group B,spread:map2,Map 2 Rounds Handicap: FURIA (-3.5) vs Legacy (+3.5),FURIA|Legacy,Legacy,2026-09-10T09:00:00Z,2026-09-10T17:00:00Z,2026-09-10T11:35:43Z,54.05,2026-09-10T09:00:00Z,2026-09-10T11:34:47Z,history-80b8b885-d86c-5cde-8738-c80d7d71d36a-compact.parquet
8614268a-7dde-503e-bb52-4d4d362610b4,0x03d6ea0ebea4043829436f539c7c31a3bf53824f9e4ad4dfaad17f3e709f2dda,counter-strike,Counter-Strike: MIBR vs BetBoom Team (BO3) - FISSURE PLAYGROUND Group A,segment_winner:map1,Counter-Strike: MIBR vs BetBoom Team - Map 1 Winner,MIBR|BetBoom Team,BetBoom Team,2026-09-10T09:00:00Z,2026-09-10T17:00:00Z,2026-09-10T12:13:26Z,933.59,2026-09-10T09:00:00Z,2026-09-10T12:13:25Z,history-8614268a-7dde-503e-bb52-4d4d362610b4-compact.parquet
96c015d8-acfe-5757-90c3-1682e7ee052e,0x4aae44d5abbed37e9b7094b101b5ecb374b0a67d2cb4413d3c169764a9ac5dcc,counter-strike,Counter-Strike: Legacy vs FURIA (BO3) - FISSURE PLAYGROUND Group B,rest,Games Total: O/U 2.5,Over|Under,Under,2026-09-10T09:00:00Z,2026-09-10T17:00:00Z,2026-09-10T11:40:27Z,366.20,2026-09-10T09:00:00Z,2026-09-10T11:40:08Z,history-96c015d8-acfe-5757-90c3-1682e7ee052e-compact.parquet
bb4dabb2-0177-53d4-a258-60c7e3e9ee6e,0x3d1d9b1975d3fe246dce41c3b4492138dbd3f8ec2a0faecd523459be1a54218d,counter-strike,Counter-Strike: Legacy vs FURIA (BO3) - FISSURE PLAYGROUND Group B,rest,Map 1 Total Rounds: Over/Under 21.5,Over|Under,Under,2026-09-10T09:00:00Z,2026-09-10T17:00:00Z,2026-09-10T10:36:26Z,0.00,2026-09-10T09:00:00Z,2026-09-10T10:35:47Z,history-bb4dabb2-0177-53d4-a258-60c7e3e9ee6e-compact.parquet
bdecf9e8-97d2-5585-9fb6-76dca7aada93,0x2a655ededfef690f69c8b75feaeef377c2355a87cfe725b8e0309cf4258e0977,counter-strike,Counter-Strike: Legacy vs FURIA (BO3) - FISSURE PLAYGROUND Group B,spread,Map Handicap: FURIA (-1.5) vs Legacy (+1.5),FURIA|Legacy,Legacy,2026-09-10T09:00:00Z,2026-09-10T17:00:00Z,2026-09-10T11:35:42Z,10119.71,2026-09-10T09:00:00Z,2026-09-10T11:34:41Z,history-bdecf9e8-97d2-5585-9fb6-76dca7aada93-compact.parquet
dc50ecc2-aad7-5c2e-b8f5-d70f6a2c3671,0x8645eac29d83a4a11071b10f21ceae2be597831cdfd4ce9a2af085fe5fe3779f,counter-strike,Counter-Strike: MIBR vs BetBoom Team (BO3) - FISSURE PLAYGROUND Group A,spread:map3,Map 3 Rounds Handicap: BetBoom Team (-3.5) vs MIBR (+3.5),BetBoom Team|MIBR,"BetBoom Team: 0.5, MIBR: 0.5",2026-09-10T09:00:00Z,2026-09-10T17:00:00Z,2026-09-10T13:36:09Z,0.00,2026-09-10T09:01:50Z,2026-09-10T13:35:35Z,history-dc50ecc2-aad7-5c2e-b8f5-d70f6a2c3671-compact.parquet
dec74f71-df8b-5720-b93a-136b8e814567,0x92d4a582d72b73a18b1d9a1efd900918dd4cd71a4ad274853bd77e84b6e05db7,counter-strike,Counter-Strike: MIBR vs BetBoom Team (BO3) - FISSURE PLAYGROUND Group A,segment_winner:map2,Counter-Strike: MIBR vs BetBoom Team - Map 2 Winner,MIBR|BetBoom Team,BetBoom Team,2026-09-10T09:00:00Z,2026-09-10T17:00:00Z,2026-09-10T13:36:09Z,350.16,2026-09-10T09:00:00Z,2026-09-10T13:35:45Z,history-dec74f71-df8b-5720-b93a-136b8e814567-compact.parquet
6bd993bc-51a9-585e-9378-027dfe0e4be7,0x6f91524ae230f3ae45625620d84aa0a509380974b1c118ba2aacd2bdd31d111c,counter-strike,Counter-Strike: Legacy vs FURIA (BO3) - FISSURE PLAYGROUND Group B,spread:map3,Map 3 Rounds Handicap: FURIA (-3.5) vs Legacy (+3.5),FURIA|Legacy,"FURIA: 0.5, Legacy: 0.5",2026-09-10T09:10:00Z,2026-09-10T17:10:00Z,2026-09-10T11:38:28Z,0.00,2026-09-10T10:00:35Z,2026-09-10T11:38:28Z,history-6bd993bc-51a9-585e-9378-027dfe0e4be7-compact.parquet
948c98c7-7945-5286-a3d6-08ac582dfcb0,0x1fdfb8ebbd84e9de75b83cffc434a8b6ee52d82b3431bad840f6afc2b2711391,counter-strike,Counter-Strike: Legacy vs FURIA (BO3) - FISSURE PLAYGROUND Group B,rest,Map 3 Total Rounds: Over/Under 21.5,Over|Under,"Over: 0.5, Under: 0.5",2026-09-10T09:10:00Z,2026-09-10T17:10:00Z,2026-09-10T11:43:13Z,0.00,2026-09-10T10:01:55Z,2026-09-10T11:43:13Z,history-948c98c7-7945-5286-a3d6-08ac582dfcb0-compact.parquet
b1b76194-3a29-5bb8-9bbd-7df047302967,0x194ba763ec96d42eb037078980d4638f0e5eca03e02d08ac46802e90dbe1c98d,counter-strike,Counter-Strike: Legacy vs FURIA (BO3) - FISSURE PLAYGROUND Group B,spread,Map Handicap: LGC (-1.5) vs FURIA (+1.5),Legacy|FURIA,Legacy,2026-09-10T09:10:00Z,2026-09-10T17:10:00Z,2026-09-10T11:35:43Z,0.00,2026-09-10T09:36:32Z,2026-09-10T11:34:44Z,history-b1b76194-3a29-5bb8-9bbd-7df047302967-compact.parquet
44c66d32-8f3d-54a6-bd07-f1a63b10a2c0,0x2556a47f00c748a49661cffd29d48637f70facd37facf97ee305365a46e927a1,counter-strike,Counter-Strike: FlyQuest vs Finishers (BO3) - PGL Masters Bucharest: Oceanic Qualifier Playoffs,spread,Map Handicap: FLY (-1.5) vs Finishers (+1.5),FlyQuest|Finishers,FlyQuest,2026-09-10T09:20:00Z,2026-09-10T17:20:00Z,2026-09-10T12:33:57Z,0.00,2026-09-10T10:49:25Z,2026-09-10T12:32:58Z,history-44c66d32-8f3d-54a6-bd07-f1a63b10a2c0-compact.parquet
6d34edbf-6cb0-54c2-8636-bc062f7b5a9b,0xab93733628b56038e7b4a2f09bd2bb0eeed1bce98fd0765647bdf0b04bbac188,counter-strike,Counter-Strike: FlyQuest vs Finishers (BO3) - PGL Masters Bucharest: Oceanic Qualifier Playoffs,segment_winner:map2,Counter-Strike: FlyQuest vs Finishers - Map 2 Winner,FlyQuest|Finishers,FlyQuest,2026-09-10T09:20:00Z,2026-09-10T17:20:00Z,2026-09-10T12:33:56Z,118.95,2026-09-10T10:49:25Z,2026-09-10T12:32:53Z,history-6d34edbf-6cb0-54c2-8636-bc062f7b5a9b-compact.parquet
91282771-6266-58a6-8b13-30f8db3f964e,0x738b49deb5d46b099753afa0c3d0db25ffc6a950158ea554570dbdf9e4b5db76,counter-strike,Counter-Strike: FlyQuest vs Finishers (BO3) - PGL Masters Bucharest: Oceanic Qualifier Playoffs,segment_winner:map1,Counter-Strike: FlyQuest vs Finishers - Map 1 Winner,FlyQuest|Finishers,FlyQuest,2026-09-10T09:20:00Z,2026-09-10T17:20:00Z,2026-09-10T11:37:25Z,26.82,2026-09-10T09:48:57Z,2026-09-10T11:37:08Z,history-91282771-6266-58a6-8b13-30f8db3f964e-compact.parquet
d76d66ae-a1c7-54ce-be25-1ed620273240,0xf252425a86b1b2abfd650dde2a406c1b614c5c181f23d301a73911ab356426b6,counter-strike,Counter-Strike: FlyQuest vs Finishers (BO3) - PGL Masters Bucharest: Oceanic Qualifier Playoffs,rest,Games Total: O/U 2.5,Over|Under,Under,2026-09-10T09:20:00Z,2026-09-10T17:20:00Z,2026-09-10T12:33:57Z,0.00,2026-09-10T10:49:25Z,2026-09-10T12:33:36Z,history-d76d66ae-a1c7-54ce-be25-1ed620273240-compact.parquet
7c43c4f0-91ed-5d2c-887a-ba76d5c3a456,0x772c3160c38278fc83a974ad93e663b7fe32d52589738e40ddfb6f007232a0a1,counter-strike,Counter-Strike: Gothboiclique vs REVENIX (BO1) - Roman Imperium Cup Group A,moneyline,Counter-Strike: Gothboiclique vs REVENIX (BO1) - Roman Imperium Cup Group A,Gothboiclique|REVENIX,REVENIX,2026-09-10T09:45:00Z,2026-09-10T17:45:00Z,2026-09-10T17:33:24Z,3262.65,2026-09-10T10:25:29Z,2026-09-10T17:32:43Z,history-7c43c4f0-91ed-5d2c-887a-ba76d5c3a456-compact.parquet
f515d722-557f-5f51-8dff-de5d9ae7dc6e,0x0f3721ddcbe0b6b5e3e55adc8b9601e85ca55858a857c2865f9421034def16de,counter-strike,Counter-Strike: largadosypelados vs maybe (BO1) - Roman Imperium Cup Group A,moneyline,Counter-Strike: largadosypelados vs maybe (BO1) - Roman Imperium Cup Group A,largadosypelados|maybe,maybe,2026-09-10T09:45:00Z,2026-09-10T17:45:00Z,2026-09-10T17:32:07Z,4715.55,2026-09-10T10:37:03Z,2026-09-10T17:31:29Z,history-f515d722-557f-5f51-8dff-de5d9ae7dc6e-compact.parquet
7d9151bf-5e0f-5050-9a67-7374e67f9033,0x19452ceac15f4cd4855c67963d8c78e6087154a21f4e483eb6a160e87685af8f,counter-strike,Counter-Strike: TEIKO vs Matrix (BO1) - Roman Imperium Cup Group A,moneyline,Counter-Strike: TEIKO vs Matrix (BO1) - Roman Imperium Cup Group A,TEIKO|Matrix,Matrix,2026-09-10T10:00:00Z,2026-09-10T18:00:00Z,2026-09-10T17:32:08Z,2731.10,2026-09-10T10:49:25Z,2026-09-10T17:31:10Z,history-7d9151bf-5e0f-5050-9a67-7374e67f9033-compact.parquet
18363cc5-88fb-5cbc-ae85-14f2efc19517,0xa37c9321da698327015e40b57b5f1bf99ee0465d0a55e203d8c15ee85f0e72cc,counter-strike,Counter-Strike: TEIKO vs REVENIX (BO1) - Roman Imperium Cup Group A,moneyline,Counter-Strike: TEIKO vs REVENIX (BO1) - Roman Imperium Cup Group A,TEIKO|REVENIX,REVENIX,2026-09-10T10:30:00Z,2026-09-10T18:30:00Z,2026-09-10T17:34:26Z,67.21,2026-09-10T10:30:00Z,2026-09-10T17:33:12Z,history-18363cc5-88fb-5cbc-ae85-14f2efc19517-compact.parquet
44241cae-b37f-586d-8de1-525ebc04cb80,0xda83978e40404c5e830d6229e0d9a9b3879511af521c5f2825856b69f16f0026,counter-strike,Counter-Strike: SINQU Rehti vs ENCE Prospects (BO3) - United21 Group A,moneyline,Counter-Strike: SINQU Rehti vs ENCE Prospects (BO3) - United21 Group A,SINQU Rehti|ENCE Prospects,ENCE Prospects,2026-09-10T10:30:00Z,2026-09-10T18:30:00Z,2026-09-10T16:07:07Z,3074.45,2026-09-10T10:49:25Z,2026-09-10T16:06:35Z,history-44241cae-b37f-586d-8de1-525ebc04cb80-compact.parquet
ccfaab11-ce2a-5832-8771-bede1e026ac5,0xfa15ab8dbee73d09e50dbc3e4d55fbdc8ba73f77fed155a4dcc2768a07219d49,counter-strike,Counter-Strike: Revenge vs Legion (BO3) - PGL Masters Bucharest: West Asian Qualifier Playoffs,moneyline,Counter-Strike: Revenge vs Legion (BO3) - PGL Masters Bucharest: West Asian Qualifier Playoffs,Revenge|Legion,Revenge,2026-09-10T10:30:00Z,2026-09-10T18:30:00Z,2026-09-10T18:44:09Z,0.00,2026-09-10T10:30:00Z,2026-09-10T18:44:09Z,history-ccfaab11-ce2a-5832-8771-bede1e026ac5-compact.parquet
1056ea05-2239-5852-ad93-3631bf28de65,0x16e88020a3be9541e7ad21f21c41d119dc3bb6f0dcbe5e8d77d873164239a1f7,counter-strike,Counter-Strike: MIBR vs BetBoom Team (BO3) - FISSURE PLAYGROUND Group A,spread,Map Handicap: MIBR (-1.5) vs BetBoom Team (+1.5),MIBR|BetBoom Team,BetBoom Team,2026-09-10T10:40:00Z,2026-09-10T18:40:00Z,2026-09-10T13:36:13Z,0.00,2026-09-10T11:24:26Z,2026-09-10T13:35:31Z,history-1056ea05-2239-5852-ad93-3631bf28de65-compact.parquet
2db79b3e-4489-5067-a8ab-24fd7971f626,0xf92df9ecf64f0b04c70d911f937c55882a63940afe31fc8575484f9ff2b77465,counter-strike,Counter-Strike: SINQU Rehti vs ENCE Prospects (BO3) - United21 Group A,segment_winner:map2,Counter-Strike: SINQU Rehti vs ENCE Prospects - Map 2 Winner,SINQU Rehti|ENCE Prospects,ENCE Prospects,2026-09-10T10:40:00Z,2026-09-10T18:40:00Z,2026-09-10T16:07:07Z,2276.31,2026-09-10T12:14:53Z,2026-09-10T16:06:49Z,history-2db79b3e-4489-5067-a8ab-24fd7971f626-compact.parquet
4300cd5f-14ae-5eab-9967-adbec1f1ebe3,0x319453b78453657ba76a55ab39729cf7af35644f708e12705c0b1e3c11c28627,counter-strike,Counter-Strike: MIBR vs BetBoom Team (BO3) - FISSURE PLAYGROUND Group A,rest,Map 3 Total Rounds: Over/Under 21.5,Over|Under,"Over: 0.5, Under: 0.5",2026-09-10T10:40:00Z,2026-09-10T18:40:00Z,2026-09-10T13:36:13Z,0.00,2026-09-10T12:01:49Z,2026-09-10T13:36:13Z,history-4300cd5f-14ae-5eab-9967-adbec1f1ebe3-compact.parquet
fd4e70f4-3ad3-582c-a0ac-d9f09e3e00e0,0x2d5169202be2ba3e1e1e69e1244531d0f869e3f9c981750c07e4cd93b34686f6,counter-strike,Counter-Strike: SINQU Rehti vs ENCE Prospects (BO3) - United21 Group A,segment_winner:map1,Counter-Strike: SINQU Rehti vs ENCE Prospects - Map 1 Winner,SINQU Rehti|ENCE Prospects,ENCE Prospects,2026-09-10T10:40:00Z,2026-09-10T18:40:00Z,2026-09-10T16:07:07Z,222.90,2026-09-10T11:01:14Z,2026-09-10T16:06:48Z,history-fd4e70f4-3ad3-582c-a0ac-d9f09e3e00e0-compact.parquet
ffb0c502-0b03-5baa-a364-354a5f21af7d,0xff4388000049ce677a077a06ce194fabb01ed3956f773752f6f40673b9f9724b,counter-strike,Counter-Strike: SINQU Rehti vs ENCE Prospects (BO3) - United21 Group A,rest,Games Total: O/U 2.5,Over|Under,Under,2026-09-10T10:40:00Z,2026-09-10T18:40:00Z,2026-09-10T16:07:07Z,0.00,2026-09-10T12:14:53Z,2026-09-10T16:06:18Z,history-ffb0c502-0b03-5baa-a364-354a5f21af7d-compact.parquet
0cd31ed7-88ab-5477-bacc-d273429698ee,0x911eb3bd9cdc34e5ef2d011d52cf499976635427c196574ccf71b2952adb45d7,counter-strike,Counter-Strike: Revenge vs Legion (BO3) - PGL Masters Bucharest: West Asian Qualifier Playoffs,segment_winner:map1,Counter-Strike: Revenge vs Legion - Map 1 Winner,Revenge|Legion,Revenge,2026-09-10T10:45:00Z,2026-09-10T18:45:00Z,2026-09-10T13:49:52Z,987.46,2026-09-10T12:01:49Z,2026-09-10T13:48:48Z,history-0cd31ed7-88ab-5477-bacc-d273429698ee-compact.parquet
0133350f-5a9b-55a3-bc99-3aa99add3ca2,0xef7f546ed651cd3d45f475ec16c8e10d62a3a6c29ff1acb986846f61cc7eaa8a,counter-strike,Counter-Strike: Wildcard vs EYEBALLERS (BO3) - Thunderpick World Championship Closed Qualifier Group B,spread,Map Handicap: EYE (-1.5) vs Wildcard (+1.5),EYEBALLERS|Wildcard,Wildcard,2026-09-10T11:00:00Z,2026-09-10T19:00:00Z,2026-09-10T14:03:25Z,3508.21,2026-09-10T11:00:00Z,2026-09-10T14:02:47Z,history-0133350f-5a9b-55a3-bc99-3aa99add3ca2-compact.parquet
04eeabc0-c978-56aa-a927-e928ae71a965,0xb3958dc39efbcfe4bd3e09b138ffb8bf298fc15e82e3a90c685ca04bb4f27acd,counter-strike,Counter-Strike: Leo Team vs UNiTY esports (BO3) - CCT Europe Series #8 Group Stage,rest,Games Total: O/U 2.5,Over|Under,Under,2026-09-10T11:00:00Z,2026-09-10T19:00:00Z,2026-09-10T13:35:41Z,9.10,2026-09-10T11:00:00Z,2026-09-10T13:35:10Z,history-04eeabc0-c978-56aa-a927-e928ae71a965-compact.parquet
23ee7950-e973-516e-9e3d-cbc9bece2776,0xeee39501fc013c8b445c864318cbe13b458ceab35e1700c84960473f92d4999c,counter-strike,Counter-Strike: Sinners vs Nuclear TigeRES (BO3) - 1win Private Club #1: Closed Qualifier Playoffs,moneyline,Counter-Strike: Sinners vs Nuclear TigeRES (BO3) - 1win Private Club #1: Closed Qualifier Playoffs,Sinners|Nuclear TigeRES,Sinners,2026-09-10T11:00:00Z,2026-09-10T19:00:00Z,2026-09-10T15:07:11Z,112114.56,2026-09-10T11:00:00Z,2026-09-10T15:07:11Z,history-23ee7950-e973-516e-9e3d-cbc9bece2776-compact.parquet
31857a60-6bfc-592c-8bab-cfbd4ebd7465,0x2843265e657d725f954c2132337b2fa7abc866c8f1452b91b4c91cceaaf93449,counter-strike,Counter-Strike: Leo Team vs UNiTY esports (BO3) - CCT Europe Series #8 Group Stage,spread,Map Handicap: Leo (-1.5) vs UNiTY esports (+1.5),Leo Team|UNiTY esports,Leo Team,2026-09-10T11:00:00Z,2026-09-10T19:00:00Z,2026-09-10T13:35:40Z,10.68,2026-09-10T13:15:06Z,2026-09-10T13:35:31Z,history-31857a60-6bfc-592c-8bab-cfbd4ebd7465-compact.parquet
352e0477-61d5-5904-b740-1310c1457cee,0xfe015aa1dd9a4b7b587dd400cad9c6f74ff240b01d6370722e686140a2319268,counter-strike,Counter-Strike: Wildcard vs EYEBALLERS (BO3) - Thunderpick World Championship Closed Qualifier Group B,rest,Games Total: O/U 2.5,Over|Under,Over,2026-09-10T11:00:00Z,2026-09-10T19:00:00Z,2026-09-10T14:03:24Z,15.68,2026-09-10T11:00:00Z,2026-09-10T14:02:50Z,history-352e0477-61d5-5904-b740-1310c1457cee-compact.parquet
36949ad1-5ee1-5b1d-a580-331b0f3f28f5,0x23f2e36615cc4cc9d01beb9d6e2f196d1cd4ad4ccd1ee755c2a7604a19c8da2a,counter-strike,Counter-Strike: HOTU vs Team Nemesis (BO3) - Thunderpick World Championship Closed Qualifier Group B,rest,Map 2 Total Rounds: Over/Under 21.5,Over|Under,Under,2026-09-10T11:00:00Z,2026-09-10T19:00:00Z,2026-09-10T13:54:52Z,0.00,2026-09-10T11:00:00Z,2026-09-10T13:53:40Z,history-36949ad1-5ee1-5b1d-a580-331b0f3f28f5-compact.parquet
39129daa-2484-55bf-8de2-619ac24f69f0,0x330951f2a8adf446bb2bf49cd22e82f4d6984089966ed5c006d4b6f0ddbd5243,counter-strike,Counter-Strike: Sinners vs Nuclear TigeRES (BO3) - 1win Private Club #1: Closed Qualifier Playoffs,segment_winner:map1,Counter-Strike: Sinners vs Nuclear TigeRES - Map 1 Winner,Sinners|Nuclear TigeRES,Nuclear TigeRES,2026-09-10T11:00:00Z,2026-09-10T19:00:00Z,2026-09-10T12:57:26Z,421.53,2026-09-10T11:00:00Z,2026-09-10T12:56:43Z,history-39129daa-2484-55bf-8de2-619ac24f69f0-compact.parquet
3d61745f-8748-50dd-a769-04e30cae2035,0x0bcb347162c7bf83fa5a013a59498b6537fb3fd85914faa87ca23d81a5d2f8ed,counter-strike,Counter-Strike: HOTU vs Team Nemesis (BO3) - Thunderpick World Championship Closed Qualifier Group B,spread,Map Handicap: HOTU (-1.5) vs Team Nemesis (+1.5),HOTU|Team Nemesis,Team Nemesis,2026-09-10T11:00:00Z,2026-09-10T19:00:00Z,2026-09-10T14:47:48Z,462.69,2026-09-10T11:00:00Z,2026-09-10T14:46:16Z,history-3d61745f-8748-50dd-a769-04e30cae2035-compact.parquet
49fbc7e5-17ca-5887-b3ae-f030f0bddca8,0xdc6bdb14dc431f538c78a608ce45fc0d7fc8950d2cda6e7581ace3a012d4d8ec,counter-strike,Counter-Strike: Bebop vs WBT Academy (BO3) - NODWIN Clutch Series Play-In Group D,moneyline,Counter-Strike: Bebop vs WBT Academy (BO3) - NODWIN Clutch Series Play-In Group D,Bebop|WBT Academy,Bebop,2026-09-10T11:00:00Z,2026-09-10T19:00:00Z,2026-09-10T17:01:24Z,588.91,2026-09-10T11:00:00Z,2026-09-10T17:00:11Z,history-49fbc7e5-17ca-5887-b3ae-f030f0bddca8-compact.parquet
4a9d2ee4-ceab-5596-9a40-3ccba9f66087,0x8790c02e46eead28da0e2984423f08f80008bd693d4d5325a08d55228c5197c6,counter-strike,Counter-Strike: Noir Verse vs ex-Zero Tenacity (BO3) - CCT Europe Challengers Series Playoffs,segment_winner:map2,Counter-Strike: Noir Verse vs ex-Zero Tenacity - Map 2 Winner,Noir Verse|ex-Zero Tenacity,Noir Verse,2026-09-10T11:00:00Z,2026-09-10T19:00:00Z,2026-09-10T14:42:11Z,1717.11,2026-09-10T12:50:15Z,2026-09-10T14:42:11Z,history-4a9d2ee4-ceab-5596-9a40-3ccba9f66087-compact.parquet
560531eb-9be5-5dbf-b420-c0e4b203c2bb,0x2d8cf51aa01fa42146ac19d87b6e187dc2702197b5886ca07b9a1409b362f501,counter-strike,Counter-Strike: Wildcard vs EYEBALLERS (BO3) - Thunderpick World Championship Closed Qualifier Group B,rest,Counter-Strike: Wildcard vs EYEBALLERS (BO3) - Thunderpick World Championship Closed Qualifier Group B,Wildcard|EYEBALLERS,Wildcard,2026-09-10T11:00:00Z,2026-09-10T19:00:00Z,2026-09-10T14:03:24Z,139426.37,2026-09-10T11:00:00Z,2026-09-10T14:03:24Z,history-560531eb-9be5-5dbf-b420-c0e4b203c2bb-compact.parquet
5f008de7-2214-5a31-9969-1df10b261c4a,0x25c875293e49d4c2d74108cd453777ea0741eb56fa04649f813e9be8658a3b61,counter-strike,Counter-Strike: HOTU vs Team Nemesis (BO3) - Thunderpick World Championship Closed Qualifier Group B,segment_winner:map1,Counter-Strike: HOTU vs Team Nemesis - Map 1 Winner,HOTU|Team Nemesis,Team Nemesis,2026-09-10T11:00:00Z,2026-09-10T19:00:00Z,2026-09-10T12:55:26Z,0.00,2026-09-10T11:00:00Z,2026-09-10T12:54:44Z,history-5f008de7-2214-5a31-9969-1df10b261c4a-compact.parquet
68e7e590-2469-5ab3-947c-f1c5aa7ab7b6,0x33a0a75ab3b41c24c76381540ba01835824f34893745e1ee5e968fabb79acb2c,counter-strike,Counter-Strike: Leo Team vs UNiTY esports (BO3) - CCT Europe Series #8 Group Stage,segment_winner:map1,Counter-Strike: Leo Team vs UNiTY esports - Map 1 Winner,Leo Team|UNiTY esports,Leo Team,2026-09-10T11:00:00Z,2026-09-10T19:00:00Z,2026-09-10T12:37:42Z,175.21,2026-09-10T11:36:11Z,2026-09-10T12:37:24Z,history-68e7e590-2469-5ab3-947c-f1c5aa7ab7b6-compact.parquet
6955a694-90f5-5aee-bf5d-3d9c63e2e77a,0xe5f9cf63dfc36d9d8d09db70fae97607ca34abc16df6deadd21317b6296c88e5,counter-strike,Counter-Strike: Wildcard vs EYEBALLERS (BO3) - Thunderpick World Championship Closed Qualifier Group B,rest,Map 3 Total Rounds: Over/Under 21.5,Over|Under,Under,2026-09-10T11:00:00Z,2026-09-10T19:00:00Z,2026-09-10T14:03:26Z,0.00,2026-09-10T11:00:00Z,2026-09-10T14:02:55Z,history-6955a694-90f5-5aee-bf5d-3d9c63e2e77a-compact.parquet
6e932126-699f-55eb-8245-86400f438096,0xd19ae1871056a76787accaf5df34b3946105eeeec4f765a86a39ba654ecb1f05,counter-strike,Counter-Strike: Wildcard vs EYEBALLERS (BO3) - Thunderpick World Championship Closed Qualifier Group B,rest,Map 1 Total Rounds: Over/Under 21.5,Over|Under,Under,2026-09-10T11:00:00Z,2026-09-10T19:00:00Z,2026-09-10T12:13:26Z,0.00,2026-09-10T11:00:00Z,2026-09-10T12:12:46Z,history-6e932126-699f-55eb-8245-86400f438096-compact.parquet
70af9499-0d57-5661-9787-19736d4f170a,0xcdc463e09993d00211ac53558e7cb9c81bab54567eaf4706d3c3a49a33bbcf2a,counter-strike,Counter-Strike: NIP vs Inner Circle Esports (BO3) - PGL Masters Bucharest: European Qualifier Playoffs,segment_winner:map2,Counter-Strike: NIP vs Inner Circle Esports - Map 2 Winner,NIP|Inner Circle Esports,Inner Circle Esports,2026-09-10T11:00:00Z,2026-09-10T19:00:00Z,2026-09-10T14:16:24Z,0.00,2026-09-10T11:12:49Z,2026-09-10T14:15:29Z,history-70af9499-0d57-5661-9787-19736d4f170a-compact.parquet
71a17cbb-f26c-5096-9e4e-d47f3a45792e,0xbc287f1795a94886cdb6da566a7e4b8b8c2d81e66d84126eabdabf9b8fa21538,counter-strike,Counter-Strike: Wildcard vs EYEBALLERS (BO3) - Thunderpick World Championship Closed Qualifier Group B,segment_winner:map1,Counter-Strike: Wildcard vs EYEBALLERS - Map 1 Winner,Wildcard|EYEBALLERS,EYEBALLERS,2026-09-10T11:00:00Z,2026-09-10T19:00:00Z,2026-09-10T12:13:26Z,73.00,2026-09-10T11:00:00Z,2026-09-10T12:12:25Z,history-71a17cbb-f26c-5096-9e4e-d47f3a45792e-compact.parquet
7e2ed837-6126-5a69-8cff-6bd962e931c7,0x5213812379888a7341e8ef43280929cb1574fe39fd684ea713ba119b07ad8548,counter-strike,Counter-Strike: Noir Verse vs ex-Zero Tenacity (BO3) - CCT Europe Challengers Series Playoffs,rest,Games Total: O/U 2.5,Over|Under,Over,2026-09-10T11:00:00Z,2026-09-10T19:00:00Z,2026-09-10T16:13:28Z,0.00,2026-09-10T12:51:24Z,2026-09-10T16:12:33Z,history-7e2ed837-6126-5a69-8cff-6bd962e931c7-compact.parquet
7f9d318e-13f9-5055-987b-1a2f8a5aca1a,0xa56db59963f8a295bc9ad4037cdd5e8082220807889e1565f4539dae25a11d23,counter-strike,Counter-Strike: NIP vs Inner Circle Esports (BO3) - PGL Masters Bucharest: European Qualifier Playoffs,segment_winner:map1,Counter-Strike: NIP vs Inner Circle Esports - Map 1 Winner,NIP|Inner Circle Esports,NIP,2026-09-10T11:00:00Z,2026-09-10T19:00:00Z,2026-09-10T13:06:10Z,9.26,2026-09-10T11:12:49Z,2026-09-10T13:04:59Z,history-7f9d318e-13f9-5055-987b-1a2f8a5aca1a-compact.parquet
833c8141-758e-5cee-8739-bc0fc5731a15,0xa26859bf917ebcb0fe46d6ebfaae5d737e7063152345f141fe9a30ace6eea091,counter-strike,Counter-Strike: Sinners vs Nuclear TigeRES (BO3) - 1win Private Club #1: Closed Qualifier Playoffs,segment_winner:map2,Counter-Strike: Sinners vs Nuclear TigeRES - Map 2 Winner,Sinners|Nuclear TigeRES,Sinners,2026-09-10T11:00:00Z,2026-09-10T19:00:00Z,2026-09-10T13:58:12Z,0.00,2026-09-10T11:00:00Z,2026-09-10T13:57:14Z,history-833c8141-758e-5cee-8739-bc0fc5731a15-compact.parquet
842608ca-93d2-5d3e-95f3-2dfe703ece93,0x19a3676cab23dfe1f786feae61b229771e91275a302c04e2931d20387a076d0a,counter-strike,Counter-Strike: Wildcard vs EYEBALLERS (BO3) - Thunderpick World Championship Closed Qualifier Group B,spread,Map Handicap: WC (-1.5) vs EYEBALLERS (+1.5),Wildcard|EYEBALLERS,EYEBALLERS,2026-09-10T11:00:00Z,2026-09-10T19:00:00Z,2026-09-10T14:03:24Z,101.06,2026-09-10T11:00:00Z,2026-09-10T14:02:24Z,history-842608ca-93d2-5d3e-95f3-2dfe703ece93-compact.parquet
9e5fd751-003a-591f-9827-5db6698f98cf,0xf6db3bbf29415060758b25ed24980d27032d7db906ac7912e6f8a7139228673c,counter-strike,Counter-Strike: Noir Verse vs ex-Zero Tenacity (BO3) - CCT Europe Challengers Series Playoffs,segment_winner:map1,Counter-Strike: Noir Verse vs ex-Zero Tenacity - Map 1 Winner,Noir Verse|ex-Zero Tenacity,ex-Zero Tenacity,2026-09-10T11:00:00Z,2026-09-10T19:00:00Z,2026-09-10T13:45:43Z,1817.73,2026-09-10T12:01:49Z,2026-09-10T13:44:40Z,history-9e5fd751-003a-591f-9827-5db6698f98cf-compact.parquet
9fe3cb47-7c7c-52b6-bcba-bf2a7b1a0afd,0xd8c5a80d5aa4e618831382484f8bf06cde10a3923daf13624be745518156dc52,counter-strike,Counter-Strike: Sinners vs Nuclear TigeRES (BO3) - 1win Private Club #1: Closed Qualifier Playoffs,rest,Map 2 Total Rounds: Over/Under 21.5,Over|Under,Under,2026-09-10T11:00:00Z,2026-09-10T19:00:00Z,2026-09-10T13:58:12Z,0.00,2026-09-10T11:00:00Z,2026-09-10T13:57:51Z,history-9fe3cb47-7c7c-52b6-bcba-bf2a7b1a0afd-compact.parquet
aaa08361-27e6-530f-aba0-cc65864531e9,0xb5a798d70ca99993f6a846ceb00325be3f587254187ee68265d4cd3479dee402,counter-strike,Counter-Strike: HOTU vs Team Nemesis (BO3) - Thunderpick World Championship Closed Qualifier Group B,segment_winner:map2,Counter-Strike: HOTU vs Team Nemesis - Map 2 Winner,HOTU|Team Nemesis,HOTU,2026-09-10T11:00:00Z,2026-09-10T19:00:00Z,2026-09-10T13:54:52Z,0.00,2026-09-10T11:00:00Z,2026-09-10T13:54:22Z,history-aaa08361-27e6-530f-aba0-cc65864531e9-compact.parquet
abd074d6-332b-5110-a6af-1c8113d72b89,0xb3573316fe700c11bda0994155a3ab72757348da7eeef58d029fe85cb02618b6,counter-strike,Counter-Strike: Leo Team vs UNiTY esports (BO3) - CCT Europe Series #8 Group Stage,spread,Map Handicap: UNiTY (-1.5) vs Leo Team (+1.5),UNiTY esports|Leo Team,Leo Team,2026-09-10T11:00:00Z,2026-09-10T19:00:00Z,2026-09-10T13:35:40Z,0.00,2026-09-10T11:00:00Z,2026-09-10T13:35:09Z,history-abd074d6-332b-5110-a6af-1c8113d72b89-compact.parquet
b63a20e1-344d-5e6f-8774-a2eec7fc6651,0xfb3e2b7b778d810c811ffa95752521e16733fcb4e34768e881ba1763bcfad337,counter-strike,Counter-Strike: NIP vs Inner Circle Esports (BO3) - PGL Masters Bucharest: European Qualifier Playoffs,moneyline,Counter-Strike: NIP vs Inner Circle Esports (BO3) - PGL Masters Bucharest: European Qualifier Playoffs,NIP|Inner Circle Esports,Inner Circle Esports,2026-09-10T11:00:00Z,2026-09-10T19:00:00Z,2026-09-10T14:58:39Z,25176.06,2026-09-10T11:00:00Z,2026-09-10T14:58:14Z,history-b63a20e1-344d-5e6f-8774-a2eec7fc6651-compact.parquet
bd9bf2d7-c207-50d2-818a-3ff1e1348583,0xc9f926403b4d767120d9548cecff754fd94c8665b60ee7a3a4d4b5c2b72f1884,counter-strike,Counter-Strike: Leo Team vs UNiTY esports (BO3) - CCT Europe Series #8 Group Stage,segment_winner:map2,Counter-Strike: Leo Team vs UNiTY esports - Map 2 Winner,Leo Team|UNiTY esports,Leo Team,2026-09-10T11:00:00Z,2026-09-10T19:00:00Z,2026-09-10T13:35:43Z,1855.69,2026-09-10T13:15:06Z,2026-09-10T13:35:31Z,history-bd9bf2d7-c207-50d2-818a-3ff1e1348583-compact.parquet
c359d07b-aabf-5bf1-9b19-377edb55c3bc,0x271867f10edcbf43ff881d2dc355040f04f13823e9043870aa34fd40ce421441,counter-strike,Counter-Strike: HOTU vs Team Nemesis (BO3) - Thunderpick World Championship Closed Qualifier Group B,rest,Map 3 Total Rounds: Over/Under 21.5,Over|Under,Under,2026-09-10T11:00:00Z,2026-09-10T19:00:00Z,2026-09-10T19:18:42Z,0.00,2026-09-10T11:00:00Z,2026-09-10T19:18:42Z,history-c359d07b-aabf-5bf1-9b19-377edb55c3bc-compact.parquet
c535b2ab-6168-59db-b54e-5dd7b25f8d96,0xe296c5275a85bc1178b4544f31840341de8edf068dad275c56fa5a130f693982,counter-strike,Counter-Strike: Inner Circle Academy vs Fire Flux Esports (BO3) - CCT Europe Challengers Series Playoffs,rest,Games Total: O/U 2.5,Over|Under,Over,2026-09-10T11:00:00Z,2026-09-10T19:00:00Z,2026-09-10T16:27:25Z,11.45,2026-09-10T11:00:00Z,2026-09-10T16:26:37Z,history-c535b2ab-6168-59db-b54e-5dd7b25f8d96-compact.parquet
ca96e291-4881-5821-9fa6-7164b5a46584,0x41499835be0f0151aa65906592ce93f562c3d5dbc92e5955b41ad020d3eb700c,counter-strike,Counter-Strike: Sinners vs Nuclear TigeRES (BO3) - 1win Private Club #1: Closed Qualifier Playoffs,rest,Map 1 Total Rounds: Over/Under 21.5,Over|Under,Under,2026-09-10T11:00:00Z,2026-09-10T19:00:00Z,2026-09-10T12:57:26Z,0.00,2026-09-10T11:00:00Z,2026-09-10T12:56:43Z,history-ca96e291-4881-5821-9fa6-7164b5a46584-compact.parquet
cb311cf8-2e20-508e-979b-1a13776d8755,0xccaff364ca6437aec193bffd82705b3844387fa1f425e65ae69eb2a89b586dd2,counter-strike,Counter-Strike: Sinners vs Nuclear TigeRES (BO3) - 1win Private Club #1: Closed Qualifier Playoffs,rest,Map 3 Total Rounds: Over/Under 21.5,Over|Under,Over,2026-09-10T11:00:00Z,2026-09-10T19:00:00Z,2026-09-10T15:07:10Z,0.00,2026-09-10T11:00:00Z,2026-09-10T15:06:22Z,history-cb311cf8-2e20-508e-979b-1a13776d8755-compact.parquet
d737f1d2-20fb-5ac9-8360-5c88908d6bbb,0xb6f22999da3d0831d429e6611257f1899f17893aa1edda60281d3913eeef63cd,counter-strike,Counter-Strike: Bebop vs WBT Academy (BO3) - NODWIN Clutch Series Play-In Group D,spread,Map Handicap: WBT.A (-1.5) vs Bebop (+1.5),WBT Academy|Bebop,Bebop,2026-09-10T11:00:00Z,2026-09-10T19:00:00Z,2026-09-10T17:01:24Z,0.00,2026-09-10T11:00:00Z,2026-09-10T17:00:21Z,history-d737f1d2-20fb-5ac9-8360-5c88908d6bbb-compact.parquet
dc185f14-2ad8-5817-810c-9a5fe6ceae77,0x3c5628b2b089b4e5ef2b609b4eed008f9822a81bd49544b0ec55e63711636e86,counter-strike,Counter-Strike: Wildcard vs EYEBALLERS (BO3) - Thunderpick World Championship Closed Qualifier Group B,rest,Map 2 Total Rounds: Over/Under 21.5,Over|Under,Over,2026-09-10T11:00:00Z,2026-09-10T19:00:00Z,2026-09-10T13:21:09Z,0.00,2026-09-10T11:00:00Z,2026-09-10T13:20:24Z,history-dc185f14-2ad8-5817-810c-9a5fe6ceae77-compact.parquet
e2a0541a-2a38-54aa-9f62-e866885f229e,0x15fbbf35e646685ae1d103f9e36f619bb7524e3f52e08ce62bc71c79f1b37d86,counter-strike,Counter-Strike: Sinners vs Nuclear TigeRES (BO3) - 1win Private Club #1: Closed Qualifier Playoffs,rest,Games Total: O/U 2.5,Over|Under,Over,2026-09-10T11:00:00Z,2026-09-10T19:00:00Z,2026-09-10T15:07:11Z,0.00,2026-09-10T11:00:00Z,2026-09-10T15:07:00Z,history-e2a0541a-2a38-54aa-9f62-e866885f229e-compact.parquet
e64d6f66-a9c5-5092-b701-0f34a6ac902d,0x3d50a3d2e48d5f255b5672eda04ba622789f7282416e151f412bd24be12f2a38,counter-strike,Counter-Strike: HOTU vs Team Nemesis (BO3) - Thunderpick World Championship Closed Qualifier Group B,rest,Games Total: O/U 2.5,Over|Under,Over,2026-09-10T11:00:00Z,2026-09-10T19:00:00Z,2026-09-10T14:47:46Z,4.17,2026-09-10T11:00:00Z,2026-09-10T14:46:13Z,history-e64d6f66-a9c5-5092-b701-0f34a6ac902d-compact.parquet
eb358c0f-dc89-5f79-b962-ae14e3fc92bc,0xa68a8fe969fecf969c2bb84a009c4f6dc529ab9b9d1506e422bad6b86f1b141e,counter-strike,Counter-Strike: Inner Circle Academy vs Fire Flux Esports (BO3) - CCT Europe Challengers Series Playoffs,moneyline,Counter-Strike: Inner Circle Academy vs Fire Flux Esports (BO3) - CCT Europe Challengers Series Playoffs,Inner Circle Academy|Fire Flux Esports,Inner Circle Academy,2026-09-10T11:00:00Z,2026-09-10T19:00:00Z,2026-09-10T16:27:25Z,3280.93,2026-09-10T11:00:00Z,2026-09-10T16:26:59Z,history-eb358c0f-dc89-5f79-b962-ae14e3fc92bc-compact.parquet
f5a5a01a-9217-54ec-916b-1ca40fab9476,0xd2d1c4379b4193f992a09db6a4ba867dde5ab2a67c279af102b1295c78fec68f,counter-strike,Counter-Strike: Bebop vs WBT Academy (BO3) - NODWIN Clutch Series Play-In Group D,rest,Games Total: O/U 2.5,Over|Under,Over,2026-09-10T11:00:00Z,2026-09-10T19:00:00Z,2026-09-10T17:01:24Z,7.27,2026-09-10T11:00:00Z,2026-09-10T17:00:21Z,history-f5a5a01a-9217-54ec-916b-1ca40fab9476-compact.parquet
f7460bb2-72ac-5def-b4a0-06ea0c17ec09,0x9e385a452097bb3c2744e62791743a076438e0886f435e0b6a348fa635e43f10,counter-strike,Counter-Strike: HOTU vs Team Nemesis (BO3) - Thunderpick World Championship Closed Qualifier Group B,rest,Counter-Strike: HOTU vs Team Nemesis (BO3) - Thunderpick World Championship Closed Qualifier Group B,HOTU|Team Nemesis,HOTU,2026-09-10T11:00:00Z,2026-09-10T19:00:00Z,2026-09-10T19:18:42Z,103485.17,2026-09-10T11:00:00Z,2026-09-10T19:18:42Z,history-f7460bb2-72ac-5def-b4a0-06ea0c17ec09-compact.parquet
f9a77d6b-6e62-503a-b0bd-57658ff9ff35,0x61bb3500d5a1ed1331b83a35d79019888fb67c8067ee8d17e0f061c12f56a98d,counter-strike,Counter-Strike: Noir Verse vs ex-Zero Tenacity (BO3) - CCT Europe Challengers Series Playoffs,moneyline,Counter-Strike: Noir Verse vs ex-Zero Tenacity (BO3) - CCT Europe Challengers Series Playoffs,Noir Verse|ex-Zero Tenacity,ex-Zero Tenacity,2026-09-10T11:00:00Z,2026-09-10T19:00:00Z,2026-09-10T16:13:27Z,1499.69,2026-09-10T11:00:00Z,2026-09-10T16:13:03Z,history-f9a77d6b-6e62-503a-b0bd-57658ff9ff35-compact.parquet
fef92490-7d89-591f-bc5b-e40d7b9f6f95,0x54238907bc9ef2255ea91018c9841fa3c2bc293ff51caf57bd8eccd939d6d19d,counter-strike,Counter-Strike: HOTU vs Team Nemesis (BO3) - Thunderpick World Championship Closed Qualifier Group B,rest,Map 1 Total Rounds: Over/Under 21.5,Over|Under,Under,2026-09-10T11:00:00Z,2026-09-10T19:00:00Z,2026-09-10T12:55:25Z,0.00,2026-09-10T11:00:00Z,2026-09-10T12:54:46Z,history-fef92490-7d89-591f-bc5b-e40d7b9f6f95-compact.parquet
0392a71f-b276-548a-83b6-d3a1d7589092,0xaacd834ab9e6e668ad09e082f611a646549cfdd07dfe21f51abcdb0d14ed7491,counter-strike,Counter-Strike: Inner Circle Academy vs Fire Flux Esports (BO3) - CCT Europe Challengers Series Playoffs,segment_winner:map2,Counter-Strike: Inner Circle Academy vs Fire Flux Esports - Map 2 Winner,Inner Circle Academy|Fire Flux Esports,Fire Flux Esports,2026-09-10T11:10:00Z,2026-09-10T19:10:00Z,2026-09-10T14:56:12Z,708.69,2026-09-10T12:14:53Z,2026-09-10T14:56:12Z,history-0392a71f-b276-548a-83b6-d3a1d7589092-compact.parquet
145d6a51-1afa-5df6-a087-e11f95a253e9,0xd147eb0515cee691f75e8330872bd5d759b644a07eb1499f6428d614f22be6c3,counter-strike,Counter-Strike: Inner Circle Academy vs Fire Flux Esports (BO3) - CCT Europe Challengers Series Playoffs,segment_winner:map1,Counter-Strike: Inner Circle Academy vs Fire Flux Esports - Map 1 Winner,Inner Circle Academy|Fire Flux Esports,Inner Circle Academy,2026-09-10T11:10:00Z,2026-09-10T19:10:00Z,2026-09-10T13:52:41Z,10.00,2026-09-10T11:24:26Z,2026-09-10T13:52:41Z,history-145d6a51-1afa-5df6-a087-e11f95a253e9-compact.parquet
5e67980b-0595-5869-b4ed-f07626b3fd28,0x8cec2574300ec0b9c552359e13c39af5941ae90509fdf389ab638a91719daaa2,counter-strike,Counter-Strike: Sinners vs Nuclear TigeRES (BO3) - 1win Private Club #1: Closed Qualifier Playoffs,spread,Map Handicap: NTR (-1.5) vs Sinners (+1.5),Nuclear TigeRES|Sinners,Sinners,2026-09-10T11:10:00Z,2026-09-10T19:10:00Z,2026-09-10T15:07:10Z,0.00,2026-09-10T11:48:55Z,2026-09-10T15:06:21Z,history-5e67980b-0595-5869-b4ed-f07626b3fd28-compact.parquet
84048328-208b-5f1e-96dc-4670dbba2bf2,0xa3d6185403f03454c7b17bc96211590b9ed5bf8b1f25d50b4daf0ea7d94fde4f,counter-strike,Counter-Strike: Gothboiclique vs largadosypelados (BO1) - Roman Imperium Cup Group A,moneyline,Counter-Strike: Gothboiclique vs largadosypelados (BO1) - Roman Imperium Cup Group A,Gothboiclique|largadosypelados,largadosypelados,2026-09-10T11:10:00Z,2026-09-10T19:10:00Z,2026-09-10T17:34:25Z,710.78,2026-09-10T12:01:49Z,2026-09-10T17:33:44Z,history-84048328-208b-5f1e-96dc-4670dbba2bf2-compact.parquet
ed0905f1-1c30-594a-a6ab-e845c6d61cf3,0x5a437a0de7bd1106d20e5c679e66f45168e1606d20a6fd60bce8ca475991f86c,counter-strike,Counter-Strike: Inner Circle Academy vs Fire Flux Esports (BO3) - CCT Europe Challengers Series Playoffs,spread,Map Handicap: IC.A (-1.5) vs Fire Flux Esports (+1.5),Inner Circle Academy|Fire Flux Esports,Fire Flux Esports,2026-09-10T11:10:00Z,2026-09-10T19:10:00Z,2026-09-10T16:27:25Z,760.88,2026-09-10T13:03:19Z,2026-09-10T16:26:49Z,history-ed0905f1-1c30-594a-a6ab-e845c6d61cf3-compact.parquet
5a5fe3ad-7e16-5121-a433-42366096bf3c,0x470e97b034762dafed21ff30da3c09271f0136eb6289b41f872b03fba1e670e6,counter-strike,Counter-Strike: NIP vs Inner Circle Esports (BO3) - PGL Masters Bucharest: European Qualifier Playoffs,spread,Map Handicap: ICE (-1.5) vs NIP (+1.5),Inner Circle Esports|NIP,NIP,2026-09-10T11:15:00Z,2026-09-10T19:15:00Z,2026-09-10T14:58:39Z,32.03,2026-09-10T11:24:36Z,2026-09-10T14:58:07Z,history-5a5fe3ad-7e16-5121-a433-42366096bf3c-compact.parquet
6b04a567-fc60-5ff4-a97e-b4de1569d9b4,0x44dc604f3c69b4ac2241b01a5b9dde9dea88fddf2088aef58d50ab9d9d18f58c,counter-strike,Counter-Strike: NIP vs Inner Circle Esports (BO3) - PGL Masters Bucharest: European Qualifier Playoffs,spread,Map Handicap: NIP (-1.5) vs Inner Circle Esports (+1.5),NIP|Inner Circle Esports,Inner Circle Esports,2026-09-10T11:15:00Z,2026-09-10T19:15:00Z,2026-09-10T14:58:39Z,0.00,2026-09-10T13:27:41Z,2026-09-10T14:57:42Z,history-6b04a567-fc60-5ff4-a97e-b4de1569d9b4-compact.parquet
a671393a-ca4b-536b-84d1-211e1a9bfed0,0xcf61f2524176ef9a35682c02ade0464fa135c04eba522247d8381b8f18b3cb03,counter-strike,Counter-Strike: NIP vs Inner Circle Esports (BO3) - PGL Masters Bucharest: European Qualifier Playoffs,rest,Games Total: O/U 2.5,Over|Under,Over,2026-09-10T11:15:00Z,2026-09-10T19:15:00Z,2026-09-10T14:58:39Z,2.78,2026-09-10T13:27:41Z,2026-09-10T14:58:09Z,history-a671393a-ca4b-536b-84d1-211e1a9bfed0-compact.parquet
3187bb2b-597a-5d7d-85b2-687cecfb3e38,0xaafee654f62155d5d86742c94b5b70f65a240eeef0917b27631b469d4d24f2f2,counter-strike,Counter-Strike: Matrix vs maybe (BO1) - Roman Imperium Cup Group A,moneyline,Counter-Strike: Matrix vs maybe (BO1) - Roman Imperium Cup Group A,Matrix|maybe,maybe,2026-09-10T11:30:00Z,2026-09-10T19:30:00Z,2026-09-10T17:34:52Z,50.98,2026-09-10T14:04:21Z,2026-09-10T17:34:00Z,history-3187bb2b-597a-5d7d-85b2-687cecfb3e38-compact.parquet
9817d926-08de-5326-a021-64c780e986fa,0x9094b4d93538f8239e0eda3531ab93fd6ffee56a974d0dcaf386280f8b01ad16,counter-strike,Counter-Strike: Bebop vs WBT Academy (BO3) - NODWIN Clutch Series Play-In Group D,segment_winner:map1,Counter-Strike: Bebop vs WBT Academy - Map 1 Winner,Bebop|WBT Academy,WBT Academy,2026-09-10T11:30:00Z,2026-09-10T19:30:00Z,2026-09-10T14:39:24Z,30.04,2026-09-10T11:48:55Z,2026-09-10T14:39:02Z,history-9817d926-08de-5326-a021-64c780e986fa-compact.parquet
ca8b5aa9-f15c-52f3-8011-3f7f621cff10,0x0b1ae060e8d46b2c50880aaf3188231aa5ca359681311bbd8c23c71b3f913561,counter-strike,Counter-Strike: Alliance vs magic (BO3) - FISSURE PLAYGROUND Group B,rest,Games Total: O/U 2.5,Over|Under,Under,2026-09-10T11:30:00Z,2026-09-10T19:30:00Z,2026-09-10T14:51:24Z,10.00,2026-09-10T11:30:00Z,2026-09-10T14:50:41Z,history-ca8b5aa9-f15c-52f3-8011-3f7f621cff10-compact.parquet
d703e0b0-f22e-59f1-b493-b6800b54ccdf,0xc74b8b40f6b241327c11816ac22cee22154d369ec2402f0be16f756ae28e0222,counter-strike,Counter-Strike: Alliance vs magic (BO3) - FISSURE PLAYGROUND Group B,segment_winner:map2,Counter-Strike: Alliance vs magic - Map 2 Winner,Alliance|magic,Alliance,2026-09-10T11:30:00Z,2026-09-10T19:30:00Z,2026-09-10T14:51:26Z,0.00,2026-09-10T11:30:00Z,2026-09-10T14:51:26Z,history-d703e0b0-f22e-59f1-b493-b6800b54ccdf-compact.parquet
f268651a-ec1f-5c3f-b4a7-815b9ba80cdf,0x62989e7d1dcfff268d4de3de4dc88a11522b6339f6cb02c233164e2544b1d853,counter-strike,Counter-Strike: Dark Moon vs Benched gods (BO3) - Exort Fiesta Closed Qualifier: Series #2 Play-In,moneyline,Counter-Strike: Dark Moon vs Benched gods (BO3) - Exort Fiesta Closed Qualifier: Series #2 Play-In,Dark Moon|Benched gods,Benched gods,2026-09-10T11:30:00Z,2026-09-10T19:30:00Z,2026-09-10T19:49:00Z,10300.28,2026-09-10T14:16:35Z,2026-09-10T19:49:00Z,history-f268651a-ec1f-5c3f-b4a7-815b9ba80cdf-compact.parquet
5c7d96a9-e6ef-5ce9-97af-f8e111272e47,0x797eed4404ec605b1a9c806aa37972eb27bd9b9f3a72d227ca8a48132dbb07cd,counter-strike,Counter-Strike: Bebop vs WBT Academy (BO3) - NODWIN Clutch Series Play-In Group D,segment_winner:map2,Counter-Strike: Bebop vs WBT Academy - Map 2 Winner,Bebop|WBT Academy,Bebop,2026-09-10T11:55:00Z,2026-09-10T19:55:00Z,2026-09-10T15:57:24Z,673.52,2026-09-10T14:04:21Z,2026-09-10T15:56:46Z,history-5c7d96a9-e6ef-5ce9-97af-f8e111272e47-compact.parquet
0da03c3e-92dc-591c-a7d0-9d48673c125f,0xcef5f5b36e256a45102158f70d691ac5bcc6dede68d8bfb96e89dd9f33e7be28,counter-strike,Counter-Strike: G2 vs 5star (BO3) - FISSURE PLAYGROUND Group A,spread:map1,Map 1 Rounds Handicap: G2 (-3.5) vs 5star (+3.5),G2|5star,G2,2026-09-10T12:00:00Z,2026-09-10T20:00:00Z,2026-09-10T15:24:08Z,0.00,2026-09-10T12:00:00Z,2026-09-10T15:23:40Z,history-0da03c3e-92dc-591c-a7d0-9d48673c125f-compact.parquet
0f26ad87-2adc-5002-a892-b99b43cea52e,0xf1419fa73026dfdcc5bebe20e75ae271fd330f89090ae7a6a04f9627d7fc0c59,counter-strike,Counter-Strike: HOTU vs Team Nemesis (BO3) - Thunderpick World Championship Closed Qualifier Group B,spread,Map Handicap: NEM (-1.5) vs HOTU (+1.5),Team Nemesis|HOTU,HOTU,2026-09-10T12:00:00Z,2026-09-10T20:00:00Z,2026-09-10T20:13:45Z,0.00,2026-09-10T14:28:40Z,2026-09-10T20:13:45Z,history-0f26ad87-2adc-5002-a892-b99b43cea52e-compact.parquet
2e6cbabf-f277-5691-9a8f-b4e724205622,0x7764bd0024bcbbf8bba922cd55cc4669330bd84c52db02b52a896ef4fd5e3655,counter-strike,Counter-Strike: Alliance vs magic (BO3) - FISSURE PLAYGROUND Group B,moneyline,Counter-Strike: Alliance vs magic (BO3) - FISSURE PLAYGROUND Group B,Alliance|magic,Alliance,2026-09-10T12:00:00Z,2026-09-10T20:00:00Z,2026-09-10T14:51:24Z,32961.14,2026-09-10T12:00:00Z,2026-09-10T14:51:24Z,history-2e6cbabf-f277-5691-9a8f-b4e724205622-compact.parquet
42092f90-4872-5d62-9e0a-018cef794d9e,0x98f6f97995f58a13adab7a1a03ac221bf99fe435df7ac5188f5c23c1be3e0ee2,counter-strike,Counter-Strike: Alliance vs magic (BO3) - FISSURE PLAYGROUND Group B,segment_winner:map1,Counter-Strike: Alliance vs magic - Map 1 Winner,Alliance|magic,Alliance,2026-09-10T12:00:00Z,2026-09-10T20:00:00Z,2026-09-10T13:45:54Z,34.49,2026-09-10T12:00:00Z,2026-09-10T13:45:47Z,history-42092f90-4872-5d62-9e0a-018cef794d9e-compact.parquet
608c0ec7-c8ac-5699-a651-9351bfe456fd,0xde8219ee25274742c53cba104ef7c3d9ea45b28343cebbbeff868c1259edf8d7,counter-strike,Counter-Strike: G2 vs 5star (BO3) - FISSURE PLAYGROUND Group A,rest,Games Total: O/U 2.5,Over|Under,Under,2026-09-10T12:00:00Z,2026-09-10T20:00:00Z,2026-09-10T15:55:25Z,34.48,2026-09-10T12:00:00Z,2026-09-10T15:54:43Z,history-608c0ec7-c8ac-5699-a651-9351bfe456fd-compact.parquet
60bf0d26-40ba-5ca4-9eab-069146653dfe,0x660d39445364aaa65134a9abe322da70f8dd0fe40dd5c058ddbf6240986d0518,counter-strike,Counter-Strike: G2 vs 5star (BO3) - FISSURE PLAYGROUND Group A,spread:map2,Map 2 Rounds Handicap: G2 (-6.5) vs 5star (+6.5),G2|5star,G2,2026-09-10T12:00:00Z,2026-09-10T20:00:00Z,2026-09-10T15:51:24Z,0.00,2026-09-10T12:00:00Z,2026-09-10T15:50:49Z,history-60bf0d26-40ba-5ca4-9eab-069146653dfe-compact.parquet
6a4cac53-1581-58df-8e08-7ea9a9582d01,0x5916e9de5dba5908878cf62ce4eea883764950a85f1cddf1ec8778c7b6c9b524,counter-strike,Counter-Strike: G2 vs 5star (BO3) - FISSURE PLAYGROUND Group A,spread,Map Handicap: G2 (-1.5) vs 5star (+1.5),G2|5star,G2,2026-09-10T12:00:00Z,2026-09-10T20:00:00Z,2026-09-10T15:51:24Z,0.00,2026-09-10T12:00:00Z,2026-09-10T15:51:04Z,history-6a4cac53-1581-58df-8e08-7ea9a9582d01-compact.parquet
75551515-0d7f-5915-908d-25c423402c47,0x8f18a51415a3f9674ddccac82c7df4f4492a1b5610547b03392f65d8a3a96ca4,counter-strike,Counter-Strike: G2 vs 5star (BO3) - FISSURE PLAYGROUND Group A,segment_winner:map2,Counter-Strike: G2 vs 5star - Map 2 Winner,G2|5star,G2,2026-09-10T12:00:00Z,2026-09-10T20:00:00Z,2026-09-10T15:54:24Z,0.00,2026-09-10T12:00:00Z,2026-09-10T15:54:24Z,history-75551515-0d7f-5915-908d-25c423402c47-compact.parquet
83f5c56d-74a0-5249-9deb-3eb29be4b85b,0xf79cfd319e35d18035e268d55ac210a6ae47d43a093245467b030d2ce4bcc650,counter-strike,Counter-Strike: G2 vs 5star (BO3) - FISSURE PLAYGROUND Group A,moneyline,Counter-Strike: G2 vs 5star (BO3) - FISSURE PLAYGROUND Group A,G2|5star,G2,2026-09-10T12:00:00Z,2026-09-10T20:00:00Z,2026-09-10T15:52:23Z,252.85,2026-09-10T12:00:00Z,2026-09-10T15:52:23Z,history-83f5c56d-74a0-5249-9deb-3eb29be4b85b-compact.parquet
dc1bac45-2b2a-5b26-85ac-2f42bd436dae,0x693bd0b0889e9fb894a0ee9fc835b76d86aaaed639ea1b5c6db2f526c6661e1d,counter-strike,Counter-Strike: Alliance vs magic (BO3) - FISSURE PLAYGROUND Group B,spread,Map Handicap: MGC (-1.5) vs Alliance (+1.5),magic|Alliance,Alliance,2026-09-10T12:00:00Z,2026-09-10T20:00:00Z,2026-09-10T14:51:24Z,112.86,2026-09-10T12:00:00Z,2026-09-10T14:50:42Z,history-dc1bac45-2b2a-5b26-85ac-2f42bd436dae-compact.parquet
e2916bbc-1537-59f7-8748-6be2121e06ec,0x41140992f535eb99f26551ab48bf3638655229e8749e4535b4421ddd45782682,counter-strike,Counter-Strike: G2 vs 5star (BO3) - FISSURE PLAYGROUND Group A,rest,Map 2 Total Rounds: Over/Under 21.5,Over|Under,Under,2026-09-10T12:00:00Z,2026-09-10T20:00:00Z,2026-09-10T15:51:25Z,0.00,2026-09-10T12:00:00Z,2026-09-10T15:50:31Z,history-e2916bbc-1537-59f7-8748-6be2121e06ec-compact.parquet
4e6d55bb-809f-517a-a686-74f8bae47d98,0x809c759f5b1c812b13d600dabae58f1b692bf6221ce60d087f35f59a6e66a2a4,counter-strike,Counter-Strike: Alliance vs magic (BO3) - FISSURE PLAYGROUND Group B,rest,Map 3 Total Rounds: Over/Under 21.5,Over|Under,"Over: 0.5, Under: 0.5",2026-09-10T12:10:00Z,2026-09-10T20:10:00Z,2026-09-10T14:51:26Z,0.00,2026-09-10T13:39:49Z,2026-09-10T14:51:26Z,history-4e6d55bb-809f-517a-a686-74f8bae47d98-compact.parquet
c7166a19-c3e7-5724-959a-dad6245797fe,0xba3ee064955c477eef4f7b059c85c642302bc6932ee5da7e03179457799e3405,counter-strike,Counter-Strike: Alliance vs magic (BO3) - FISSURE PLAYGROUND Group B,spread,Map Handicap: ALL (-1.5) vs magic (+1.5),Alliance|magic,Alliance,2026-09-10T12:10:00Z,2026-09-10T20:10:00Z,2026-09-10T14:51:26Z,0.00,2026-09-10T13:27:41Z,2026-09-10T14:50:42Z,history-c7166a19-c3e7-5724-959a-dad6245797fe-compact.parquet
e0f7a3cb-1d05-5089-94d6-51279a6bb325,0x1ef550cac210d4934a771cd2c138b16ee253dbd85efb127fae64a198b117c1eb,counter-strike,Counter-Strike: Alliance vs magic (BO3) - FISSURE PLAYGROUND Group B,spread:map3,Map 3 Rounds Handicap: magic (-3.5) vs Alliance (+3.5),magic|Alliance,"magic: 0.5, Alliance: 0.5",2026-09-10T12:10:00Z,2026-09-10T20:10:00Z,2026-09-10T14:51:30Z,0.00,2026-09-10T13:39:49Z,2026-09-10T14:51:30Z,history-e0f7a3cb-1d05-5089-94d6-51279a6bb325-compact.parquet
62b08bc9-9cec-5636-87f0-39f554f085e9,0x3c99cc64e137157ba78273e41e60cefa2bff6c85b9fe3209a770028e57b87949,counter-strike,Counter-Strike: Matrix vs Gothboiclique (BO1) - Roman Imperium Cup Group A,moneyline,Counter-Strike: Matrix vs Gothboiclique (BO1) - Roman Imperium Cup Group A,Matrix|Gothboiclique,Matrix,2026-09-10T12:30:00Z,2026-09-10T20:30:00Z,2026-09-10T19:03:25Z,1596.15,2026-09-10T13:16:35Z,2026-09-10T19:02:20Z,history-62b08bc9-9cec-5636-87f0-39f554f085e9-compact.parquet
90423cb2-2692-58ca-9df5-9eef51354273,0xfe25291b42d771d59191d2e59749047e1f9ced5d11f941cbcf137505b4ff77db,counter-strike,Counter-Strike: TEIKO vs maybe (BO1) - Roman Imperium Cup Group A,moneyline,Counter-Strike: TEIKO vs maybe (BO1) - Roman Imperium Cup Group A,TEIKO|maybe,"TEIKO: 0.5, maybe: 0.5",2026-09-10T12:45:00Z,2026-09-10T20:45:00Z,2026-09-10T19:08:27Z,0.00,2026-09-10T12:45:00Z,2026-09-10T19:08:27Z,history-90423cb2-2692-58ca-9df5-9eef51354273-compact.parquet
cd092555-b000-5485-b881-b638ca447f03,0x41acd5f24615e42dfb969010d7ee435d5cd7897ebe9f1ce19e42a737d9db410d,counter-strike,Counter-Strike: REVENIX vs largadosypelados (BO1) - Roman Imperium Cup Group A,moneyline,Counter-Strike: REVENIX vs largadosypelados (BO1) - Roman Imperium Cup Group A,REVENIX|largadosypelados,REVENIX,2026-09-10T12:45:00Z,2026-09-10T20:45:00Z,2026-09-10T19:09:27Z,196.96,2026-09-10T12:50:15Z,2026-09-10T19:08:32Z,history-cd092555-b000-5485-b881-b638ca447f03-compact.parquet
2d6f781c-0d52-5943-ab74-3d647ee51096,0x4353fd754cd0372b0427ed153627b7d8668e5a6c0de2757b27fb7c9cd2813268,counter-strike,Counter-Strike: largadosypelados vs TEIKO (BO1) - Roman Imperium Cup Group A,moneyline,Counter-Strike: largadosypelados vs TEIKO (BO1) - Roman Imperium Cup Group A,largadosypelados|TEIKO,"largadosypelados: 0.5, TEIKO: 0.5",2026-09-10T13:00:00Z,2026-09-10T21:00:00Z,2026-09-10T20:40:38Z,364.75,2026-09-10T13:00:00Z,2026-09-10T20:40:38Z,history-2d6f781c-0d52-5943-ab74-3d647ee51096-compact.parquet
3874d205-28d4-533c-8065-437aac6fa4f9,0x0d21aa2252ecae8e4aeea34311c3ad352e08b1ca5907933d56bd9e29a1240461,counter-strike,Counter-Strike: G2 vs 5star (BO3) - FISSURE PLAYGROUND Group A,rest,Map 2 Total Rounds: Over/Under 18.5,Over|Under,Under,2026-09-10T13:00:00Z,2026-09-10T21:00:00Z,2026-09-10T15:51:26Z,0.00,2026-09-10T13:00:00Z,2026-09-10T15:50:41Z,history-3874d205-28d4-533c-8065-437aac6fa4f9-compact.parquet
aaeb079c-2082-5f76-9120-172b089e25f6,0x93ed303b021bbe13530f617537295f6ba4a4cc99fbe9c02f497c944bca8be6fe,counter-strike,Counter-Strike: Nemiga vs K27 (BO3) - 1win Private Club #1: Closed Qualifier Playoffs,moneyline,Counter-Strike: Nemiga vs K27 (BO3) - 1win Private Club #1: Closed Qualifier Playoffs,Nemiga|K27,K27,2026-09-10T13:00:00Z,2026-09-10T21:00:00Z,2026-09-10T18:01:25Z,5587.01,2026-09-10T13:00:00Z,2026-09-10T18:00:17Z,history-aaeb079c-2082-5f76-9120-172b089e25f6-compact.parquet
cfc74faa-727a-5d67-92df-0f14b47147ad,0xa94a37e3a69e7b941b4b2b90bfc78417b1159200b5aec88c078000a5ed20d83a,counter-strike,Counter-Strike: Nemiga vs K27 (BO3) - 1win Private Club #1: Closed Qualifier Playoffs,spread,Map Handicap: NEMI (-1.5) vs K27 (+1.5),Nemiga|K27,K27,2026-09-10T13:00:00Z,2026-09-10T21:00:00Z,2026-09-10T18:01:25Z,90.67,2026-09-10T13:00:00Z,2026-09-10T18:00:31Z,history-cfc74faa-727a-5d67-92df-0f14b47147ad-compact.parquet
dc0a2cfa-54bf-5adc-a9e4-61589c053b72,0x912fa47c2b133f33bdb48a3fd420f7d7e0be02b3a0aa2b8463a0757740391405,counter-strike,Counter-Strike: maybe vs Gothboiclique (BO1) - Roman Imperium Cup Group A,moneyline,Counter-Strike: maybe vs Gothboiclique (BO1) - Roman Imperium Cup Group A,maybe|Gothboiclique,maybe,2026-09-10T13:00:00Z,2026-09-10T21:00:00Z,2026-09-10T19:11:11Z,21.82,2026-09-10T13:00:00Z,2026-09-10T19:09:59Z,history-dc0a2cfa-54bf-5adc-a9e4-61589c053b72-compact.parquet
10ebdf2a-5fcd-5b2a-99a6-e9cbff47ee48,0x183f062777698047d05ebfc066d672cf547e067025fff31dc29b65ddcecf3a59,counter-strike,Counter-Strike: G2 vs 5star (BO3) - FISSURE PLAYGROUND Group A,spread:map3,Map 3 Rounds Handicap: G2 (-3.5) vs 5star (+3.5),G2|5star,"G2: 0.5, 5star: 0.5",2026-09-10T13:30:00Z,2026-09-10T21:30:00Z,2026-09-10T15:51:26Z,0.00,2026-09-10T14:56:23Z,2026-09-10T15:51:26Z,history-10ebdf2a-5fcd-5b2a-99a6-e9cbff47ee48-compact.parquet
409ccc93-24c9-5b3d-9ce0-7581b3f19459,0x7385dcf902e250578cba4046d93a96edec45befb03cc32719303cd5071abf41a,counter-strike,Counter-Strike: G2 vs 5star (BO3) - FISSURE PLAYGROUND Group A,rest,Map 3 Total Rounds: Over/Under 21.5,Over|Under,"Over: 0.5, Under: 0.5",2026-09-10T13:30:00Z,2026-09-10T21:30:00Z,2026-09-10T15:54:24Z,0.00,2026-09-10T14:56:23Z,2026-09-10T15:54:24Z,history-409ccc93-24c9-5b3d-9ce0-7581b3f19459-compact.parquet
86eeb749-7357-5927-ac8a-59c7f02223a5,0x82a0bdc72703cd07a51e984dda7b4942bfd80c81a816ea04692c1a796d32eebe,counter-strike,Counter-Strike: G2 vs 5star (BO3) - FISSURE PLAYGROUND Group A,spread:map3,Map 3 Rounds Handicap: G2 (-6.5) vs 5star (+6.5),G2|5star,"G2: 0.5, 5star: 0.5",2026-09-10T13:30:00Z,2026-09-10T21:30:00Z,2026-09-10T15:51:24Z,0.00,2026-09-10T14:56:23Z,2026-09-10T15:51:24Z,history-86eeb749-7357-5927-ac8a-59c7f02223a5-compact.parquet
fea2e56d-9585-56bd-a8ec-cc2e27293a12,0xaca49e93b0a66ff216d66ee99ba8430a1e98bf650f4214d2a317cc8ce7561774,counter-strike,Counter-Strike: REVENIX vs Matrix (BO1) - Roman Imperium Cup Group A,moneyline,Counter-Strike: REVENIX vs Matrix (BO1) - Roman Imperium Cup Group A,REVENIX|Matrix,Matrix,2026-09-10T13:30:00Z,2026-09-10T21:30:00Z,2026-09-10T19:12:27Z,0.00,2026-09-10T14:28:40Z,2026-09-10T19:11:03Z,history-fea2e56d-9585-56bd-a8ec-cc2e27293a12-compact.parquet
11d7f028-9c75-5751-aaa3-fe913f3dd466,0x503b6db8daa70acd481796a33ba32bac41f3050ef6b41e6fcc3b89ee3fd466bb,counter-strike,Counter-Strike: megoshort vs Misa Esports (BO3) - CCT Europe Challengers Series Playoffs,segment_winner:map1,Counter-Strike: megoshort vs Misa Esports - Map 1 Winner,megoshort|Misa Esports,Misa Esports,2026-09-10T13:45:00Z,2026-09-10T21:45:00Z,2026-09-10T16:58:25Z,65.52,2026-09-10T13:45:00Z,2026-09-10T16:57:39Z,history-11d7f028-9c75-5751-aaa3-fe913f3dd466-compact.parquet
3e8deeb6-c0d0-5955-833b-9bf5f8631f8a,0x13dcfcb27a288a3af06bfe144db0c231b7d5d084cb372dc60231e4826c053854,counter-strike,Counter-Strike: megoshort vs Misa Esports (BO3) - CCT Europe Challengers Series Playoffs,segment_winner:map2,Counter-Strike: megoshort vs Misa Esports - Map 2 Winner,megoshort|Misa Esports,megoshort,2026-09-10T13:45:00Z,2026-09-10T21:45:00Z,2026-09-10T18:26:12Z,19.00,2026-09-10T13:45:00Z,2026-09-10T18:25:50Z,history-3e8deeb6-c0d0-5955-833b-9bf5f8631f8a-compact.parquet
400ce0dc-ce33-57a1-ae40-5f88d4fa52fe,0x00f6d26a7e62cb00299fc0df53678e12a9d16510c2f0fb5b193ba0aa4fa2d254,counter-strike,Counter-Strike: megoshort vs Misa Esports (BO3) - CCT Europe Challengers Series Playoffs,moneyline,Counter-Strike: megoshort vs Misa Esports (BO3) - CCT Europe Challengers Series Playoffs,megoshort|Misa Esports,Misa Esports,2026-09-10T13:45:00Z,2026-09-10T21:45:00Z,2026-09-10T19:24:24Z,4235.04,2026-09-10T13:45:00Z,2026-09-10T19:23:19Z,history-400ce0dc-ce33-57a1-ae40-5f88d4fa52fe-compact.parquet
c618b6db-47a0-5fb2-ba6c-b884beb69181,0xc2d97eacb95a77cdc8eaecd2651612b49aa448bc0cb7dbbd4b0a089edac896b9,counter-strike,Counter-Strike: megoshort vs Misa Esports (BO3) - CCT Europe Challengers Series Playoffs,rest,Games Total: O/U 2.5,Over|Under,Over,2026-09-10T13:45:00Z,2026-09-10T21:45:00Z,2026-09-10T19:24:24Z,0.00,2026-09-10T13:45:00Z,2026-09-10T19:23:21Z,history-c618b6db-47a0-5fb2-ba6c-b884beb69181-compact.parquet
013b0477-13a0-5cdb-84d6-a8eb256236a0,0x168f86c7682080645caae66da62586dd93f71353b2aefd068c5678c85637590d,counter-strike,Counter-Strike: ReThink vs Misa Esports (BO3) - NODWIN Clutch Series Play-In Group C,rest,Map 2 Total Rounds: Over/Under 21.5,Over|Under,"Over: 0.5, Under: 0.5",2026-09-10T14:00:00Z,2026-09-10T22:00:00Z,2026-09-10T16:36:06Z,0.00,2026-09-10T14:00:00Z,2026-09-10T16:36:06Z,history-013b0477-13a0-5cdb-84d6-a8eb256236a0-compact.parquet
08047515-3f2b-569b-9975-c7df8b869f07,0x5c276afe3438f6091ed543d6683bc2c8cb74d29eb77ff3bcb9f4f3547eda7336,counter-strike,Counter-Strike: DEPO vs Revenge (BO3) - PGL Masters Bucharest: West Asian Qualifier Playoffs,moneyline,Counter-Strike: DEPO vs Revenge (BO3) - PGL Masters Bucharest: West Asian Qualifier Playoffs,DEPO|Revenge,DEPO,2026-09-10T14:00:00Z,2026-09-10T22:00:00Z,2026-09-10T17:44:39Z,1.56,2026-09-10T15:57:14Z,2026-09-10T17:43:56Z,history-08047515-3f2b-569b-9975-c7df8b869f07-compact.parquet
13c5e580-8cd9-5c00-88c8-e71f0e5126ee,0x83ad701abaa7f29df91b66180fd3e5e12eed08024b217e77b61b769698afa957,counter-strike,Counter-Strike: 1WIN vs B8 (BO3) - PGL Masters Bucharest: European Qualifier Playoffs,moneyline,Counter-Strike: 1WIN vs B8 (BO3) - PGL Masters Bucharest: European Qualifier Playoffs,1WIN|B8,1WIN,2026-09-10T14:00:00Z,2026-09-10T22:00:00Z,2026-09-10T16:50:39Z,668215.79,2026-09-10T14:00:00Z,2026-09-10T16:50:39Z,history-13c5e580-8cd9-5c00-88c8-e71f0e5126ee-compact.parquet
179e1b21-fe52-510e-b575-61d32f38e013,0x2ef99ad028e3b8d2fd5d760a4bcd26e75c6806c7ac9d63cf41a467e514b073c7,counter-strike,Counter-Strike: Esport Academy Copenhagen vs ex-Zero Tenacity (BO3) - CCT Europe Series #8 Group Stage,moneyline,Counter-Strike: Esport Academy Copenhagen vs ex-Zero Tenacity (BO3) - CCT Europe Series #8 Group Stage,Esport Academy Copenhagen|ex-Zero Tenacity,ex-Zero Tenacity,2026-09-10T14:00:00Z,2026-09-10T22:00:00Z,2026-09-10T16:22:12Z,3740.23,2026-09-10T14:00:00Z,2026-09-10T16:21:15Z,history-179e1b21-fe52-510e-b575-61d32f38e013-compact.parquet
1869f429-ae2e-5ffb-9fac-3721add502dd,0x32fd6f81ad9cf2a53961fa2b10dd9c7f30a1c10302224e64307d2487e0384d89,counter-strike,Counter-Strike: Esport Academy Copenhagen vs ex-Zero Tenacity (BO3) - CCT Europe Series #8 Group Stage,spread,Map Handicap: EAC (-1.5) vs ex-Zero Tenacity (+1.5),Esport Academy Copenhagen|ex-Zero Tenacity,ex-Zero Tenacity,2026-09-10T14:00:00Z,2026-09-10T22:00:00Z,2026-09-10T16:22:13Z,0.00,2026-09-10T16:12:59Z,2026-09-10T16:22:06Z,history-1869f429-ae2e-5ffb-9fac-3721add502dd-compact.parquet
1d14e45c-a141-59be-8425-b1002dc58828,0xf65ecdf1142e6988e6faf2ba43105d14b66c9cc6292526e3a7ec52333304e6d6,counter-strike,Counter-Strike: Falcons Force vs mellren (BO3) - CCT Europe Closed Qualifier: Series #9 Group A,rest,Games Total: O/U 2.5,Over|Under,Under,2026-09-10T14:00:00Z,2026-09-10T22:00:00Z,2026-09-10T18:03:25Z,0.00,2026-09-10T14:00:00Z,2026-09-10T18:02:28Z,history-1d14e45c-a141-59be-8425-b1002dc58828-compact.parquet
267fcc5c-b838-53d7-bf12-9d9308164527,0x325d7c87f48b0c9f5a43d11d714192c3a47832d1df12fa354698c752e372fd2b,counter-strike,Counter-Strike: Esport Academy Copenhagen vs ex-Zero Tenacity (BO3) - CCT Europe Series #8 Group Stage,segment_winner:map1,Counter-Strike: Esport Academy Copenhagen vs ex-Zero Tenacity - Map 1 Winner,Esport Academy Copenhagen|ex-Zero Tenacity,ex-Zero Tenacity,2026-09-10T14:00:00Z,2026-09-10T22:00:00Z,2026-09-10T15:25:40Z,0.00,2026-09-10T14:16:35Z,2026-09-10T15:25:27Z,history-267fcc5c-b838-53d7-bf12-9d9308164527-compact.parquet
2749e2da-599d-5666-83d6-8705cfa6699d,0xe167acf30ba3288e07c2301a1f64e4327b57743772158b9ceae6ca43b73ac22b,counter-strike,Counter-Strike: Falcons Force vs mellren (BO3) - CCT Europe Closed Qualifier: Series #9 Group A,segment_winner:map1,Counter-Strike: Falcons Force vs mellren - Map 1 Winner,Falcons Force|mellren,Falcons Force,2026-09-10T14:00:00Z,2026-09-10T22:00:00Z,2026-09-10T16:58:24Z,99.72,2026-09-10T14:28:40Z,2026-09-10T16:57:11Z,history-2749e2da-599d-5666-83d6-8705cfa6699d-compact.parquet
2bdb8fcd-5af0-5b7f-8275-d84b20e66219,0x293eb9f17f8795b5cbd43d00ff30935dcd624767bbba93a0a0fe0df225fb6aaf,counter-strike,Counter-Strike: 3DMAX vs BBL (BO3) - Thunderpick World Championship Closed Qualifier Group C,spread:map2,Map 2 Rounds Handicap: 3DMAX (-3.5) vs BBL (+3.5),3DMAX|BBL,3DMAX,2026-09-10T14:00:00Z,2026-09-10T22:00:00Z,2026-09-10T16:22:13Z,0.00,2026-09-10T14:00:00Z,2026-09-10T16:21:43Z,history-2bdb8fcd-5af0-5b7f-8275-d84b20e66219-compact.parquet
2edaaa1e-c740-5c0a-8f75-77235251be36,0x8d7eb4974bd1c1cd50227ab8c25441c28c5dacfbefb0990a77df2a5f7575cd0e,counter-strike,Counter-Strike: Esport Academy Copenhagen vs ex-Zero Tenacity (BO3) - CCT Europe Series #8 Group Stage,spread,Map Handicap: ex-ZT (-1.5) vs Esport Academy Copenhagen (+1.5),ex-Zero Tenacity|Esport Academy Copenhagen,ex-Zero Tenacity,2026-09-10T14:00:00Z,2026-09-10T22:00:00Z,2026-09-10T16:22:12Z,0.00,2026-09-10T16:12:59Z,2026-09-10T16:21:26Z,history-2edaaa1e-c740-5c0a-8f75-77235251be36-compact.parquet
3351c774-1142-5274-ab1c-202fcd48b68e,0x9312cb284e4727ff45fb793d72774d3571f836cf96189b52745c2216528b516d,counter-strike,Counter-Strike: ReThink vs Misa Esports (BO3) - NODWIN Clutch Series Play-In Group C,rest,Map 3 Total Rounds: Over/Under 21.5,Over|Under,"Over: 0.5, Under: 0.5",2026-09-10T14:00:00Z,2026-09-10T22:00:00Z,2026-09-10T16:36:06Z,0.00,2026-09-10T14:00:00Z,2026-09-10T16:35:50Z,history-3351c774-1142-5274-ab1c-202fcd48b68e-compact.parquet
366bc139-4912-58ed-b8d9-623e172d0f33,0x257b2ef0623447c4ed7275dc7436a492b51821e49ab497256de5cc87e4074059,counter-strike,Counter-Strike: 1WIN vs B8 (BO3) - PGL Masters Bucharest: European Qualifier Playoffs,segment_winner:map1,Counter-Strike: 1WIN vs B8 - Map 1 Winner,1WIN|B8,1WIN,2026-09-10T14:00:00Z,2026-09-10T22:00:00Z,2026-09-10T15:46:38Z,340.50,2026-09-10T14:00:00Z,2026-09-10T15:46:38Z,history-366bc139-4912-58ed-b8d9-623e172d0f33-compact.parquet
45c7598a-b63d-5b82-9d6a-d8a811511198,0x43374bc095ceb81b9683f660fac01a3a3dc267d647d9d213bd378fda4627b80d,counter-strike,Counter-Strike: 3DMAX vs BBL (BO3) - Thunderpick World Championship Closed Qualifier Group C,segment_winner:map2,Counter-Strike: 3DMAX vs BBL - Map 2 Winner,3DMAX|BBL,3DMAX,2026-09-10T14:00:00Z,2026-09-10T22:00:00Z,2026-09-10T16:22:12Z,0.00,2026-09-10T14:00:00Z,2026-09-10T16:22:12Z,history-45c7598a-b63d-5b82-9d6a-d8a811511198-compact.parquet
50ce495a-f81b-5418-abc5-5781248d4533,0xb244b5ecd88fcf08bbef9138a19b8d0550088a03efd918a0b14adbe39dad19a6,counter-strike,Counter-Strike: ShindeN vs Turma do Pagode (BO3) - PGL Masters Bucharest: South American Closed Qualifier Playoffs,segment_winner:map1,Counter-Strike: ShindeN vs Turma do Pagode - Map 1 Winner,ShindeN|Turma do Pagode,ShindeN,2026-09-10T14:00:00Z,2026-09-10T22:00:00Z,2026-09-10T15:57:23Z,1044.69,2026-09-10T14:00:00Z,2026-09-10T15:56:13Z,history-50ce495a-f81b-5418-abc5-5781248d4533-compact.parquet
55db6ca9-ffaa-5f94-af5d-a5c4d3098e64,0x08dccde9902210faef3684fb03c06a621f56611145a8262bf263c9a7061f0c92,counter-strike,Counter-Strike: ShindeN vs Turma do Pagode (BO3) - PGL Masters Bucharest: South American Closed Qualifier Playoffs,segment_winner:map2,Counter-Strike: ShindeN vs Turma do Pagode - Map 2 Winner,ShindeN|Turma do Pagode,Turma do Pagode,2026-09-10T14:00:00Z,2026-09-10T22:00:00Z,2026-09-10T17:17:56Z,564.65,2026-09-10T14:00:00Z,2026-09-10T17:16:47Z,history-55db6ca9-ffaa-5f94-af5d-a5c4d3098e64-compact.parquet
56cbc4d6-4c7e-5772-a2f1-4a25e1efcf95,0x81fd3e84ff048baa9a95d6991d971aaf24b6fb1cb3bddda9d4a5a8f62258b795,counter-strike,Counter-Strike: 3DMAX vs BBL (BO3) - Thunderpick World Championship Closed Qualifier Group C,rest,Map 1 Total Rounds: Over/Under 21.5,Over|Under,Over,2026-09-10T14:00:00Z,2026-09-10T22:00:00Z,2026-09-10T15:32:39Z,0.00,2026-09-10T14:00:00Z,2026-09-10T15:32:30Z,history-56cbc4d6-4c7e-5772-a2f1-4a25e1efcf95-compact.parquet
65669710-092d-55b2-a2fe-4f7c84115915,0x750af0f58733f31dcc800c8f75ba2cd0357eca8025374891dbc17ebf4861ba22,counter-strike,Counter-Strike: DEPO vs Revenge (BO3) - PGL Masters Bucharest: West Asian Qualifier Playoffs,segment_winner:map1,Counter-Strike: DEPO vs Revenge - Map 1 Winner,DEPO|Revenge,DEPO,2026-09-10T14:00:00Z,2026-09-10T22:00:00Z,2026-09-10T16:50:40Z,40.00,2026-09-10T14:56:23Z,2026-09-10T16:50:13Z,history-65669710-092d-55b2-a2fe-4f7c84115915-compact.parquet
6cf3c3b8-88a7-58ac-af19-12575e3d650b,0x4395676b1a9316d7b1e362569cfb23b0de67851e902ae9e3262a625df7e7b252,counter-strike,Counter-Strike: DEPO vs Revenge (BO3) - PGL Masters Bucharest: West Asian Qualifier Playoffs,segment_winner:map2,Counter-Strike: DEPO vs Revenge - Map 2 Winner,DEPO|Revenge,DEPO,2026-09-10T14:00:00Z,2026-09-10T22:00:00Z,2026-09-10T17:44:39Z,35.00,2026-09-10T15:57:14Z,2026-09-10T17:44:02Z,history-6cf3c3b8-88a7-58ac-af19-12575e3d650b-compact.parquet
6d23a995-094d-51b5-9062-edb0138f9cfb,0xf691df9ff61c12ec84475bb99c9bbf12ec8cad71a8a4fd7fda045af6a3483bea,counter-strike,Counter-Strike: DEPO vs Revenge (BO3) - PGL Masters Bucharest: West Asian Qualifier Playoffs,rest,Games Total: O/U 2.5,Over|Under,Under,2026-09-10T14:00:00Z,2026-09-10T22:00:00Z,2026-09-10T17:44:39Z,0.00,2026-09-10T15:57:14Z,2026-09-10T17:43:55Z,history-6d23a995-094d-51b5-9062-edb0138f9cfb-compact.parquet
76ea4c27-9cd9-5e9b-b24a-8f8f8c2b9f50,0x9370109e792a2ec093b82cb4f3baae275efe1fd492ac70efa64ab14d867267da,counter-strike,Counter-Strike: 3DMAX vs BBL (BO3) - Thunderpick World Championship Closed Qualifier Group C,spread,Map Handicap: 3DMAX (-1.5) vs BBL (+1.5),3DMAX|BBL,BBL,2026-09-10T14:00:00Z,2026-09-10T22:00:00Z,2026-09-10T17:17:58Z,63173.84,2026-09-10T14:00:00Z,2026-09-10T17:17:34Z,history-76ea4c27-9cd9-5e9b-b24a-8f8f8c2b9f50-compact.parquet
785626d5-0136-564e-a55a-96bdecc26dd9,0x4993a701687045611e75a03fe96c28e07b1b4ea6724e7410bc781cbcbbbf6bb2,counter-strike,Counter-Strike: Acend vs 100 Thieves (BO3) - Thunderpick World Championship Closed Qualifier Group C,spread,Map Handicap: 100T (-1.5) vs Acend (+1.5),100 Thieves|Acend,100 Thieves,2026-09-10T14:00:00Z,2026-09-10T22:00:00Z,2026-09-10T16:40:39Z,6212.32,2026-09-10T14:00:00Z,2026-09-10T16:40:31Z,history-785626d5-0136-564e-a55a-96bdecc26dd9-compact.parquet
7943bba7-2004-58f2-921e-f75ab273eeb8,0xfa1a0d6d3d22800cea6753f5920dc6d58e56efa9cfe680900eb1ea969e6982e7,counter-strike,Counter-Strike: 3DMAX vs BBL (BO3) - Thunderpick World Championship Closed Qualifier Group C,spread:map3,Map 3 Rounds Handicap: 3DMAX (-3.5) vs BBL (+3.5),3DMAX|BBL,BBL,2026-09-10T14:00:00Z,2026-09-10T22:00:00Z,2026-09-10T17:17:59Z,0.00,2026-09-10T14:00:00Z,2026-09-10T17:17:21Z,history-7943bba7-2004-58f2-921e-f75ab273eeb8-compact.parquet
8690e9e8-1bdd-5f2c-aa36-8c9c672180d4,0x11f135c62e2d14f03e7b1bf7155459afc49f76ffaec5741509a3a9448e40b955,counter-strike,Counter-Strike: Falcons Force vs mellren (BO3) - CCT Europe Closed Qualifier: Series #9 Group A,segment_winner:map2,Counter-Strike: Falcons Force vs mellren - Map 2 Winner,Falcons Force|mellren,Falcons Force,2026-09-10T14:00:00Z,2026-09-10T22:00:00Z,2026-09-10T18:03:27Z,25.00,2026-09-10T14:28:40Z,2026-09-10T18:03:27Z,history-8690e9e8-1bdd-5f2c-aa36-8c9c672180d4-compact.parquet
87615339-6d90-5e25-b33b-d8ab5db4eca3,0x175143fbcb6ecd83a6f53d4ef9bfcd51fa1585bbcc01ee3aa2da1e6ab1a02205,counter-strike,Counter-Strike: ReThink vs Misa Esports (BO3) - NODWIN Clutch Series Play-In Group C,segment_winner:map1,Counter-Strike: ReThink vs Misa Esports - Map 1 Winner,ReThink|Misa Esports,"ReThink: 0.5, Misa Esports: 0.5",2026-09-10T14:00:00Z,2026-09-10T22:00:00Z,2026-09-10T16:35:23Z,856.33,2026-09-10T14:00:00Z,2026-09-10T16:35:22Z,history-87615339-6d90-5e25-b33b-d8ab5db4eca3-compact.parquet
87a58203-50b9-5f98-a820-5a23d31b3bd9,0xafda3cefe64da2ff9abd7d6ec51bc696db76b9d4d5306061c2f5cf0513991bf9,counter-strike,Counter-Strike: Esport Academy Copenhagen vs ex-Zero Tenacity (BO3) - CCT Europe Series #8 Group Stage,segment_winner:map2,Counter-Strike: Esport Academy Copenhagen vs ex-Zero Tenacity - Map 2 Winner,Esport Academy Copenhagen|ex-Zero Tenacity,ex-Zero Tenacity,2026-09-10T14:00:00Z,2026-09-10T22:00:00Z,2026-09-10T16:22:13Z,13.51,2026-09-10T14:28:40Z,2026-09-10T16:21:15Z,history-87a58203-50b9-5f98-a820-5a23d31b3bd9-compact.parquet
8d1a8590-3288-5922-9bbc-e8bc7cffff67,0xd35e17157b53c316301584b07ae966772c3801c562bc866bf7c6395471e41b49,counter-strike,Counter-Strike: 3DMAX vs BBL (BO3) - Thunderpick World Championship Closed Qualifier Group C,rest,Map 2 Total Rounds: Over/Under 21.5,Over|Under,Under,2026-09-10T14:00:00Z,2026-09-10T22:00:00Z,2026-09-10T16:22:14Z,0.00,2026-09-10T14:00:00Z,2026-09-10T16:21:19Z,history-8d1a8590-3288-5922-9bbc-e8bc7cffff67-compact.parquet
922132e9-1a9c-55fe-a9a1-ba859ba6488b,0xf27a7a5697de10f7900f4415b2fbb5e157aa9c7b74f51b4bb3f988312c08d973,counter-strike,Counter-Strike: ReThink vs Misa Esports (BO3) - NODWIN Clutch Series Play-In Group C,moneyline,Counter-Strike: ReThink vs Misa Esports (BO3) - NODWIN Clutch Series Play-In Group C,ReThink|Misa Esports,"ReThink: 0.5, Misa Esports: 0.5",2026-09-10T14:00:00Z,2026-09-10T22:00:00Z,2026-09-10T16:35:23Z,5509.54,2026-09-10T14:00:00Z,2026-09-10T16:35:22Z,history-922132e9-1a9c-55fe-a9a1-ba859ba6488b-compact.parquet
9a1b0fe6-ce59-59d5-b6d4-db59c13ef043,0xf42d6a6b2bcf0dd87fb42ea5024fa979b788ef2b63601817b9c02ff6b0e39332,counter-strike,Counter-Strike: Falcons Force vs mellren (BO3) - CCT Europe Closed Qualifier: Series #9 Group A,spread,Map Handicap: FAL.F (-1.5) vs mellren (+1.5),Falcons Force|mellren,Falcons Force,2026-09-10T14:00:00Z,2026-09-10T22:00:00Z,2026-09-10T18:03:27Z,628.14,2026-09-10T16:14:42Z,2026-09-10T18:02:20Z,history-9a1b0fe6-ce59-59d5-b6d4-db59c13ef043-compact.parquet
9a4d1e02-076e-56ad-b2dc-5eba3602f8cc,0xb19e2daea0a67c9547cb789a8a63957ae599bfbe7e5cea6a10e0b556a2ddd3a8,counter-strike,Counter-Strike: 3DMAX vs BBL (BO3) - Thunderpick World Championship Closed Qualifier Group C,spread,Map Handicap: BBL (-1.5) vs 3DMAX (+1.5),BBL|3DMAX,3DMAX,2026-09-10T14:00:00Z,2026-09-10T22:00:00Z,2026-09-10T17:17:58Z,0.00,2026-09-10T15:57:14Z,2026-09-10T17:17:27Z,history-9a4d1e02-076e-56ad-b2dc-5eba3602f8cc-compact.parquet
9c442fae-6480-5f66-a3ff-dcc35b9fce3c,0x2ffc63d7567871641e61298a8d481cc5931d106795450044b49cb431e7dfb0e8,counter-strike,Counter-Strike: 1WIN vs B8 (BO3) - PGL Masters Bucharest: European Qualifier Playoffs,spread,Map Handicap: B8 (-1.5) vs 1WIN (+1.5),B8|1WIN,1WIN,2026-09-10T14:00:00Z,2026-09-10T22:00:00Z,2026-09-10T16:50:39Z,3287.51,2026-09-10T14:00:00Z,2026-09-10T16:50:21Z,history-9c442fae-6480-5f66-a3ff-dcc35b9fce3c-compact.parquet
9e890af1-c6ec-57f5-95bb-501e07b1a3ce,0x4962c1b3a63dd2704ca22b530a6e38b5120d0ead51063b5311ae7f57480595ee,counter-strike,Counter-Strike: 1WIN vs B8 (BO3) - PGL Masters Bucharest: European Qualifier Playoffs,segment_winner:map2,Counter-Strike: 1WIN vs B8 - Map 2 Winner,1WIN|B8,1WIN,2026-09-10T14:00:00Z,2026-09-10T22:00:00Z,2026-09-10T16:50:40Z,85.22,2026-09-10T14:00:00Z,2026-09-10T16:50:28Z,history-9e890af1-c6ec-57f5-95bb-501e07b1a3ce-compact.parquet
a138913b-0627-5925-898f-a0b6766ec099,0x2746cbbadeaa4f77a23500d26331065c157c3f795f2bb1a71ed3ab0434af2769,counter-strike,Counter-Strike: Esport Academy Copenhagen vs ex-Zero Tenacity (BO3) - CCT Europe Series #8 Group Stage,rest,Games Total: O/U 2.5,Over|Under,Under,2026-09-10T14:00:00Z,2026-09-10T22:00:00Z,2026-09-10T16:22:12Z,0.00,2026-09-10T14:28:40Z,2026-09-10T16:21:40Z,history-a138913b-0627-5925-898f-a0b6766ec099-compact.parquet
aaa9048c-3870-510c-996b-bf5a8e413eec,0x46814fc01108fbe02e6ca13300ffd77ce5d0137550ff053c7f4580a3de1cb131,counter-strike,Counter-Strike: ShindeN vs Turma do Pagode (BO3) - PGL Masters Bucharest: South American Closed Qualifier Playoffs,rest,Games Total: O/U 2.5,Over|Under,Over,2026-09-10T14:00:00Z,2026-09-10T22:00:00Z,2026-09-10T18:39:10Z,4.35,2026-09-10T14:00:00Z,2026-09-10T18:38:23Z,history-aaa9048c-3870-510c-996b-bf5a8e413eec-compact.parquet
ab709eeb-a31a-5430-801b-6376575953d5,0xc377c254c143b4afb3dd4531ead6c982e12bb6b1378907a0931f9c3a6f8205bc,counter-strike,Counter-Strike: ReThink vs Misa Esports (BO3) - NODWIN Clutch Series Play-In Group C,segment_winner:map2,Counter-Strike: ReThink vs Misa Esports - Map 2 Winner,ReThink|Misa Esports,"ReThink: 0.5, Misa Esports: 0.5",2026-09-10T14:00:00Z,2026-09-10T22:00:00Z,2026-09-10T16:37:21Z,1158.80,2026-09-10T14:00:00Z,2026-09-10T16:37:21Z,history-ab709eeb-a31a-5430-801b-6376575953d5-compact.parquet
b5a05fe8-e036-5c3b-b630-9ee79cf90024,0x2a82e2dbce237a3f9941661a811e1fc2a48affffe541f200ed6d088e2079c49c,counter-strike,Counter-Strike: 3DMAX vs BBL (BO3) - Thunderpick World Championship Closed Qualifier Group C,rest,Map 3 Total Rounds: Over/Under 21.5,Over|Under,Under,2026-09-10T14:00:00Z,2026-09-10T22:00:00Z,2026-09-10T17:17:59Z,0.00,2026-09-10T14:00:00Z,2026-09-10T17:17:08Z,history-b5a05fe8-e036-5c3b-b630-9ee79cf90024-compact.parquet
b85d3d2d-6929-5fd3-9112-89325b99534f,0x316e9814c2c7bd097479d086045320fa320ba0e2797d20a8f8a1ee589dd188a3,counter-strike,Counter-Strike: Revise vs Teletubisie (BO3) - Exort Fiesta Closed Qualifier: Series #2 Play-In,moneyline,Counter-Strike: Revise vs Teletubisie (BO3) - Exort Fiesta Closed Qualifier: Series #2 Play-In,Revise|Teletubisie,Teletubisie,2026-09-10T14:00:00Z,2026-09-10T22:00:00Z,2026-09-10T21:32:14Z,1329.34,2026-09-10T14:00:00Z,2026-09-10T21:32:14Z,history-b85d3d2d-6929-5fd3-9112-89325b99534f-compact.parquet
bfbc5e61-1544-5093-a003-2c3be71d366c,0x6b44192c6d675f60fbe465fbdf3eb838477120c6b72d9574590f31a4d003d7a8,counter-strike,Counter-Strike: ReThink vs Misa Esports (BO3) - NODWIN Clutch Series Play-In Group C,spread,Map Handicap: MISA (-1.5) vs ReThink (+1.5),Misa Esports|ReThink,"Misa Esports: 0.5, ReThink: 0.5",2026-09-10T14:00:00Z,2026-09-10T22:00:00Z,2026-09-10T16:35:23Z,41135.51,2026-09-10T14:00:00Z,2026-09-10T16:35:22Z,history-bfbc5e61-1544-5093-a003-2c3be71d366c-compact.parquet
c6c6d4a1-8676-5b41-b6b2-eba2204bc678,0x500a44f6958a11740e74e5c0f7b4f8a09792a772910939614c6e42851b82b200,counter-strike,Counter-Strike: Falcons Force vs mellren (BO3) - CCT Europe Closed Qualifier: Series #9 Group A,moneyline,Counter-Strike: Falcons Force vs mellren (BO3) - CCT Europe Closed Qualifier: Series #9 Group A,Falcons Force|mellren,Falcons Force,2026-09-10T14:00:00Z,2026-09-10T22:00:00Z,2026-09-10T18:03:25Z,4949.55,2026-09-10T14:00:00Z,2026-09-10T18:02:04Z,history-c6c6d4a1-8676-5b41-b6b2-eba2204bc678-compact.parquet
d23a1ef4-60ad-5499-b354-639b791a5d48,0xd57a2578075a2678d4e2600c5a0eb2bf7071604a0da7670160c82d0e6334b0cb,counter-strike,Counter-Strike: ShindeN vs Turma do Pagode (BO3) - PGL Masters Bucharest: South American Closed Qualifier Playoffs,moneyline,Counter-Strike: ShindeN vs Turma do Pagode (BO3) - PGL Masters Bucharest: South American Closed Qualifier Playoffs,ShindeN|Turma do Pagode,ShindeN,2026-09-10T14:00:00Z,2026-09-10T22:00:00Z,2026-09-10T18:39:10Z,82035.11,2026-09-10T14:00:00Z,2026-09-10T18:38:48Z,history-d23a1ef4-60ad-5499-b354-639b791a5d48-compact.parquet
d5d16534-efff-5421-99e4-c912f9cf88f4,0x0e6121333a33ab5f85dd4a6317f69a23d36215a8a43d45a5d0fafb5d3a862b97,counter-strike,Counter-Strike: Falcons Force vs mellren (BO3) - CCT Europe Closed Qualifier: Series #9 Group A,spread,Map Handicap: mellren (-1.5) vs Falcons Force (+1.5),mellren|Falcons Force,Falcons Force,2026-09-10T14:00:00Z,2026-09-10T22:00:00Z,2026-09-10T18:03:25Z,1886.86,2026-09-10T14:00:00Z,2026-09-10T18:02:59Z,history-d5d16534-efff-5421-99e4-c912f9cf88f4-compact.parquet
d6a9a8c3-bbfa-5690-ad97-0cb47e1f6205,0xa8a44c07c2577dd4fb73c6b3d395c1e9c14c7599279cbb6bb3acf3ff0ddce4a9,counter-strike,Counter-Strike: ShindeN vs Turma do Pagode (BO3) - PGL Masters Bucharest: South American Closed Qualifier Playoffs,rest,Map 1 Total Rounds: Over/Under 21.5,Over|Under,Over,2026-09-10T14:00:00Z,2026-09-10T22:00:00Z,2026-09-10T15:57:24Z,0.00,2026-09-10T14:00:00Z,2026-09-10T15:56:29Z,history-d6a9a8c3-bbfa-5690-ad97-0cb47e1f6205-compact.parquet
d9adfc52-7d6a-52cd-9063-e62df130b522,0x5e08b2e1bf1732c805cb8a2c9cef3b781ad821245a502f6af33f7da8b12d25da,counter-strike,Counter-Strike: 1WIN vs B8 (BO3) - PGL Masters Bucharest: European Qualifier Playoffs,rest,Map 3 Total Rounds: Over/Under 21.5,Over|Under,"Over: 0.5, Under: 0.5",2026-09-10T14:00:00Z,2026-09-10T22:00:00Z,2026-09-10T16:50:40Z,0.00,2026-09-10T14:00:00Z,2026-09-10T16:50:40Z,history-d9adfc52-7d6a-52cd-9063-e62df130b522-compact.parquet
e370f3fc-b0bc-59b8-b5df-165b960aea2c,0xbe48759d4f271514df411dd1710cef1f940a00821c97d5adcbb4ca3fe740deb7,counter-strike,Counter-Strike: 3DMAX vs BBL (BO3) - Thunderpick World Championship Closed Qualifier Group C,rest,Games Total: O/U 2.5,Over|Under,Over,2026-09-10T14:00:00Z,2026-09-10T22:00:00Z,2026-09-10T17:17:59Z,5.00,2026-09-10T14:00:00Z,2026-09-10T17:17:27Z,history-e370f3fc-b0bc-59b8-b5df-165b960aea2c-compact.parquet
eb41e443-3ac1-5a07-a6ef-5552c09d1d07,0x8bfa9c1216342392aeda307a92168d41adc756d1f451f19776933b1f79856562,counter-strike,Counter-Strike: 3DMAX vs BBL (BO3) - Thunderpick World Championship Closed Qualifier Group C,rest,Counter-Strike: 3DMAX vs BBL (BO3) - Thunderpick World Championship Closed Qualifier Group C,3DMAX|BBL,BBL,2026-09-10T14:00:00Z,2026-09-10T22:00:00Z,2026-09-10T17:17:59Z,22277.01,2026-09-10T14:00:00Z,2026-09-10T17:17:59Z,history-eb41e443-3ac1-5a07-a6ef-5552c09d1d07-compact.parquet
ede4373c-c8ed-59a1-beab-04f4fc23ffba,0x454f5e0388ecd463affa13969c180ece1616d3e1b1ae069c4998d758a6348c10,counter-strike,Counter-Strike: ReThink vs Misa Esports (BO3) - NODWIN Clutch Series Play-In Group C,rest,Map 1 Total Rounds: Over/Under 21.5,Over|Under,"Over: 0.5, Under: 0.5",2026-09-10T14:00:00Z,2026-09-10T22:00:00Z,2026-09-10T16:37:21Z,0.00,2026-09-10T14:00:00Z,2026-09-10T16:37:21Z,history-ede4373c-c8ed-59a1-beab-04f4fc23ffba-compact.parquet
ef1542e6-6b8d-57e2-abc4-99f6e6147af3,0x6a7a3649af61c0308b736233cc99a2455311649f3983d46b3414f78855f0ad25,counter-strike,Counter-Strike: Nemiga vs K27 (BO3) - 1win Private Club #1: Closed Qualifier Playoffs,segment_winner:map1,Counter-Strike: Nemiga vs K27 - Map 1 Winner,Nemiga|K27,K27,2026-09-10T14:00:00Z,2026-09-10T22:00:00Z,2026-09-10T16:05:40Z,0.00,2026-09-10T14:00:00Z,2026-09-10T16:05:01Z,history-ef1542e6-6b8d-57e2-abc4-99f6e6147af3-compact.parquet
d6004c0c-e123-5229-af63-a40acab0e117,0x9632652bd55d07c2732df744046055a9e903fc8e49d95e9e689a860853e53728,counter-strike,Counter-Strike: megoshort vs Misa Esports (BO3) - CCT Europe Challengers Series Playoffs,spread,Map Handicap: MEGO (-1.5) vs Misa Esports (+1.5),megoshort|Misa Esports,Misa Esports,2026-09-10T14:05:00Z,2026-09-10T22:05:00Z,2026-09-10T19:24:23Z,0.00,2026-09-10T17:38:22Z,2026-09-10T19:23:56Z,history-d6004c0c-e123-5229-af63-a40acab0e117-compact.parquet
0c46e409-31a3-50f0-8333-4d7cb4b170a5,0x71d84e4af7804549e139493cf4218b08b681ad58d770ae82bd560d8eb0d81fab,counter-strike,Counter-Strike: Bushido Wildcats vs MORROW (BO3) - CCT Europe Challengers Series Playoffs,rest,Games Total: O/U 2.5,Over|Under,Under,2026-09-10T14:10:00Z,2026-09-10T22:10:00Z,2026-09-10T20:35:10Z,0.00,2026-09-10T15:45:07Z,2026-09-10T20:34:48Z,history-0c46e409-31a3-50f0-8333-4d7cb4b170a5-compact.parquet
7facc1f9-615b-5b2c-a7ec-a596fdcd9a12,0xc0251034bab3adcb95c1fcb989aab547233482d768f29897ad2d3159b3e38b62,counter-strike,Counter-Strike: Bushido Wildcats vs MORROW (BO3) - CCT Europe Challengers Series Playoffs,segment_winner:map1,Counter-Strike: Bushido Wildcats vs MORROW - Map 1 Winner,Bushido Wildcats|MORROW,Bushido Wildcats,2026-09-10T14:10:00Z,2026-09-10T22:10:00Z,2026-09-10T20:35:10Z,166.26,2026-09-10T14:56:23Z,2026-09-10T20:34:53Z,history-7facc1f9-615b-5b2c-a7ec-a596fdcd9a12-compact.parquet
854ec7f1-9d7e-51fe-ad06-d3060a0311ff,0x26a57f9c94699f7bad985b3ccacb365da27c74eed9afb03ff6154570200d6b47,counter-strike,Counter-Strike: Bushido Wildcats vs MORROW (BO3) - CCT Europe Challengers Series Playoffs,moneyline,Counter-Strike: Bushido Wildcats vs MORROW (BO3) - CCT Europe Challengers Series Playoffs,Bushido Wildcats|MORROW,Bushido Wildcats,2026-09-10T14:10:00Z,2026-09-10T22:10:00Z,2026-09-10T20:35:10Z,1539.00,2026-09-10T15:45:07Z,2026-09-10T20:34:39Z,history-854ec7f1-9d7e-51fe-ad06-d3060a0311ff-compact.parquet
86dea29e-7e04-59a7-bebd-270cf95dbb0e,0x3aaf22c07d7bd047f43fdaa9eff1714d0c95ecb1000fffa4a245a596e24a564e,counter-strike,Counter-Strike: Bushido Wildcats vs MORROW (BO3) - CCT Europe Challengers Series Playoffs,spread,Map Handicap: BW (-1.5) vs MORROW (+1.5),Bushido Wildcats|MORROW,Bushido Wildcats,2026-09-10T14:10:00Z,2026-09-10T22:10:00Z,2026-09-10T20:35:10Z,0.00,2026-09-10T15:45:07Z,2026-09-10T20:34:49Z,history-86dea29e-7e04-59a7-bebd-270cf95dbb0e-compact.parquet
a6ff223a-5714-5ed9-a1c4-2d668625a4e7,0xadb8d7f18c70cfaa91f8efb7e1f46659e1887bde7d74e7d68340ded2bf81d384,counter-strike,Counter-Strike: Bushido Wildcats vs MORROW (BO3) - CCT Europe Challengers Series Playoffs,segment_winner:map2,Counter-Strike: Bushido Wildcats vs MORROW - Map 2 Winner,Bushido Wildcats|MORROW,Bushido Wildcats,2026-09-10T14:10:00Z,2026-09-10T22:10:00Z,2026-09-10T20:35:10Z,550.36,2026-09-10T15:45:07Z,2026-09-10T20:34:24Z,history-a6ff223a-5714-5ed9-a1c4-2d668625a4e7-compact.parquet
009e0904-1ed2-5b40-bb08-0e2f670e3609,0xccdc1a3d88099dfa352c1ae3cb088796d5e398d08c28e3fcec054a597241ac94,counter-strike,Counter-Strike: Nemiga vs K27 (BO3) - 1win Private Club #1: Closed Qualifier Playoffs,spread,Map Handicap: K27 (-1.5) vs Nemiga (+1.5),K27|Nemiga,Nemiga,2026-09-10T14:15:00Z,2026-09-10T22:15:00Z,2026-09-10T18:01:25Z,0.00,2026-09-10T16:12:59Z,2026-09-10T18:01:00Z,history-009e0904-1ed2-5b40-bb08-0e2f670e3609-compact.parquet
4661bdb8-b5bd-57df-93d8-84a32f09c0e1,0x78a66ea59f2ea4763d1421745d53c1c00c8106447949f305edc843bc11ce5458,counter-strike,Counter-Strike: Nemiga vs K27 (BO3) - 1win Private Club #1: Closed Qualifier Playoffs,rest,Games Total: O/U 2.5,Over|Under,Over,2026-09-10T14:15:00Z,2026-09-10T22:15:00Z,2026-09-10T18:01:25Z,0.00,2026-09-10T14:28:40Z,2026-09-10T18:01:00Z,history-4661bdb8-b5bd-57df-93d8-84a32f09c0e1-compact.parquet
5a6fc96d-cd71-5095-bb86-0b89417a40d6,0xa7f175000a252f9f4668df0a3087004cde79588aabb601397e81e36be3ff7326,counter-strike,Counter-Strike: 1WIN vs B8 (BO3) - PGL Masters Bucharest: European Qualifier Playoffs,rest,Games Total: O/U 2.5,Over|Under,Under,2026-09-10T14:15:00Z,2026-09-10T22:15:00Z,2026-09-10T16:50:40Z,39.83,2026-09-10T14:56:23Z,2026-09-10T16:50:20Z,history-5a6fc96d-cd71-5095-bb86-0b89417a40d6-compact.parquet
9855eef1-06b8-5d16-9014-363fb5101fd2,0xcc7e8179230c241e7e95e9efafc66e0c3405d0200b93cbb33fe14bbb9b0aab69,counter-strike,Counter-Strike: 1WIN vs B8 (BO3) - PGL Masters Bucharest: European Qualifier Playoffs,spread,Map Handicap: 1WIN (-1.5) vs B8 (+1.5),1WIN|B8,1WIN,2026-09-10T14:15:00Z,2026-09-10T22:15:00Z,2026-09-10T16:50:39Z,2.00,2026-09-10T15:57:14Z,2026-09-10T16:50:17Z,history-9855eef1-06b8-5d16-9014-363fb5101fd2-compact.parquet
b39bacdf-38e3-5d73-b0ed-ee7524081f83,0xb455d5ee5b746cef912aecd22fdd7dc853442f52e8046a3c44bd3d3f2155ba71,counter-strike,Counter-Strike: Nemiga vs K27 (BO3) - 1win Private Club #1: Closed Qualifier Playoffs,segment_winner:map2,Counter-Strike: Nemiga vs K27 - Map 2 Winner,Nemiga|K27,Nemiga,2026-09-10T14:15:00Z,2026-09-10T22:15:00Z,2026-09-10T16:57:28Z,0.00,2026-09-10T14:16:35Z,2026-09-10T16:56:21Z,history-b39bacdf-38e3-5d73-b0ed-ee7524081f83-compact.parquet
020c3a29-ecd4-5c05-9514-41d1158d3ebe,0xac811b9d26926c64fb41cf758e4c218ca73108f3b4862635a1a4dd789723db94,counter-strike,Counter-Strike: Revise vs Teletubisie (BO3) - Exort Fiesta Closed Qualifier: Series #2 Play-In,spread,Map Handicap: TTBS (-1.5) vs Revise (+1.5),Teletubisie|Revise,Revise,2026-09-10T14:20:00Z,2026-09-10T22:20:00Z,2026-09-10T21:32:13Z,0.00,2026-09-10T15:57:14Z,2026-09-10T21:32:04Z,history-020c3a29-ecd4-5c05-9514-41d1158d3ebe-compact.parquet
1958c6f0-ca19-5e92-bbfd-9140b188d7de,0xf17ca11185d7f05829b8ffd8eca5c6008afa7a4b8a61dee214b969f2d8d9bafc,counter-strike,Counter-Strike: Revise vs Teletubisie (BO3) - Exort Fiesta Closed Qualifier: Series #2 Play-In,segment_winner:map2,Counter-Strike: Revise vs Teletubisie - Map 2 Winner,Revise|Teletubisie,Revise,2026-09-10T14:20:00Z,2026-09-10T22:20:00Z,2026-09-10T21:30:10Z,0.00,2026-09-10T14:28:40Z,2026-09-10T21:30:04Z,history-1958c6f0-ca19-5e92-bbfd-9140b188d7de-compact.parquet
2989ddbe-6674-5e9b-ba8f-a91e36a79484,0xafc157d0837a9631a8fea3e80f5fa34e84a964020efa2deef1c0e142df6e4911,counter-strike,Counter-Strike: Revise vs Teletubisie (BO3) - Exort Fiesta Closed Qualifier: Series #2 Play-In,segment_winner:map1,Counter-Strike: Revise vs Teletubisie - Map 1 Winner,Revise|Teletubisie,Teletubisie,2026-09-10T14:20:00Z,2026-09-10T22:20:00Z,2026-09-10T21:27:52Z,0.00,2026-09-10T14:28:40Z,2026-09-10T21:26:46Z,history-2989ddbe-6674-5e9b-ba8f-a91e36a79484-compact.parquet
7b4e827c-1376-5ff2-9c50-601be81dc051,0x8ae99a675c46d597da2ff114b32ff874dcf4fbd0ad057a9bbf5c19da9bc5a7d3,counter-strike,Counter-Strike: Revise vs Teletubisie (BO3) - Exort Fiesta Closed Qualifier: Series #2 Play-In,rest,Games Total: O/U 2.5,Over|Under,Over,2026-09-10T14:20:00Z,2026-09-10T22:20:00Z,2026-09-10T21:32:24Z,0.00,2026-09-10T15:57:14Z,2026-09-10T21:31:53Z,history-7b4e827c-1376-5ff2-9c50-601be81dc051-compact.parquet
32858b6e-e5f3-553f-ad80-63f91ab68f49,0x6dbfd6b79a2bcf44fbf1aaa7df0ae78fca86479ad35abf31facd9bdad704d4c4,counter-strike,Counter-Strike: Acend vs 100 Thieves (BO3) - Thunderpick World Championship Closed Qualifier Group C,segment_winner:map2,Counter-Strike: Acend vs 100 Thieves - Map 2 Winner,Acend|100 Thieves,100 Thieves,2026-09-10T14:40:00Z,2026-09-10T22:40:00Z,2026-09-10T16:40:38Z,6.01,2026-09-10T15:20:31Z,2026-09-10T16:40:31Z,history-32858b6e-e5f3-553f-ad80-63f91ab68f49-compact.parquet
d6cd59f7-1b1c-5335-9a90-205ce8546e42,0x75bb47dd54355e29de7f5cbab033f7f8233183d58baa43ce04f795b3c3615448,counter-strike,Counter-Strike: Acend vs 100 Thieves (BO3) - Thunderpick World Championship Closed Qualifier Group C,segment_winner:map1,Counter-Strike: Acend vs 100 Thieves - Map 1 Winner,Acend|100 Thieves,100 Thieves,2026-09-10T14:40:00Z,2026-09-10T22:40:00Z,2026-09-10T15:55:24Z,3628.92,2026-09-10T14:56:23Z,2026-09-10T15:55:04Z,history-d6cd59f7-1b1c-5335-9a90-205ce8546e42-compact.parquet
d8953a6d-8235-5cdf-bc92-ec06d2b52094,0xa860a473fb5c3c23870cbb0cd2ddcf8604695054b2292835fa43e2b77f480f45,counter-strike,Counter-Strike: Acend vs 100 Thieves (BO3) - Thunderpick World Championship Closed Qualifier Group C,rest,Games Total: O/U 2.5,Over|Under,Under,2026-09-10T14:40:00Z,2026-09-10T22:40:00Z,2026-09-10T16:40:40Z,30.22,2026-09-10T16:25:04Z,2026-09-10T16:40:33Z,history-d8953a6d-8235-5cdf-bc92-ec06d2b52094-compact.parquet
5593c77b-0ffd-5696-8263-4719c0674348,0x79d1086317f0f404084e940b4a294deeaa79bb97486d68b3fc4bc01bafd48dd3,counter-strike,Counter-Strike: Flame Hard vs SAW (BO1) - Roman Imperium Cup Group B,moneyline,Counter-Strike: Flame Hard vs SAW (BO1) - Roman Imperium Cup Group B,Flame Hard|SAW,SAW,2026-09-10T15:00:00Z,2026-09-10T23:00:00Z,2026-09-10T20:43:07Z,604.20,2026-09-10T15:00:00Z,2026-09-10T20:42:53Z,history-5593c77b-0ffd-5696-8263-4719c0674348-compact.parquet
1cdea7c7-af84-5dee-aaa6-920d061a057f,0x62443607e4f231f6719786926140d6b5773677dd37582babc59ccd359fb3490b,counter-strike,Counter-Strike: The Golden Horde vs pivstar (BO3) - CCT Europe Contenders #9 Playoffs,segment_winner:map2,Counter-Strike: The Golden Horde vs pivstar - Map 2 Winner,The Golden Horde|pivstar,pivstar,2026-09-10T15:30:00Z,2026-09-10T23:30:00Z,2026-09-10T22:46:27Z,3115.00,2026-09-10T17:38:22Z,2026-09-10T22:45:43Z,history-1cdea7c7-af84-5dee-aaa6-920d061a057f-compact.parquet
51a065af-7d0e-532f-af2f-5e8a2595a8e2,0x3d8fa966a2e69dd487cc17da06c07026e85d6fa80b2c3fa0a20e7232d8ba3e54,counter-strike,Counter-Strike: The Golden Horde vs pivstar (BO3) - CCT Europe Contenders #9 Playoffs,segment_winner:map1,Counter-Strike: The Golden Horde vs pivstar - Map 1 Winner,The Golden Horde|pivstar,The Golden Horde,2026-09-10T15:30:00Z,2026-09-10T23:30:00Z,2026-09-10T22:45:06Z,3695.22,2026-09-10T16:25:04Z,2026-09-10T22:44:47Z,history-51a065af-7d0e-532f-af2f-5e8a2595a8e2-compact.parquet
9df586ef-a07d-583c-937e-7e3451712da9,0xe758f0eb7d9f824ad064080d43f641abe91ad224eeffc876e5eb1ca1092cbde5,counter-strike,Counter-Strike: The Golden Horde vs pivstar (BO3) - CCT Europe Contenders #9 Playoffs,moneyline,Counter-Strike: The Golden Horde vs pivstar (BO3) - CCT Europe Contenders #9 Playoffs,The Golden Horde|pivstar,The Golden Horde,2026-09-10T15:30:00Z,2026-09-10T23:30:00Z,2026-09-10T22:46:26Z,3537.52,2026-09-10T17:03:04Z,2026-09-10T22:46:02Z,history-9df586ef-a07d-583c-937e-7e3451712da9-compact.parquet
b237f6f0-be8b-5968-8d4b-5c5f15aa9f0f,0x4c03d4a4863b9c35e2175ade984a9d6383f0cdde0f59a81900cb3472dcc0576a,counter-strike,Counter-Strike: FLXRE vs MADMAN (BO3) - CCT Europe Contenders #9 Playoffs,moneyline,Counter-Strike: FLXRE vs MADMAN (BO3) - CCT Europe Contenders #9 Playoffs,FLXRE|MADMAN,MADMAN,2026-09-10T15:30:00Z,2026-09-10T23:30:00Z,2026-09-10T22:47:22Z,22.35,2026-09-10T15:30:00Z,2026-09-10T22:46:55Z,history-b237f6f0-be8b-5968-8d4b-5c5f15aa9f0f-compact.parquet
b3eb5fc5-7761-5aac-b01f-3c6b9820d3db,0xa1d141de874315b2631ec6b5aab618d9d1ae1841bcd6e498c390c18ac70f421a,counter-strike,Counter-Strike: The Golden Horde vs pivstar (BO3) - CCT Europe Contenders #9 Playoffs,rest,Games Total: O/U 2.5,Over|Under,Over,2026-09-10T15:30:00Z,2026-09-10T23:30:00Z,2026-09-10T22:46:25Z,25.00,2026-09-10T18:44:08Z,2026-09-10T22:45:31Z,history-b3eb5fc5-7761-5aac-b01f-3c6b9820d3db-compact.parquet
e1875ea6-cd99-5982-810e-192ef47bea1d,0x88fe10a6103637c7610d1e706dd3581b3cd98ba8d053f3f2dfc8796a1618a120,counter-strike,Counter-Strike: STATE vs 6666 (BO1) - Roman Imperium Cup Group B,moneyline,Counter-Strike: STATE vs 6666 (BO1) - Roman Imperium Cup Group B,STATE|6666,STATE,2026-09-10T15:35:00Z,2026-09-10T23:35:00Z,2026-09-10T21:01:24Z,98.00,2026-09-10T15:57:14Z,2026-09-10T21:00:54Z,history-e1875ea6-cd99-5982-810e-192ef47bea1d-compact.parquet
f7ccd3c9-3f1a-571f-b955-966eadd285ae,0x9aeab01eb56bac19b06d6bb8a875f90a9eddcc2f96d55cd89462ef42fee84a79,counter-strike,Counter-Strike: Nice Try vs Giant Pandas (BO1) - Roman Imperium Cup Group B,moneyline,Counter-Strike: Nice Try vs Giant Pandas (BO1) - Roman Imperium Cup Group B,Nice Try|Giant Pandas,Nice Try,2026-09-10T15:35:00Z,2026-09-10T23:35:00Z,2026-09-10T20:45:11Z,1581.70,2026-09-10T16:25:04Z,2026-09-10T20:45:07Z,history-f7ccd3c9-3f1a-571f-b955-966eadd285ae-compact.parquet
02d0bf29-b4eb-53c3-8247-1e6afbeebe92,0xe223383d961c61d47c6a18db4885cd0bd725e45d1c10cdb7fc4d8611d447c4e1,counter-strike,Counter-Strike: FLXRE vs MADMAN (BO3) - CCT Europe Contenders #9 Playoffs,rest,Games Total: O/U 2.5,Over|Under,Over,2026-09-10T15:40:00Z,2026-09-10T23:40:00Z,2026-09-10T22:47:22Z,0.00,2026-09-10T17:26:45Z,2026-09-10T22:46:49Z,history-02d0bf29-b4eb-53c3-8247-1e6afbeebe92-compact.parquet
d25a825f-c7f9-599f-af8d-f8119da7427f,0x7038e20e6f10d148f096ce008262f33e25c053d29a14ca2163c2dd5853e71568,counter-strike,Counter-Strike: FLXRE vs MADMAN (BO3) - CCT Europe Contenders #9 Playoffs,segment_winner:map1,Counter-Strike: FLXRE vs MADMAN - Map 1 Winner,FLXRE|MADMAN,MADMAN,2026-09-10T15:40:00Z,2026-09-10T23:40:00Z,2026-09-10T22:46:25Z,804.82,2026-09-10T16:37:34Z,2026-09-10T22:45:43Z,history-d25a825f-c7f9-599f-af8d-f8119da7427f-compact.parquet
dc9cd9ac-8940-55d9-a263-e46c7ab64cc3,0xf14cb1b30351613c10311e8f2852507ff8721845a008144e18386898e0893ff8,counter-strike,Counter-Strike: FLXRE vs MADMAN (BO3) - CCT Europe Contenders #9 Playoffs,segment_winner:map2,Counter-Strike: FLXRE vs MADMAN - Map 2 Winner,FLXRE|MADMAN,FLXRE,2026-09-10T15:40:00Z,2026-09-10T23:40:00Z,2026-09-10T22:47:22Z,689.65,2026-09-10T17:14:59Z,2026-09-10T22:46:50Z,history-dc9cd9ac-8940-55d9-a263-e46c7ab64cc3-compact.parquet
495443e7-b26a-5694-9a94-03e841fea15f,0xd1b5259633480fcd7fdef07fd5235fd6dd010575119ac954818cbdb37a2fabe0,counter-strike,Counter-Strike: Flame Hard vs 6666 (BO1) - Roman Imperium Cup Group B,moneyline,Counter-Strike: Flame Hard vs 6666 (BO1) - Roman Imperium Cup Group B,Flame Hard|6666,6666,2026-09-10T16:15:00Z,2026-09-11T00:15:00Z,2026-09-10T22:53:06Z,47.96,2026-09-10T16:15:00Z,2026-09-10T22:52:44Z,history-495443e7-b26a-5694-9a94-03e841fea15f-compact.parquet
72efedad-04e0-5f82-98d7-0b58a850ae9d,0xaead8313a1e73fa54779eaff84c7bae93c915a8cfe21f9aa36e368fa6da66f4e,counter-strike,Counter-Strike: SAW vs Giant Pandas (BO1) - Roman Imperium Cup Group B,moneyline,Counter-Strike: SAW vs Giant Pandas (BO1) - Roman Imperium Cup Group B,SAW|Giant Pandas,SAW,2026-09-10T16:15:00Z,2026-09-11T00:15:00Z,2026-09-10T22:51:50Z,423.74,2026-09-10T16:15:00Z,2026-09-10T22:50:51Z,history-72efedad-04e0-5f82-98d7-0b58a850ae9d-compact.parquet
e3b36a08-eb70-5698-ac63-76141c274326,0xf3723116500976248d189f60381b5123ee2164d32122bdfe6e7b0ada1c059a5e,counter-strike,Counter-Strike: Nice Try vs STATE (BO1) - Roman Imperium Cup Group B,moneyline,Counter-Strike: Nice Try vs STATE (BO1) - Roman Imperium Cup Group B,Nice Try|STATE,STATE,2026-09-10T16:15:00Z,2026-09-11T00:15:00Z,2026-09-10T22:54:24Z,68.98,2026-09-10T16:15:00Z,2026-09-10T22:53:45Z,history-e3b36a08-eb70-5698-ac63-76141c274326-compact.parquet
0cfe3b45-e995-5155-a7a3-689f4fe73971,0xd1372d2e24e70c01bc9b11fa4a5275591f13696a0a29188d45e93c0433776cf1,counter-strike,Counter-Strike: FOKUS vs 1WIN (BO3) - Thunderpick World Championship Closed Qualifier Group D,rest,Counter-Strike: FOKUS vs 1WIN (BO3) - Thunderpick World Championship Closed Qualifier Group D,FOKUS|1WIN,FOKUS,2026-09-10T17:00:00Z,2026-09-11T01:00:00Z,2026-09-10T20:06:10Z,46560.33,2026-09-10T17:00:00Z,2026-09-10T20:06:02Z,history-0cfe3b45-e995-5155-a7a3-689f4fe73971-compact.parquet
1cffed8b-cafc-52bc-8d3f-6b267b11daac,0xa366875438d8fa9fc84812067db011abb78d1635aa8181bfe173b1baf4699075,counter-strike,Counter-Strike: NIP vs Infinite (BO3) - Thunderpick World Championship Closed Qualifier Group D,segment_winner:map2,Counter-Strike: NIP vs Infinite - Map 2 Winner,NIP|Infinite,NIP,2026-09-10T17:00:00Z,2026-09-11T01:00:00Z,2026-09-10T19:12:27Z,0.00,2026-09-10T17:00:00Z,2026-09-10T19:11:12Z,history-1cffed8b-cafc-52bc-8d3f-6b267b11daac-compact.parquet
259b0abc-7b97-53a8-bfb0-6d7099a5d032,0xe5a1b054fc92790b1b7a45ae14a51eb943730e8ec6b308f42af2302b099dbbb7,counter-strike,Counter-Strike: Back to Back  vs Galorys (BO3) - PGL Masters Bucharest: South American Closed Qualifier Playoffs,segment_winner:map2,Counter-Strike: Back to Back  vs Galorys - Map 2 Winner,Back to Back |Galorys,Galorys,2026-09-10T17:00:00Z,2026-09-11T01:00:00Z,2026-09-10T20:38:24Z,1163.96,2026-09-10T17:00:00Z,2026-09-10T20:37:11Z,history-259b0abc-7b97-53a8-bfb0-6d7099a5d032-compact.parquet
269c04da-9e41-5205-97af-0119fa0883fa,0xcd8a790fa9fcc40e5915ea73b0735b43549d645028039b7740442f1e9a8ea740,counter-strike,Counter-Strike: Sinners vs Nemiga (BO3) - PGL Masters Bucharest: European Qualifier Playoffs,spread,Map Handicap: SIN (-1.5) vs Nemiga (+1.5),Sinners|Nemiga,Nemiga,2026-09-10T17:00:00Z,2026-09-11T01:00:00Z,2026-09-10T21:57:09Z,0.00,2026-09-10T19:20:35Z,2026-09-10T21:56:35Z,history-269c04da-9e41-5205-97af-0119fa0883fa-compact.parquet
2a143b13-9332-5e24-a8c9-c8aa2e2b63ad,0xc761277483041e9c91c1eb6e1af82ea4717d16cf622a8a7d572f765c12d2d977,counter-strike,Counter-Strike: Sinners vs Nemiga (BO3) - PGL Masters Bucharest: European Qualifier Playoffs,rest,Games Total: O/U 2.5,Over|Under,Over,2026-09-10T17:00:00Z,2026-09-11T01:00:00Z,2026-09-10T21:57:09Z,2.78,2026-09-10T17:00:00Z,2026-09-10T21:56:35Z,history-2a143b13-9332-5e24-a8c9-c8aa2e2b63ad-compact.parquet
36a79709-c13a-527c-963d-0988e51c107c,0xc5e8abc4b06b82bf384e85c13e4c29a1f4175aaceb1879abbdf25e00a72abfda,counter-strike,Counter-Strike: INOX Division vs Black Phoenix (BO3) - CCT Europe Series #8 Group Stage,moneyline,Counter-Strike: INOX Division vs Black Phoenix (BO3) - CCT Europe Series #8 Group Stage,INOX Division|Black Phoenix,INOX Division,2026-09-10T17:00:00Z,2026-09-11T01:00:00Z,2026-09-10T20:05:25Z,15917.71,2026-09-10T17:00:00Z,2026-09-10T20:05:25Z,history-36a79709-c13a-527c-963d-0988e51c107c-compact.parquet
37f906f8-54a2-5245-a2cb-0b910ab43958,0xa5e1ab9cac6db68fdde25ed6e4d3afdf2a883ef71950a835214cc8c46f59e0e8,counter-strike,Counter-Strike: KAMUI vs DNK (BO3) - Exort Fiesta Closed Qualifier: Series #2 Play-In,moneyline,Counter-Strike: KAMUI vs DNK (BO3) - Exort Fiesta Closed Qualifier: Series #2 Play-In,KAMUI|DNK,KAMUI,2026-09-10T17:00:00Z,2026-09-11T01:00:00Z,2026-09-10T23:41:25Z,2832.17,2026-09-10T18:07:12Z,2026-09-10T23:40:49Z,history-37f906f8-54a2-5245-a2cb-0b910ab43958-compact.parquet
3b0372d4-b2ff-5b5d-8714-b8d98b574aa4,0xfba54f58b5a11b0f380744b98c914c7e40cb559948dbac6ef5baa264b16bf8f7,counter-strike,Counter-Strike: Sinners vs Nemiga (BO3) - PGL Masters Bucharest: European Qualifier Playoffs,segment_winner:map2,Counter-Strike: Sinners vs Nemiga - Map 2 Winner,Sinners|Nemiga,Sinners,2026-09-10T17:00:00Z,2026-09-11T01:00:00Z,2026-09-10T21:08:54Z,3.85,2026-09-10T17:00:00Z,2026-09-10T21:08:28Z,history-3b0372d4-b2ff-5b5d-8714-b8d98b574aa4-compact.parquet
3f6f1eaa-4407-5bf9-97da-f5e2613aed31,0x1bc01786582885fa63c14531f6f038b056225fd3f86871f4b7971d1b449dce00,counter-strike,Counter-Strike: FOKUS vs 1WIN (BO3) - Thunderpick World Championship Closed Qualifier Group D,spread,Map Handicap: 1WIN (-1.5) vs FOKUS (+1.5),1WIN|FOKUS,FOKUS,2026-09-10T17:00:00Z,2026-09-11T01:00:00Z,2026-09-10T20:06:10Z,2154.26,2026-09-10T17:00:00Z,2026-09-10T20:05:59Z,history-3f6f1eaa-4407-5bf9-97da-f5e2613aed31-compact.parquet
43c90add-2ca6-5933-b4cd-0fcec6809ebf,0xb0ef3f8ee9fac619c60f2aa2055fa0062699e2c4448666b5a5c83fad27efe895,counter-strike,Counter-Strike: NIP vs Infinite (BO3) - Thunderpick World Championship Closed Qualifier Group D,rest,Games Total: O/U 2.5,Over|Under,Under,2026-09-10T17:00:00Z,2026-09-11T01:00:00Z,2026-09-10T19:12:27Z,30.88,2026-09-10T18:59:36Z,2026-09-10T19:11:28Z,history-43c90add-2ca6-5933-b4cd-0fcec6809ebf-compact.parquet
44f7e1e3-2a28-5246-9531-8a6ba2a73225,0x9dacb5c492d0f09f00dcff819981507b8dde9542418ce903f7792424e39bae13,counter-strike,Counter-Strike: FOKUS vs 1WIN (BO3) - Thunderpick World Championship Closed Qualifier Group D,rest,Map 2 Total Rounds: Over/Under 21.5,Over|Under,Over,2026-09-10T17:00:00Z,2026-09-11T01:00:00Z,2026-09-10T20:06:10Z,0.00,2026-09-10T17:00:00Z,2026-09-10T20:05:59Z,history-44f7e1e3-2a28-5246-9531-8a6ba2a73225-compact.parquet
4e4fb672-abf5-5340-ab2a-64f09a0ee89b,0xd5c43f9471fa30e5135be0498c663114a104e5569475f8c91e3091eb8829635d,counter-strike,Counter-Strike: Back to Back  vs Galorys (BO3) - PGL Masters Bucharest: South American Closed Qualifier Playoffs,segment_winner:map1,Counter-Strike: Back to Back  vs Galorys - Map 1 Winner,Back to Back |Galorys,Back to Back ,2026-09-10T17:00:00Z,2026-09-11T01:00:00Z,2026-09-10T19:43:44Z,1280.97,2026-09-10T17:00:00Z,2026-09-10T19:43:32Z,history-4e4fb672-abf5-5340-ab2a-64f09a0ee89b-compact.parquet
5790dd3f-1850-5695-ac9f-84901feabc25,0x5f4163ec180e2072346d76f758b78b77c55d9ad1e34f4ba04f69fd0f7b3816ba,counter-strike,Counter-Strike: Back to Back  vs Galorys (BO3) - PGL Masters Bucharest: South American Closed Qualifier Playoffs,spread,Map Handicap: GLS (-1.5) vs Back to Back  (+1.5),Galorys|Back to Back ,Back to Back ,2026-09-10T17:00:00Z,2026-09-11T01:00:00Z,2026-09-10T21:34:54Z,28972.55,2026-09-10T17:00:00Z,2026-09-10T21:34:32Z,history-5790dd3f-1850-5695-ac9f-84901feabc25-compact.parquet
6170e796-c00f-5dca-93a9-d98bf85d287a,0x7d062536d752d687147200ebac385280d8fb765d34c7ca603038900cd6aaf8f3,counter-strike,Counter-Strike: FOKUS vs 1WIN (BO3) - Thunderpick World Championship Closed Qualifier Group D,rest,Games Total: O/U 2.5,Over|Under,Under,2026-09-10T17:00:00Z,2026-09-11T01:00:00Z,2026-09-10T20:06:13Z,5.00,2026-09-10T17:00:00Z,2026-09-10T20:05:49Z,history-6170e796-c00f-5dca-93a9-d98bf85d287a-compact.parquet
891cdc44-bc44-50a8-8b04-8bffe960ca34,0xc145aa669d86ac971c686799477dca0bf8ac3cdcd482c0ea0a469f3adfe6e6e1,counter-strike,Counter-Strike: Sinners vs Nemiga (BO3) - PGL Masters Bucharest: European Qualifier Playoffs,rest,Map 2 Total Rounds: Over/Under 21.5,Over|Under,Over,2026-09-10T17:00:00Z,2026-09-11T01:00:00Z,2026-09-10T21:08:54Z,0.00,2026-09-10T17:00:00Z,2026-09-10T21:08:14Z,history-891cdc44-bc44-50a8-8b04-8bffe960ca34-compact.parquet
8b0fb8fe-d432-5931-9a6f-34f41835921f,0x9dc26eaad013551d9cecc3ddb97059502155486b8f1c1d82f0f4d5f3a8ddac98,counter-strike,Counter-Strike: Sinners vs Nemiga (BO3) - PGL Masters Bucharest: European Qualifier Playoffs,segment_winner:map1,Counter-Strike: Sinners vs Nemiga - Map 1 Winner,Sinners|Nemiga,Nemiga,2026-09-10T17:00:00Z,2026-09-11T01:00:00Z,2026-09-10T19:55:15Z,8.85,2026-09-10T17:00:00Z,2026-09-10T19:54:50Z,history-8b0fb8fe-d432-5931-9a6f-34f41835921f-compact.parquet
8db40623-01f4-5ad8-b0c4-64fbdc5ca3fc,0xeaaff20bb57c41ac42134572378c7a8ad021393f750389a3bc64401e637a91d2,counter-strike,Counter-Strike: NIP vs Infinite (BO3) - Thunderpick World Championship Closed Qualifier Group D,rest,Counter-Strike: NIP vs Infinite (BO3) - Thunderpick World Championship Closed Qualifier Group D,NIP|Infinite,NIP,2026-09-10T17:00:00Z,2026-09-11T01:00:00Z,2026-09-10T19:12:25Z,8982.89,2026-09-10T17:00:00Z,2026-09-10T19:11:20Z,history-8db40623-01f4-5ad8-b0c4-64fbdc5ca3fc-compact.parquet
a7d4d59e-c0ff-5eee-8b73-3d084c673eba,0x6ca0c223a92c394e2ef8048b19614513c15f960d239fd00f18896607b263a3a9,counter-strike,Counter-Strike: Sinners vs Nemiga (BO3) - PGL Masters Bucharest: European Qualifier Playoffs,moneyline,Counter-Strike: Sinners vs Nemiga (BO3) - PGL Masters Bucharest: European Qualifier Playoffs,Sinners|Nemiga,Nemiga,2026-09-10T17:00:00Z,2026-09-11T01:00:00Z,2026-09-10T21:57:10Z,77850.53,2026-09-10T17:00:00Z,2026-09-10T21:57:09Z,history-a7d4d59e-c0ff-5eee-8b73-3d084c673eba-compact.parquet
bce68748-9b1d-5fc1-bcbc-b406f830e794,0xb61b2dda846c4a602f0f64d3bce481add9f1a20926ee666210fd40ec72301d22,counter-strike,Counter-Strike: FOKUS vs 1WIN (BO3) - Thunderpick World Championship Closed Qualifier Group D,segment_winner:map2,Counter-Strike: FOKUS vs 1WIN - Map 2 Winner,FOKUS|1WIN,FOKUS,2026-09-10T17:00:00Z,2026-09-11T01:00:00Z,2026-09-10T20:06:16Z,143.02,2026-09-10T17:00:00Z,2026-09-10T20:06:02Z,history-bce68748-9b1d-5fc1-bcbc-b406f830e794-compact.parquet
bfcd9688-4197-5236-a5f7-2d20538b0146,0xa8639d143bf85bb209fa68fb891805a70bf93f307fb0c3cd25c5f5eaed5f4cd0,counter-strike,Counter-Strike: NIP vs Infinite (BO3) - Thunderpick World Championship Closed Qualifier Group D,spread,Map Handicap: NIP (-1.5) vs Infinite (+1.5),NIP|Infinite,NIP,2026-09-10T17:00:00Z,2026-09-11T01:00:00Z,2026-09-10T19:12:27Z,13838.76,2026-09-10T17:00:00Z,2026-09-10T19:11:14Z,history-bfcd9688-4197-5236-a5f7-2d20538b0146-compact.parquet
c042186c-a694-5462-81f7-f26f298eb33b,0x0095defd6e064fcb4167acc20f63ddd3359ffb0d73b6573be83ed267134c0449,counter-strike,Counter-Strike: Sinners vs Nemiga (BO3) - PGL Masters Bucharest: European Qualifier Playoffs,rest,Map 3 Total Rounds: Over/Under 21.5,Over|Under,Under,2026-09-10T17:00:00Z,2026-09-11T01:00:00Z,2026-09-10T21:57:09Z,0.00,2026-09-10T17:00:00Z,2026-09-10T21:56:53Z,history-c042186c-a694-5462-81f7-f26f298eb33b-compact.parquet
c5f4766c-792f-56ed-9284-bab75ee8e607,0xd67196c4e5d798bb6c6c751ce8e83275cc746351c361a03eaab7ec82dd4823bd,counter-strike,Counter-Strike: FOKUS vs 1WIN (BO3) - Thunderpick World Championship Closed Qualifier Group D,rest,Map 3 Total Rounds: Over/Under 21.5,Over|Under,"Over: 0.5, Under: 0.5",2026-09-10T17:00:00Z,2026-09-11T01:00:00Z,2026-09-10T20:06:09Z,0.00,2026-09-10T19:34:19Z,2026-09-10T20:06:09Z,history-c5f4766c-792f-56ed-9284-bab75ee8e607-compact.parquet
c9a5996e-0c24-56bc-aaab-b8e6411529c8,0xc16fed10fc107c950831ae805e336e13864c75599f3ffb8ef0d5f597c3686116,counter-strike,Counter-Strike: Sinners vs Nemiga (BO3) - PGL Masters Bucharest: European Qualifier Playoffs,rest,Map 1 Total Rounds: Over/Under 21.5,Over|Under,Over,2026-09-10T17:00:00Z,2026-09-11T01:00:00Z,2026-09-10T19:55:14Z,0.00,2026-09-10T17:00:00Z,2026-09-10T19:54:37Z,history-c9a5996e-0c24-56bc-aaab-b8e6411529c8-compact.parquet
eac36d47-60e0-57fb-8cde-cf9c0bf6e138,0x54789255cb2c895a04d399fe90ae06b9f22bb642ab6e768fa797534dc7d2bd57,counter-strike,Counter-Strike: Back to Back  vs Galorys (BO3) - PGL Masters Bucharest: South American Closed Qualifier Playoffs,rest,Games Total: O/U 2.5,Over|Under,Over,2026-09-10T17:00:00Z,2026-09-11T01:00:00Z,2026-09-10T21:34:54Z,2866.90,2026-09-10T17:00:00Z,2026-09-10T21:34:18Z,history-eac36d47-60e0-57fb-8cde-cf9c0bf6e138-compact.parquet
f021bf1e-2123-543e-aff7-e67e9ab8688e,0xfacd6ce347fefcfb363c96f75512857559261328cde6489ee7ea032a8cac4e81,counter-strike,Counter-Strike: INOX Division vs Black Phoenix (BO3) - CCT Europe Series #8 Group Stage,segment_winner:map1,Counter-Strike: INOX Division vs Black Phoenix - Map 1 Winner,INOX Division|Black Phoenix,INOX Division,2026-09-10T17:00:00Z,2026-09-11T01:00:00Z,2026-09-10T18:12:25Z,5259.20,2026-09-10T17:03:04Z,2026-09-10T18:12:25Z,history-f021bf1e-2123-543e-aff7-e67e9ab8688e-compact.parquet
f154067a-961e-55f7-ab0d-1a15252105dc,0x631f0c7b6f3555b2af94ab683cf62397c8bb17d5844d2b8c5f1b72d0301475a8,counter-strike,Counter-Strike: Back to Back  vs Galorys (BO3) - PGL Masters Bucharest: South American Closed Qualifier Playoffs,moneyline,Counter-Strike: Back to Back  vs Galorys (BO3) - PGL Masters Bucharest: South American Closed Qualifier Playoffs,Back to Back |Galorys,Back to Back ,2026-09-10T17:00:00Z,2026-09-11T01:00:00Z,2026-09-10T21:34:44Z,165508.96,2026-09-10T17:00:00Z,2026-09-10T21:33:39Z,history-f154067a-961e-55f7-ab0d-1a15252105dc-compact.parquet
0c622d99-090d-5b35-9b80-8d28db87dbdc,0x8cc8ae8129f343b3b5a8f692ced8cd329678fbb04fc28bb6f17f539216ae5515,counter-strike,Counter-Strike: INOX Division vs Black Phoenix (BO3) - CCT Europe Series #8 Group Stage,segment_winner:map2,Counter-Strike: INOX Division vs Black Phoenix - Map 2 Winner,INOX Division|Black Phoenix,Black Phoenix,2026-09-10T17:10:00Z,2026-09-11T01:10:00Z,2026-09-10T19:03:27Z,0.00,2026-09-10T17:54:25Z,2026-09-10T19:03:27Z,history-0c622d99-090d-5b35-9b80-8d28db87dbdc-compact.parquet
0c7d962b-0533-5f54-a7a9-7f0251d3d439,0x5ab70a6d4d79e6724e2aa8a05468027a21e4f8ab1d927c6c19dbe32c59303d2e,counter-strike,Counter-Strike: INOX Division vs Black Phoenix (BO3) - CCT Europe Series #8 Group Stage,spread,Map Handicap: INOX (-1.5) vs Black Phoenix (+1.5),INOX Division|Black Phoenix,Black Phoenix,2026-09-10T17:10:00Z,2026-09-11T01:10:00Z,2026-09-10T20:05:25Z,861.37,2026-09-10T18:45:41Z,2026-09-10T20:04:45Z,history-0c7d962b-0533-5f54-a7a9-7f0251d3d439-compact.parquet
477d2bfe-4888-5c86-b610-c0989df282eb,0xe502149e56dee3465549984d447f44821aa840cb9d620bd4428c9e5096d211dd,counter-strike,Counter-Strike: INOX Division vs Black Phoenix (BO3) - CCT Europe Series #8 Group Stage,rest,Games Total: O/U 2.5,Over|Under,Over,2026-09-10T17:10:00Z,2026-09-11T01:10:00Z,2026-09-10T20:05:25Z,53.94,2026-09-10T18:44:44Z,2026-09-10T20:04:45Z,history-477d2bfe-4888-5c86-b610-c0989df282eb-compact.parquet
e8f5112b-1c65-5072-b7ff-85af5b1bc433,0x10fd8036926e787f351f7749858e7e0b99c41b920443d4b4537a8d3cdd1da422,counter-strike,Counter-Strike: FOKUS vs 1WIN (BO3) - Thunderpick World Championship Closed Qualifier Group D,spread,Map Handicap: FOKUS (-1.5) vs 1WIN (+1.5),FOKUS|1WIN,FOKUS,2026-09-10T17:10:00Z,2026-09-11T01:10:00Z,2026-09-10T20:06:10Z,0.00,2026-09-10T19:48:59Z,2026-09-10T20:05:11Z,history-e8f5112b-1c65-5072-b7ff-85af5b1bc433-compact.parquet
445af181-284d-5ba2-9e01-d69d70666f5b,0xc97ef6c6aaf304a26e5037d24e102a2dce959257c780102d4533a0ad6601bfae,counter-strike,Counter-Strike: Flame Hard vs Nice Try (BO1) - Roman Imperium Cup Group B,moneyline,Counter-Strike: Flame Hard vs Nice Try (BO1) - Roman Imperium Cup Group B,Flame Hard|Nice Try,Nice Try,2026-09-10T17:30:00Z,2026-09-11T01:30:00Z,2026-09-10T23:08:38Z,40.04,2026-09-10T17:30:00Z,2026-09-10T23:07:35Z,history-445af181-284d-5ba2-9e01-d69d70666f5b-compact.parquet
5317edaa-7412-53b8-a1df-ff9f8750207d,0xae3f589f3c308cf11e25244695da27a0aac875cde7a6135810cb4d4d98f1302d,counter-strike,Counter-Strike: KUUSAMO.gg vs LPH Gaming (BO3) - ESEA Advanced Europe Playoffs,segment_winner:map2,Counter-Strike: KUUSAMO.gg vs LPH Gaming - Map 2 Winner,KUUSAMO.gg|LPH Gaming,LPH Gaming,2026-09-10T17:30:00Z,2026-09-11T01:30:00Z,2026-09-10T21:22:26Z,0.00,2026-09-10T17:30:00Z,2026-09-10T21:21:59Z,history-5317edaa-7412-53b8-a1df-ff9f8750207d-compact.parquet
559cf78d-9c29-56ae-9d4b-feee9e54fade,0x2b5c51f2d446e13df98d33c0c501687318487b574a5c43447bd793b54cf8e4fc,counter-strike,Counter-Strike: Giant Pandas vs STATE (BO1) - Roman Imperium Cup Group B,moneyline,Counter-Strike: Giant Pandas vs STATE (BO1) - Roman Imperium Cup Group B,Giant Pandas|STATE,STATE,2026-09-10T17:30:00Z,2026-09-11T01:30:00Z,2026-09-10T23:08:37Z,297.70,2026-09-10T17:30:00Z,2026-09-10T23:07:56Z,history-559cf78d-9c29-56ae-9d4b-feee9e54fade-compact.parquet
63b88d67-8e84-5560-8038-9dbb7514e851,0x4de52564fe4f1d6a985e4e386c5f627e39746371d7365dd2e1f983170d0a2509,counter-strike,Counter-Strike: NAVI Junior vs OLDBOYS- (BO3) - ESEA Advanced Europe Playoffs,segment_winner:map1,Counter-Strike: NAVI Junior vs OLDBOYS- - Map 1 Winner,NAVI Junior|OLDBOYS-,NAVI Junior,2026-09-10T17:30:00Z,2026-09-11T01:30:00Z,2026-09-10T20:28:08Z,0.00,2026-09-10T17:30:00Z,2026-09-10T20:27:05Z,history-63b88d67-8e84-5560-8038-9dbb7514e851-compact.parquet
993413df-cec2-5ee7-83a5-16edaf67d842,0x358ce09efd07c5eb6b965d4ccf3f54c578b1616494fe26393c7caf8bb0eca738,counter-strike,Counter-Strike: NAVI Junior vs OLDBOYS- (BO3) - ESEA Advanced Europe Playoffs,spread,Map Handicap: OLDBOYS PL (-1.5) vs NAVI Junior (+1.5),OLDBOYS-|NAVI Junior,NAVI Junior,2026-09-10T17:30:00Z,2026-09-11T01:30:00Z,2026-09-10T22:19:07Z,710.75,2026-09-10T17:30:00Z,2026-09-10T22:18:17Z,history-993413df-cec2-5ee7-83a5-16edaf67d842-compact.parquet
b9499d14-9436-5a91-8fe4-a9748d9245c6,0x37e22ae2c902d8556656dc40fd699e43d565356f652857c238c6054f076beb3e,counter-strike,Counter-Strike: NAVI Junior vs OLDBOYS- (BO3) - ESEA Advanced Europe Playoffs,moneyline,Counter-Strike: NAVI Junior vs OLDBOYS- (BO3) - ESEA Advanced Europe Playoffs,NAVI Junior|OLDBOYS-,NAVI Junior,2026-09-10T17:30:00Z,2026-09-11T01:30:00Z,2026-09-10T22:19:07Z,2799.83,2026-09-10T17:30:00Z,2026-09-10T22:18:28Z,history-b9499d14-9436-5a91-8fe4-a9748d9245c6-compact.parquet
d6f3bec1-bba6-5a20-8ac6-44c7cb21ecc2,0x15968c8b2517ea71f144210d35e8130ed57022f861741829b5e916a95aeb2795,counter-strike,Counter-Strike: SAW vs 6666 (BO1) - Roman Imperium Cup Group B,moneyline,Counter-Strike: SAW vs 6666 (BO1) - Roman Imperium Cup Group B,SAW|6666,SAW,2026-09-10T17:30:00Z,2026-09-11T01:30:00Z,2026-09-10T23:06:52Z,5.63,2026-09-10T17:30:00Z,2026-09-10T23:06:01Z,history-d6f3bec1-bba6-5a20-8ac6-44c7cb21ecc2-compact.parquet
e5d12df0-bbc9-5a16-b584-89c82c8977d9,0x5a9033c0293d62922a6a936b4ed8760c733af284cdd1c9fb8da800b1f9592ab0,counter-strike,Counter-Strike: KUUSAMO.gg vs LPH Gaming (BO3) - ESEA Advanced Europe Playoffs,moneyline,Counter-Strike: KUUSAMO.gg vs LPH Gaming (BO3) - ESEA Advanced Europe Playoffs,KUUSAMO.gg|LPH Gaming,LPH Gaming,2026-09-10T17:30:00Z,2026-09-11T01:30:00Z,2026-09-10T22:03:37Z,1637.79,2026-09-10T17:30:00Z,2026-09-10T22:02:36Z,history-e5d12df0-bbc9-5a16-b584-89c82c8977d9-compact.parquet
403f8615-7b9c-5dc6-865b-213c7670a1b5,0x30edf069bbf1c6d9be5d479b006408586aa1455fa12a159e6be1375d2cbf914e,counter-strike,Counter-Strike: KUUSAMO.gg vs LPH Gaming (BO3) - ESEA Advanced Europe Playoffs,rest,Games Total: O/U 2.5,Over|Under,Over,2026-09-10T17:40:00Z,2026-09-11T01:40:00Z,2026-09-10T22:03:37Z,0.00,2026-09-10T19:36:20Z,2026-09-10T22:02:50Z,history-403f8615-7b9c-5dc6-865b-213c7670a1b5-compact.parquet
4e649dd2-e55a-5e82-80b6-c95967ea222e,0x42064a2b044b26fdf31fbf5ac0c8ec945008102989a9c23c20d4bad77ca7a891,counter-strike,Counter-Strike: NAVI Junior vs OLDBOYS- (BO3) - ESEA Advanced Europe Playoffs,rest,Games Total: O/U 2.5,Over|Under,Over,2026-09-10T17:40:00Z,2026-09-11T01:40:00Z,2026-09-10T22:19:07Z,148.00,2026-09-10T20:01:13Z,2026-09-10T22:18:18Z,history-4e649dd2-e55a-5e82-80b6-c95967ea222e-compact.parquet
6a683fac-e170-5926-af28-b5baf0325f56,0xf8ed2f16b4c8bdc8359f35893968e1da2bf0c1cc9397934fa734e84971e7ed89,counter-strike,Counter-Strike: KUUSAMO.gg vs LPH Gaming (BO3) - ESEA Advanced Europe Playoffs,segment_winner:map1,Counter-Strike: KUUSAMO.gg vs LPH Gaming - Map 1 Winner,KUUSAMO.gg|LPH Gaming,KUUSAMO.gg,2026-09-10T17:40:00Z,2026-09-11T01:40:00Z,2026-09-10T20:19:24Z,212.90,2026-09-10T18:19:11Z,2026-09-10T20:18:35Z,history-6a683fac-e170-5926-af28-b5baf0325f56-compact.parquet
877a90c8-22c8-5bcd-ac56-b2dc1db4b9b8,0x4dc4cd9f5bee1ac0414e1f21c8fc3a819e32591b6e4ad847b356eef85156df36,counter-strike,Counter-Strike: NAVI Junior vs OLDBOYS- (BO3) - ESEA Advanced Europe Playoffs,segment_winner:map2,Counter-Strike: NAVI Junior vs OLDBOYS- - Map 2 Winner,NAVI Junior|OLDBOYS-,OLDBOYS-,2026-09-10T17:40:00Z,2026-09-11T01:40:00Z,2026-09-10T21:22:26Z,92.99,2026-09-10T19:36:20Z,2026-09-10T21:21:32Z,history-877a90c8-22c8-5bcd-ac56-b2dc1db4b9b8-compact.parquet
f2a16817-ffe1-5207-b883-72358b2fc676,0x04f101c7a6973e0f699610b143368be8bf87c34c7c943fbfdd084370366e19e0,counter-strike,Counter-Strike: KUUSAMO.gg vs LPH Gaming (BO3) - ESEA Advanced Europe Playoffs,spread,Map Handicap: LPH (-1.5) vs KUUSAMO.gg (+1.5),LPH Gaming|KUUSAMO.gg,KUUSAMO.gg,2026-09-10T17:40:00Z,2026-09-11T01:40:00Z,2026-09-10T22:03:37Z,0.00,2026-09-10T20:13:40Z,2026-09-10T22:03:32Z,history-f2a16817-ffe1-5207-b883-72358b2fc676-compact.parquet
af61b5cd-3878-5fb6-b905-7fe34f9f45d0,0xcdcea7dcc2532356516080acc2f0d8b5d7f040f2b5f39abf4ff4aeba727521a8,counter-strike,Counter-Strike: Back to Back  vs Galorys (BO3) - PGL Masters Bucharest: South American Closed Qualifier Playoffs,spread,Map Handicap: Back to Back  (-1.5) vs Galorys (+1.5),Back to Back |Galorys,Galorys,2026-09-10T17:50:00Z,2026-09-11T01:50:00Z,2026-09-10T21:34:45Z,50.00,2026-09-10T19:49:00Z,2026-09-10T21:33:47Z,history-af61b5cd-3878-5fb6-b905-7fe34f9f45d0-compact.parquet
b845ba10-55c6-55d6-8244-78b7fdb01c61,0x1845f228e3be055c4c0cb4e79c7c53fb3f25ec34be64c00ae73083df0a77dcac,counter-strike,Counter-Strike: gothboiclique vs Quintessence (BO3) - CCT Europe Contenders #9 Playoffs,moneyline,Counter-Strike: gothboiclique vs Quintessence (BO3) - CCT Europe Contenders #9 Playoffs,gothboiclique|Quintessence,Quintessence,2026-09-10T18:15:00Z,2026-09-11T02:15:00Z,2026-09-10T23:26:06Z,1405.58,2026-09-10T18:15:00Z,2026-09-10T23:25:48Z,history-b845ba10-55c6-55d6-8244-78b7fdb01c61-compact.parquet
4a03ab63-cea5-57fb-b717-1dd3b5d8f4ab,0x1095d62f38fc503c2219825500f0e6f5c323af9e8327bb7ee7921295771702ea,counter-strike,Counter-Strike: TitanFlow vs BOJONG (BO3) - CCT Europe Contenders #9 Playoffs,segment_winner:map1,Counter-Strike: TitanFlow vs BOJONG - Map 1 Winner,TitanFlow|BOJONG,TitanFlow,2026-09-10T18:45:00Z,2026-09-11T02:45:00Z,2026-09-10T21:38:07Z,0.00,2026-09-10T18:59:35Z,2026-09-10T21:37:43Z,history-4a03ab63-cea5-57fb-b717-1dd3b5d8f4ab-compact.parquet
5cbfb8b9-f30d-5da8-bdee-cfc1946676e1,0x6d940db418f2a39a9cc044abbf14048fdd7e67989164bf649e15ba48705a82eb,counter-strike,Counter-Strike: Giant Pandas vs Flame Hard (BO1) - Roman Imperium Cup Group B,moneyline,Counter-Strike: Giant Pandas vs Flame Hard (BO1) - Roman Imperium Cup Group B,Giant Pandas|Flame Hard,Flame Hard,2026-09-10T18:45:00Z,2026-09-11T02:45:00Z,2026-09-10T23:50:25Z,2544.91,2026-09-10T19:36:20Z,2026-09-10T23:49:08Z,history-5cbfb8b9-f30d-5da8-bdee-cfc1946676e1-compact.parquet
68a0708d-b95f-5d3e-bdd4-a35c95254e5e,0xbf6e0ad914369d5468178a01e2670a0be13af5c0e879367e64756f38b244be79,counter-strike,Counter-Strike: gothboiclique vs Quintessence (BO3) - CCT Europe Contenders #9 Playoffs,segment_winner:map1,Counter-Strike: gothboiclique vs Quintessence - Map 1 Winner,gothboiclique|Quintessence,Quintessence,2026-09-10T18:45:00Z,2026-09-11T02:45:00Z,2026-09-10T21:38:08Z,1232.19,2026-09-10T19:49:00Z,2026-09-10T21:37:20Z,history-68a0708d-b95f-5d3e-bdd4-a35c95254e5e-compact.parquet
97ddbb37-ef92-53fb-a3c4-b575dd10254c,0x5f224b025650a11718e3d954ac75b035bfd1238f972fe7973ed8d55de6b54c19,counter-strike,Counter-Strike: gothboiclique vs Quintessence (BO3) - CCT Europe Contenders #9 Playoffs,segment_winner:map2,Counter-Strike: gothboiclique vs Quintessence - Map 2 Winner,gothboiclique|Quintessence,gothboiclique,2026-09-10T18:45:00Z,2026-09-11T02:45:00Z,2026-09-10T22:35:24Z,0.00,2026-09-10T19:48:59Z,2026-09-10T22:34:23Z,history-97ddbb37-ef92-53fb-a3c4-b575dd10254c-compact.parquet
ee55cfec-5e3e-50fd-918b-cc50372954a7,0xe607c35703096ef8fde86c23386e2a943d77d574c3b30c94fd0692b0e1cbd1cc,counter-strike,Counter-Strike: gothboiclique vs Quintessence (BO3) - CCT Europe Contenders #9 Playoffs,rest,Games Total: O/U 2.5,Over|Under,Over,2026-09-10T18:45:00Z,2026-09-11T02:45:00Z,2026-09-10T23:26:06Z,45.02,2026-09-10T20:38:01Z,2026-09-10T23:25:49Z,history-ee55cfec-5e3e-50fd-918b-cc50372954a7-compact.parquet
0e40d26a-2e3f-5cea-8bfb-7af7c243dfb7,0xdc4aab324ec2a306cf204eeab6f16329140c0229818957d8edbe2a778cc18a99,counter-strike,Counter-Strike: 6666 vs Nice Try (BO1) - Roman Imperium Cup Group B,moneyline,Counter-Strike: 6666 vs Nice Try (BO1) - Roman Imperium Cup Group B,6666|Nice Try,6666,2026-09-10T19:15:00Z,2026-09-11T03:15:00Z,2026-09-10T23:49:07Z,2011.82,2026-09-10T19:15:00Z,2026-09-10T23:48:41Z,history-0e40d26a-2e3f-5cea-8bfb-7af7c243dfb7-compact.parquet
1884312d-2d61-5210-9584-c5a33427a8ff,0x159f39f5c62f0cd9362d28ea1a2dbce7aae76224df883499999f59c0d681b6bb,counter-strike,Counter-Strike: Fluxo W7M vs DENDELE CS (BO3) - PGL Masters Bucharest: South American Closed Qualifier Playoffs,segment_winner:map1,Counter-Strike: Fluxo W7M vs DENDELE CS - Map 1 Winner,Fluxo W7M|DENDELE CS,Fluxo W7M,2026-09-10T20:00:00Z,2026-09-11T04:00:00Z,2026-09-10T22:34:37Z,73.39,2026-09-10T20:00:00Z,2026-09-10T22:34:23Z,history-1884312d-2d61-5210-9584-c5a33427a8ff-compact.parquet
2ac879d0-44a1-55bf-8383-3884c8acfb5a,0xdd720e48c32b7ffac674bdad2d9744bfd7a5ef1616f77cb02334defbfb95d20e,counter-strike,Counter-Strike: Marsborne vs Without a Roof (BO3) - NSTLGA League Playoffs,segment_winner:map1,Counter-Strike: Marsborne vs Without a Roof - Map 1 Winner,Marsborne|Without a Roof,Without a Roof,2026-09-10T20:00:00Z,2026-09-11T04:00:00Z,2026-09-10T22:57:07Z,52.00,2026-09-10T21:06:38Z,2026-09-10T22:56:52Z,history-2ac879d0-44a1-55bf-8383-3884c8acfb5a-compact.parquet
5490b0b6-4085-5940-ba0a-4b0aa6f818bf,0x4006a93b597717e1cf35f0c0743600343d3894fb077644ca2b8fe98f0d9555e2,counter-strike,Counter-Strike: Marsborne vs Without a Roof (BO3) - NSTLGA League Playoffs,spread,Map Handicap: MARS (-1.5) vs Without a Roof (+1.5),Marsborne|Without a Roof,Without a Roof,2026-09-10T20:00:00Z,2026-09-11T04:00:00Z,2026-09-10T23:46:10Z,1562.56,2026-09-10T21:18:52Z,2026-09-10T23:45:56Z,history-5490b0b6-4085-5940-ba0a-4b0aa6f818bf-compact.parquet
a638e184-9638-50a4-9afa-aa706936e5cb,0x1e07c32b2e6543f6868bbcdf5d063e4ab2de4399a39194ea8911672e321bd0d5,counter-strike,Counter-Strike: Marsborne vs Without a Roof (BO3) - NSTLGA League Playoffs,moneyline,Counter-Strike: Marsborne vs Without a Roof (BO3) - NSTLGA League Playoffs,Marsborne|Without a Roof,Without a Roof,2026-09-10T20:00:00Z,2026-09-11T04:00:00Z,2026-09-10T23:46:10Z,41097.39,2026-09-10T20:00:00Z,2026-09-10T23:44:59Z,history-a638e184-9638-50a4-9afa-aa706936e5cb-compact.parquet
a7d28137-60f1-5857-85ad-f0da05f9d1e7,0x6cba359ffa5b30974c7e0be1f129f6b3ee50033fa4736d68beed32d03bae8b1a,counter-strike,Counter-Strike: Marsborne vs Without a Roof (BO3) - NSTLGA League Playoffs,segment_winner:map2,Counter-Strike: Marsborne vs Without a Roof - Map 2 Winner,Marsborne|Without a Roof,Without a Roof,2026-09-10T20:00:00Z,2026-09-11T04:00:00Z,2026-09-10T23:46:10Z,0.00,2026-09-10T21:06:38Z,2026-09-10T23:46:10Z,history-a7d28137-60f1-5857-85ad-f0da05f9d1e7-compact.parquet
c050bc53-0b25-5c8f-815d-9f9396701357,0xd1a61d056b115d0cc8e4ef222ea1566943794ca4f4e5a1e169f09ca9cfcba659,counter-strike,Counter-Strike: Marsborne vs Without a Roof (BO3) - NSTLGA League Playoffs,rest,Games Total: O/U 2.5,Over|Under,Under,2026-09-10T20:00:00Z,2026-09-11T04:00:00Z,2026-09-10T23:46:10Z,17.43,2026-09-10T21:59:25Z,2026-09-10T23:45:34Z,history-c050bc53-0b25-5c8f-815d-9f9396701357-compact.parquet
c8d2ede3-f228-5777-bbc1-27fae066a06b,0xb1a720c4389f087aa38fbac094f45241239f1edb38aaa5478cfc23634da7af8d,counter-strike,Counter-Strike: Marsborne vs Without a Roof (BO3) - NSTLGA League Playoffs,spread:map2,Map 2 Rounds Handicap: Marsborne (-3.5) vs Without a Roof (+3.5),Marsborne|Without a Roof,Without a Roof,2026-09-10T20:00:00Z,2026-09-11T04:00:00Z,2026-09-10T23:46:10Z,0.00,2026-09-10T23:43:54Z,2026-09-10T23:45:00Z,history-c8d2ede3-f228-5777-bbc1-27fae066a06b-compact.parquet
f2f79936-eee1-5f1f-911f-20aef126db52,0xc5171b6c455f2f0e7559e2f8e8e0f4faa49d3d8c1fad9686fd3923e5e1e64c9d,counter-strike,Counter-Strike: Fluxo W7M vs DENDELE CS (BO3) - PGL Masters Bucharest: South American Closed Qualifier Playoffs,segment_winner:map2,Counter-Strike: Fluxo W7M vs DENDELE CS - Map 2 Winner,Fluxo W7M|DENDELE CS,DENDELE CS,2026-09-10T20:00:00Z,2026-09-11T04:00:00Z,2026-09-10T23:28:25Z,230.50,2026-09-10T20:00:00Z,2026-09-10T23:28:04Z,history-f2f79936-eee1-5f1f-911f-20aef126db52-compact.parquet
7fc3ddea-43d9-5b91-b6ea-d250545b2cdf,0x4cd8479aafd96a1bef02ebae35e2d5425c513e4ff0163a4e2013de7814b34bf7,counter-strike,Counter-Strike: Fluxo W7M vs DENDELE CS (BO3) - PGL Masters Bucharest: South American Closed Qualifier Playoffs,spread:map2,Map 2 Rounds Handicap: DENDELE CS (-12.5) vs Fluxo W7M (+12.5),DENDELE CS|Fluxo W7M,Fluxo W7M,2026-09-10T21:00:00Z,2026-09-11T05:00:00Z,2026-09-10T23:28:26Z,0.00,2026-09-10T23:21:33Z,2026-09-10T23:28:04Z,history-7fc3ddea-43d9-5b91-b6ea-d250545b2cdf-compact.parquet
