market_id,condition_id,series,event,subtype,question,outcomes,winning_outcome,open_time,close_time,resolved_at,volume_usd,data_start,data_end,file
1154a001-ee14-5faf-8548-a51737a6ee54,0x6913a62d4fdae37d1de382a6d2b63b845f3e3037a89c1bcdc3ee3be5c97c8fb6,btc-up-or-down-5m,"Bitcoin Up or Down - June 14, 8:00PM-8:05PM ET",up_or_down,"Bitcoin Up or Down - June 14, 8:00PM-8:05PM ET",Up|Down,Down,2026-06-15T00:00:00Z,2026-06-15T00:05:00Z,2026-06-15T00:07:38Z,40.36,2026-06-15T00:00:00Z,2026-06-15T00:06:58Z,history-1154a001-ee14-5faf-8548-a51737a6ee54-compact.parquet
d5755774-28a0-5ac4-8374-babc3b01d1ec,0xeb4e881324b1f24874cbac6acd54699eb267b13c4e173f749bce5a1dcf941648,btc-up-or-down-15m,"Bitcoin Up or Down - June 14, 8:00PM-8:15PM ET",up_or_down,"Bitcoin Up or Down - June 14, 8:00PM-8:15PM ET",Up|Down,Up,2026-06-15T00:00:00Z,2026-06-15T00:15:00Z,2026-06-15T00:17:39Z,37.90,2026-06-15T00:00:00Z,2026-06-15T00:16:53Z,history-d5755774-28a0-5ac4-8374-babc3b01d1ec-compact.parquet
d8d0e814-b694-5e28-942a-e3e07b9a31e0,0x43009f4b0fa3a944c9acde223bf8ed3007e013ef0dbb0ff67f14af79252c4ac6,btc-up-or-down-hourly,"Bitcoin Up or Down - June 14, 8PM ET",up_or_down,"Bitcoin Up or Down - June 14, 8PM ET",Up|Down,Down,2026-06-15T00:00:00Z,2026-06-15T01:00:00Z,2026-06-15T01:09:41Z,20.42,2026-06-15T00:00:00Z,2026-06-15T01:09:41Z,history-d8d0e814-b694-5e28-942a-e3e07b9a31e0-compact.parquet
f82cbaed-a669-5966-afed-317dd424a7b3,0x9e899c79cb86c77c4b70c208ce569d8d8b9ba87fb1b90eb3f2a37c1da462eb36,btc-up-or-down-5m,"Bitcoin Up or Down - June 14, 8:05PM-8:10PM ET",up_or_down,"Bitcoin Up or Down - June 14, 8:05PM-8:10PM ET",Up|Down,Up,2026-06-15T00:05:00Z,2026-06-15T00:10:00Z,2026-06-15T00:11:28Z,1.02,2026-06-15T00:05:00Z,2026-06-15T00:11:19Z,history-f82cbaed-a669-5966-afed-317dd424a7b3-compact.parquet
306385d4-8c43-5719-b8f3-268cf283efaf,0x56cb4d912d1049901f11978537ea1ccd581af0741afc763d4a7f8382ac34f45e,btc-up-or-down-5m,"Bitcoin Up or Down - June 14, 8:10PM-8:15PM ET",up_or_down,"Bitcoin Up or Down - June 14, 8:10PM-8:15PM ET",Up|Down,Up,2026-06-15T00:10:00Z,2026-06-15T00:15:00Z,2026-06-15T00:17:39Z,10.00,2026-06-15T00:10:00Z,2026-06-15T00:17:35Z,history-306385d4-8c43-5719-b8f3-268cf283efaf-compact.parquet
1d74d3e0-3e81-5cb4-a447-22ed742b4393,0x32b7e1d1a9a5c2b9b7c2462b05c6195a3fde5e08e08ca6192ec771276d0b7e2d,btc-up-or-down-5m,"Bitcoin Up or Down - June 14, 8:15PM-8:20PM ET",up_or_down,"Bitcoin Up or Down - June 14, 8:15PM-8:20PM ET",Up|Down,Down,2026-06-15T00:15:00Z,2026-06-15T00:20:00Z,2026-06-15T00:21:30Z,1.96,2026-06-15T00:15:30Z,2026-06-15T00:21:27Z,history-1d74d3e0-3e81-5cb4-a447-22ed742b4393-compact.parquet
af0412c8-87a9-537f-a500-8eaa7f409956,0x476a1979b6bdf3ece4e8c92194b4a538a50517455209ee7be44475269d0ec104,btc-up-or-down-15m,"Bitcoin Up or Down - June 14, 8:15PM-8:30PM ET",up_or_down,"Bitcoin Up or Down - June 14, 8:15PM-8:30PM ET",Up|Down,Down,2026-06-15T00:15:00Z,2026-06-15T00:30:00Z,2026-06-15T00:31:58Z,34.00,2026-06-15T00:15:00Z,2026-06-15T00:31:13Z,history-af0412c8-87a9-537f-a500-8eaa7f409956-compact.parquet
4f1b2dab-8420-548e-8e7f-d9ef3fb7c843,0x155bcf282817cdc2e62e64b0052b7ea195b7e66ba3001ca16c3f9de6c43f3bc2,btc-up-or-down-5m,"Bitcoin Up or Down - June 14, 8:20PM-8:25PM ET",up_or_down,"Bitcoin Up or Down - June 14, 8:20PM-8:25PM ET",Up|Down,Down,2026-06-15T00:20:00Z,2026-06-15T00:25:00Z,2026-06-15T00:26:58Z,0.00,2026-06-15T00:20:00Z,2026-06-15T00:26:53Z,history-4f1b2dab-8420-548e-8e7f-d9ef3fb7c843-compact.parquet
26f5ec5d-8c7a-532e-a812-b2cb17c8635c,0x9b0dbc1808467b96e64b154ed35684aa92c35907fc6bf2d3c1130dae8fc53ede,btc-up-or-down-5m,"Bitcoin Up or Down - June 14, 8:25PM-8:30PM ET",up_or_down,"Bitcoin Up or Down - June 14, 8:25PM-8:30PM ET",Up|Down,Up,2026-06-15T00:25:00Z,2026-06-15T00:30:00Z,2026-06-15T00:31:58Z,1.96,2026-06-15T00:25:00Z,2026-06-15T00:31:24Z,history-26f5ec5d-8c7a-532e-a812-b2cb17c8635c-compact.parquet
32242e1d-86d5-5d56-ba24-5d4b7a7ce5ee,0x969ae6a15693b65da463936ac178adac805bda1f152fca410beeec269dbc9443,btc-up-or-down-15m,"Bitcoin Up or Down - June 14, 8:30PM-8:45PM ET",up_or_down,"Bitcoin Up or Down - June 14, 8:30PM-8:45PM ET",Up|Down,Down,2026-06-15T00:30:00Z,2026-06-15T00:45:00Z,2026-06-15T00:46:37Z,0.00,2026-06-15T00:30:00Z,2026-06-15T00:46:33Z,history-32242e1d-86d5-5d56-ba24-5d4b7a7ce5ee-compact.parquet
4be14749-00b5-5f75-8b32-a917c6eb29ee,0xf3ca8b3bf0a35a1192827743c2f371610d5298fe81b4675f2ee499fe5aeb5638,btc-up-or-down-5m,"Bitcoin Up or Down - June 14, 8:30PM-8:35PM ET",up_or_down,"Bitcoin Up or Down - June 14, 8:30PM-8:35PM ET",Up|Down,Down,2026-06-15T00:30:00Z,2026-06-15T00:35:00Z,2026-06-15T00:36:38Z,49.70,2026-06-15T00:30:00Z,2026-06-15T00:36:38Z,history-4be14749-00b5-5f75-8b32-a917c6eb29ee-compact.parquet
a2ca679f-f8d6-5aa8-ae22-586bad414b7d,0xef4651659df30b4da587a2b147a44466284a5afc863db5b0f2d17c249b0ef948,btc-up-or-down-5m,"Bitcoin Up or Down - June 14, 8:35PM-8:40PM ET",up_or_down,"Bitcoin Up or Down - June 14, 8:35PM-8:40PM ET",Up|Down,Down,2026-06-15T00:35:00Z,2026-06-15T00:40:00Z,2026-06-15T00:42:01Z,101.66,2026-06-15T00:35:00Z,2026-06-15T00:41:33Z,history-a2ca679f-f8d6-5aa8-ae22-586bad414b7d-compact.parquet
710d4220-78d0-5c8f-a4e6-8eae4e603ad1,0x3779272a5541331e6ffaf681cfdb78f80d07c2f0dbc39f92feb5a10142e7be20,btc-up-or-down-5m,"Bitcoin Up or Down - June 14, 8:40PM-8:45PM ET",up_or_down,"Bitcoin Up or Down - June 14, 8:40PM-8:45PM ET",Up|Down,Up,2026-06-15T00:40:00Z,2026-06-15T00:45:00Z,2026-06-15T00:46:33Z,15.00,2026-06-15T00:40:00Z,2026-06-15T00:45:49Z,history-710d4220-78d0-5c8f-a4e6-8eae4e603ad1-compact.parquet
59677a5d-b421-55f4-9da4-0505f4c678e2,0xff6e5dc1909d1024822c387b15b113c91cecf0befe727877f7441569263ab7d4,btc-up-or-down-5m,"Bitcoin Up or Down - June 14, 8:45PM-8:50PM ET",up_or_down,"Bitcoin Up or Down - June 14, 8:45PM-8:50PM ET",Up|Down,Up,2026-06-15T00:45:00Z,2026-06-15T00:50:00Z,2026-06-15T00:51:28Z,21.56,2026-06-15T00:45:49Z,2026-06-15T00:51:08Z,history-59677a5d-b421-55f4-9da4-0505f4c678e2-compact.parquet
80f525d3-7f12-53fe-80f7-3abafcc53331,0x4ad675e748f0eaf818622d86e8b1e065f44fb7f0c4f37d29829b9dedfd02e46e,btc-up-or-down-15m,"Bitcoin Up or Down - June 14, 8:45PM-9:00PM ET",up_or_down,"Bitcoin Up or Down - June 14, 8:45PM-9:00PM ET",Up|Down,Up,2026-06-15T00:45:00Z,2026-06-15T01:00:00Z,2026-06-15T01:01:34Z,5.00,2026-06-15T00:45:00Z,2026-06-15T01:01:07Z,history-80f525d3-7f12-53fe-80f7-3abafcc53331-compact.parquet
c83b1a9c-2985-5853-9ff8-ee144034138f,0x1242ad7b4e7af84abad8deb1a8e82f7c63d0f0cac28b816be5bcfd712cc7ab26,btc-up-or-down-5m,"Bitcoin Up or Down - June 14, 8:50PM-8:55PM ET",up_or_down,"Bitcoin Up or Down - June 14, 8:50PM-8:55PM ET",Up|Down,Up,2026-06-15T00:50:00Z,2026-06-15T00:55:00Z,2026-06-15T00:56:25Z,0.00,2026-06-15T00:50:00Z,2026-06-15T00:55:59Z,history-c83b1a9c-2985-5853-9ff8-ee144034138f-compact.parquet
693289b2-f373-55b2-a1c3-c11fd70bb7a6,0x899ce130920359f8ab4f7d3d21a36a49eeac95f9a18e376e08a5165fbfd32cad,btc-up-or-down-5m,"Bitcoin Up or Down - June 14, 8:55PM-9:00PM ET",up_or_down,"Bitcoin Up or Down - June 14, 8:55PM-9:00PM ET",Up|Down,Up,2026-06-15T00:55:00Z,2026-06-15T01:00:00Z,2026-06-15T01:01:34Z,70.31,2026-06-15T00:55:00Z,2026-06-15T01:00:53Z,history-693289b2-f373-55b2-a1c3-c11fd70bb7a6-compact.parquet
048ea7d2-258d-5d80-baa1-d0181d1bb6fc,0x709b57d7b993edc6ba9d398d78aa93cb66f0a238d9688403b41f502f4c7bf0be,btc-up-or-down-5m,"Bitcoin Up or Down - June 14, 9:00PM-9:05PM ET",up_or_down,"Bitcoin Up or Down - June 14, 9:00PM-9:05PM ET",Up|Down,Down,2026-06-15T01:00:00Z,2026-06-15T01:05:00Z,2026-06-15T01:06:38Z,31.82,2026-06-15T01:00:00Z,2026-06-15T01:06:25Z,history-048ea7d2-258d-5d80-baa1-d0181d1bb6fc-compact.parquet
174b4aff-c558-5f87-8ac0-1841fc478385,0xa7dd6c5469908e5ae66c7f511c11de54e8b053137da27cb1c74dca2bd30c2177,btc-up-or-down-15m,"Bitcoin Up or Down - June 14, 9:00PM-9:15PM ET",up_or_down,"Bitcoin Up or Down - June 14, 9:00PM-9:15PM ET",Up|Down,Down,2026-06-15T01:00:00Z,2026-06-15T01:15:00Z,2026-06-15T01:16:33Z,35.27,2026-06-15T01:00:00Z,2026-06-15T01:16:30Z,history-174b4aff-c558-5f87-8ac0-1841fc478385-compact.parquet
d693a599-6199-5d29-97bd-8066f1843c41,0x76cf9280424e2d6367789b17c66eb4f6083e3a04f13c185014fa8281026bbeca,btc-up-or-down-hourly,"Bitcoin Up or Down - June 14, 9PM ET",up_or_down,"Bitcoin Up or Down - June 14, 9PM ET",Up|Down,Down,2026-06-15T01:00:00Z,2026-06-15T02:00:00Z,2026-06-15T02:09:35Z,26.44,2026-06-15T01:00:00Z,2026-06-15T02:09:35Z,history-d693a599-6199-5d29-97bd-8066f1843c41-compact.parquet
deca1a6d-2c67-5c55-8039-9824350ef453,0x7f819cb089944716e7f68b00adff577052ae9c7592faca5ef3411cb5da6c244c,btc-up-or-down-5m,"Bitcoin Up or Down - June 14, 9:05PM-9:10PM ET",up_or_down,"Bitcoin Up or Down - June 14, 9:05PM-9:10PM ET",Up|Down,Up,2026-06-15T01:05:00Z,2026-06-15T01:10:00Z,2026-06-15T01:11:35Z,88.88,2026-06-15T01:05:00Z,2026-06-15T01:11:33Z,history-deca1a6d-2c67-5c55-8039-9824350ef453-compact.parquet
ca11ec36-bb9a-5e44-9c15-16ce6e9f898b,0x676019c82457dfb6a8a2e03a01dddbfa693914e63fbeceaed7e0e81d3c64bea8,btc-up-or-down-5m,"Bitcoin Up or Down - June 14, 9:10PM-9:15PM ET",up_or_down,"Bitcoin Up or Down - June 14, 9:10PM-9:15PM ET",Up|Down,Up,2026-06-15T01:10:00Z,2026-06-15T01:15:00Z,2026-06-15T01:16:33Z,70.74,2026-06-15T01:10:00Z,2026-06-15T01:16:22Z,history-ca11ec36-bb9a-5e44-9c15-16ce6e9f898b-compact.parquet
47eaa8ae-24ac-566e-a1d9-3fb7f4cf61db,0x9c1dd58f77540aafbd0f70a5f4d0be3fc2a9e7337f42cd7e818cf2c7c1e890e5,btc-up-or-down-5m,"Bitcoin Up or Down - June 14, 9:15PM-9:20PM ET",up_or_down,"Bitcoin Up or Down - June 14, 9:15PM-9:20PM ET",Up|Down,Down,2026-06-15T01:15:00Z,2026-06-15T01:20:00Z,2026-06-15T01:21:28Z,145.66,2026-06-15T01:15:44Z,2026-06-15T01:20:55Z,history-47eaa8ae-24ac-566e-a1d9-3fb7f4cf61db-compact.parquet
6f56bd7f-af52-519b-b8aa-a6a1e80f4e62,0x2caa95358e99b2236222527b2f4c74423c7f00199025357ac9ab5328d8fb607f,btc-up-or-down-15m,"Bitcoin Up or Down - June 14, 9:15PM-9:30PM ET",up_or_down,"Bitcoin Up or Down - June 14, 9:15PM-9:30PM ET",Up|Down,Down,2026-06-15T01:15:00Z,2026-06-15T01:30:00Z,2026-06-15T01:31:29Z,5.00,2026-06-15T01:15:00Z,2026-06-15T01:31:24Z,history-6f56bd7f-af52-519b-b8aa-a6a1e80f4e62-compact.parquet
2cfee536-31fa-5fca-a23d-f49da1396c17,0xb2f76964046543449bcbe6a7c57a36276c8983ce27d41a2b2360762aec92fd3d,btc-up-or-down-5m,"Bitcoin Up or Down - June 14, 9:20PM-9:25PM ET",up_or_down,"Bitcoin Up or Down - June 14, 9:20PM-9:25PM ET",Up|Down,Down,2026-06-15T01:20:00Z,2026-06-15T01:25:00Z,2026-06-15T01:26:28Z,104.97,2026-06-15T01:20:00Z,2026-06-15T01:25:46Z,history-2cfee536-31fa-5fca-a23d-f49da1396c17-compact.parquet
00f5adf5-00f0-5e5a-b58f-7c750b5479c0,0x37052cbeeeb721b16915dfbde0521f481a5f152e8a5da3b925924547e958fd98,btc-up-or-down-5m,"Bitcoin Up or Down - June 14, 9:25PM-9:30PM ET",up_or_down,"Bitcoin Up or Down - June 14, 9:25PM-9:30PM ET",Up|Down,Down,2026-06-15T01:25:00Z,2026-06-15T01:30:00Z,2026-06-15T01:31:33Z,105.11,2026-06-15T01:25:00Z,2026-06-15T01:30:41Z,history-00f5adf5-00f0-5e5a-b58f-7c750b5479c0-compact.parquet
41dee1fa-ad3e-5e3d-a0c6-61454650eb29,0x4dc9843cf428a965c88df30b2b868b985c2d1cd2a4c84ecc2341288306d84866,btc-up-or-down-5m,"Bitcoin Up or Down - June 14, 9:30PM-9:35PM ET",up_or_down,"Bitcoin Up or Down - June 14, 9:30PM-9:35PM ET",Up|Down,Up,2026-06-15T01:30:00Z,2026-06-15T01:35:00Z,2026-06-15T01:36:54Z,105.08,2026-06-15T01:30:00Z,2026-06-15T01:36:16Z,history-41dee1fa-ad3e-5e3d-a0c6-61454650eb29-compact.parquet
7e1fa14e-c14a-50c1-9bdb-bcce2ec55487,0x1c2b2de5f581b2caa5a952f09491fa9c06d1aed29630bfbd921c11348119f925,btc-up-or-down-15m,"Bitcoin Up or Down - June 14, 9:30PM-9:45PM ET",up_or_down,"Bitcoin Up or Down - June 14, 9:30PM-9:45PM ET",Up|Down,Up,2026-06-15T01:30:00Z,2026-06-15T01:45:00Z,2026-06-15T01:46:34Z,0.00,2026-06-15T01:30:00Z,2026-06-15T01:46:26Z,history-7e1fa14e-c14a-50c1-9bdb-bcce2ec55487-compact.parquet
e8df7aab-7032-5e96-b6b7-1c4526c2adbd,0xf71713ebe8fa6598216a9bb4f81b7abe3d681c88ae72e8be8d851ec7b1ae7fed,btc-up-or-down-5m,"Bitcoin Up or Down - June 14, 9:35PM-9:40PM ET",up_or_down,"Bitcoin Up or Down - June 14, 9:35PM-9:40PM ET",Up|Down,Up,2026-06-15T01:35:00Z,2026-06-15T01:40:00Z,2026-06-15T01:41:26Z,105.14,2026-06-15T01:35:00Z,2026-06-15T01:40:47Z,history-e8df7aab-7032-5e96-b6b7-1c4526c2adbd-compact.parquet
2fc2d401-60dd-5dcf-a162-3fedf5091558,0xca9b410ab46f71b7a8889888ae51a2d81bdeedbb0b1783f4e0237dc72539291e,btc-up-or-down-5m,"Bitcoin Up or Down - June 14, 9:40PM-9:45PM ET",up_or_down,"Bitcoin Up or Down - June 14, 9:40PM-9:45PM ET",Up|Down,Up,2026-06-15T01:40:00Z,2026-06-15T01:45:00Z,2026-06-15T01:46:40Z,95.50,2026-06-15T01:40:00Z,2026-06-15T01:46:04Z,history-2fc2d401-60dd-5dcf-a162-3fedf5091558-compact.parquet
308c1773-2a51-555e-8f19-4e742e2c78d6,0x722a255d185566eedd94b13cd84d6b0d8e11a2b4712bd5c52f67b263f063a2e8,btc-up-or-down-5m,"Bitcoin Up or Down - June 14, 9:45PM-9:50PM ET",up_or_down,"Bitcoin Up or Down - June 14, 9:45PM-9:50PM ET",Up|Down,Down,2026-06-15T01:45:00Z,2026-06-15T01:50:00Z,2026-06-15T01:51:38Z,84.81,2026-06-15T01:45:34Z,2026-06-15T01:51:11Z,history-308c1773-2a51-555e-8f19-4e742e2c78d6-compact.parquet
6f2b870a-6d6a-5cde-b3cd-d757417cd657,0xb72b0543af38a9e0080c683bfdf100f9867facf6933c8134344f6be3138913cd,btc-up-or-down-15m,"Bitcoin Up or Down - June 14, 9:45PM-10:00PM ET",up_or_down,"Bitcoin Up or Down - June 14, 9:45PM-10:00PM ET",Up|Down,Down,2026-06-15T01:45:00Z,2026-06-15T02:00:00Z,2026-06-15T02:01:29Z,5.00,2026-06-15T01:45:00Z,2026-06-15T02:00:35Z,history-6f2b870a-6d6a-5cde-b3cd-d757417cd657-compact.parquet
c5a563c6-61a7-5f25-9225-e38ae9eb65b4,0xb695d1fe7dd293f27f2787e29cc3f1e4d5eea5982e64aa69dd5dbc34450fc412,btc-up-or-down-5m,"Bitcoin Up or Down - June 14, 9:50PM-9:55PM ET",up_or_down,"Bitcoin Up or Down - June 14, 9:50PM-9:55PM ET",Up|Down,Down,2026-06-15T01:50:00Z,2026-06-15T01:55:00Z,2026-06-15T01:56:28Z,106.59,2026-06-15T01:50:00Z,2026-06-15T01:55:48Z,history-c5a563c6-61a7-5f25-9225-e38ae9eb65b4-compact.parquet
28a01adb-79c5-5f90-91c6-4ebd1e9385ba,0x11dd47c377d3575e7d5a3c344271e35cf554cdaf6740ba0962d4e5813a2e8b84,btc-up-or-down-5m,"Bitcoin Up or Down - June 14, 9:55PM-10:00PM ET",up_or_down,"Bitcoin Up or Down - June 14, 9:55PM-10:00PM ET",Up|Down,Up,2026-06-15T01:55:00Z,2026-06-15T02:00:00Z,2026-06-15T02:01:35Z,197.54,2026-06-15T01:55:00Z,2026-06-15T02:01:33Z,history-28a01adb-79c5-5f90-91c6-4ebd1e9385ba-compact.parquet
a6e380d2-c4a7-5a79-8c54-5670d3b5ffd4,0x32ee67a6b2cb4b3c17def0f6552a9d2a0d166ab806d65745128eb684034d2b6f,btc-up-or-down-15m,"Bitcoin Up or Down - June 14, 10:00PM-10:15PM ET",up_or_down,"Bitcoin Up or Down - June 14, 10:00PM-10:15PM ET",Up|Down,Up,2026-06-15T02:00:00Z,2026-06-15T02:15:00Z,2026-06-15T02:16:33Z,20.00,2026-06-15T02:00:00Z,2026-06-15T02:15:50Z,history-a6e380d2-c4a7-5a79-8c54-5670d3b5ffd4-compact.parquet
b01aa8c2-d5fc-5ff0-a86c-a3eaa40c38c5,0x5201489cddc43a230d5bc194cbc4288f055d564a1bb856ab34a97f8a04ff2208,btc-up-or-down-hourly,"Bitcoin Up or Down - June 14, 10PM ET",up_or_down,"Bitcoin Up or Down - June 14, 10PM ET",Up|Down,Down,2026-06-15T02:00:00Z,2026-06-15T03:00:00Z,2026-06-15T03:09:42Z,40.12,2026-06-15T02:00:00Z,2026-06-15T03:09:42Z,history-b01aa8c2-d5fc-5ff0-a86c-a3eaa40c38c5-compact.parquet
d294dfb6-0e6e-5d44-a6a7-9c67d869ef14,0xfbb6ccc44dcafb16319eda81e7b6ad0af7552745c7f6589cf987bcfd6c788426,btc-up-or-down-5m,"Bitcoin Up or Down - June 14, 10:00PM-10:05PM ET",up_or_down,"Bitcoin Up or Down - June 14, 10:00PM-10:05PM ET",Up|Down,Up,2026-06-15T02:00:00Z,2026-06-15T02:05:00Z,2026-06-15T02:07:38Z,102.46,2026-06-15T02:00:00Z,2026-06-15T02:07:25Z,history-d294dfb6-0e6e-5d44-a6a7-9c67d869ef14-compact.parquet
20e99e0c-0861-5b6f-b0b2-6a779a911571,0x76a85d159b2db468e87e1d14bea141777fd4a225825b8114434cafce08e34f14,btc-up-or-down-5m,"Bitcoin Up or Down - June 14, 10:05PM-10:10PM ET",up_or_down,"Bitcoin Up or Down - June 14, 10:05PM-10:10PM ET",Up|Down,Up,2026-06-15T02:05:00Z,2026-06-15T02:10:00Z,2026-06-15T02:11:29Z,461.21,2026-06-15T02:05:00Z,2026-06-15T02:11:20Z,history-20e99e0c-0861-5b6f-b0b2-6a779a911571-compact.parquet
a4013713-3670-5b80-a01a-47fd25b3849b,0x619d1f341cfba14aacdf9c41d985fa0ede7871c102e79e2007d13ec1eebf5ce0,btc-up-or-down-5m,"Bitcoin Up or Down - June 14, 10:10PM-10:15PM ET",up_or_down,"Bitcoin Up or Down - June 14, 10:10PM-10:15PM ET",Up|Down,Up,2026-06-15T02:10:00Z,2026-06-15T02:15:00Z,2026-06-15T02:16:28Z,73.62,2026-06-15T02:10:00Z,2026-06-15T02:15:41Z,history-a4013713-3670-5b80-a01a-47fd25b3849b-compact.parquet
873d0fca-e90c-5473-b9ca-103f6add3bb0,0xd14596b92edb8baa055a6d447f2e5d2e14035bd40c1d953bf24a2b73c09fcc2f,btc-up-or-down-15m,"Bitcoin Up or Down - June 14, 10:15PM-10:30PM ET",up_or_down,"Bitcoin Up or Down - June 14, 10:15PM-10:30PM ET",Up|Down,Down,2026-06-15T02:15:00Z,2026-06-15T02:30:00Z,2026-06-15T02:31:28Z,45.96,2026-06-15T02:15:00Z,2026-06-15T02:30:57Z,history-873d0fca-e90c-5473-b9ca-103f6add3bb0-compact.parquet
f56a6410-85c8-54f7-aca2-02f02eddab82,0x3ce1b3b505abc8fbc1bc110c42962b60da66062bba3e0f62c2524a575ae2a991,btc-up-or-down-5m,"Bitcoin Up or Down - June 14, 10:15PM-10:20PM ET",up_or_down,"Bitcoin Up or Down - June 14, 10:15PM-10:20PM ET",Up|Down,Up,2026-06-15T02:15:00Z,2026-06-15T02:20:00Z,2026-06-15T02:21:32Z,70.26,2026-06-15T02:15:38Z,2026-06-15T02:21:29Z,history-f56a6410-85c8-54f7-aca2-02f02eddab82-compact.parquet
c20b9d0b-42d5-554c-8c77-0492c512b011,0x1275969fdb34a22041fca05e5cd1b5c74e5574a91b89d52e5a8a2926acd2419c,btc-up-or-down-5m,"Bitcoin Up or Down - June 14, 10:20PM-10:25PM ET",up_or_down,"Bitcoin Up or Down - June 14, 10:20PM-10:25PM ET",Up|Down,Up,2026-06-15T02:20:00Z,2026-06-15T02:25:00Z,2026-06-15T02:27:03Z,70.45,2026-06-15T02:20:00Z,2026-06-15T02:26:29Z,history-c20b9d0b-42d5-554c-8c77-0492c512b011-compact.parquet
64c390c0-3f47-5933-9a46-530e56da4569,0xc2dc8b9dec3f8fbd37a036d7bc2f7a499a3007629aec0fc466c39b4ae115a161,btc-up-or-down-5m,"Bitcoin Up or Down - June 14, 10:25PM-10:30PM ET",up_or_down,"Bitcoin Up or Down - June 14, 10:25PM-10:30PM ET",Up|Down,Down,2026-06-15T02:25:00Z,2026-06-15T02:30:00Z,2026-06-15T02:31:28Z,110.86,2026-06-15T02:25:00Z,2026-06-15T02:31:07Z,history-64c390c0-3f47-5933-9a46-530e56da4569-compact.parquet
361966ee-0503-5d3c-b0ce-1270d73a1f3e,0x7056464aee8855b8b464fa10d0c2ff72b7dca96d0243a33605bfe6cbddb481e8,btc-up-or-down-15m,"Bitcoin Up or Down - June 14, 10:30PM-10:45PM ET",up_or_down,"Bitcoin Up or Down - June 14, 10:30PM-10:45PM ET",Up|Down,Down,2026-06-15T02:30:00Z,2026-06-15T02:45:00Z,2026-06-15T02:47:03Z,5.00,2026-06-15T02:30:00Z,2026-06-15T02:46:48Z,history-361966ee-0503-5d3c-b0ce-1270d73a1f3e-compact.parquet
bc2dde60-e5eb-58b0-8dfb-c1d2a2e6b08d,0xea872f878c8cd2fdf04b3763cf2da3fa36674fd5f3ed181df4462eba211ac9d5,btc-up-or-down-5m,"Bitcoin Up or Down - June 14, 10:30PM-10:35PM ET",up_or_down,"Bitcoin Up or Down - June 14, 10:30PM-10:35PM ET",Up|Down,Down,2026-06-15T02:30:00Z,2026-06-15T02:35:00Z,2026-06-15T02:37:34Z,87.12,2026-06-15T02:30:00Z,2026-06-15T02:37:05Z,history-bc2dde60-e5eb-58b0-8dfb-c1d2a2e6b08d-compact.parquet
31fdd5f7-348f-5218-b0df-2f41c9ad643c,0xf5d234e9701e16b706e5abc6d2c5ebb4dc42a8041cdd1dbead9ef345f893eb1a,btc-up-or-down-5m,"Bitcoin Up or Down - June 14, 10:35PM-10:40PM ET",up_or_down,"Bitcoin Up or Down - June 14, 10:35PM-10:40PM ET",Up|Down,Up,2026-06-15T02:35:00Z,2026-06-15T02:40:00Z,2026-06-15T02:41:25Z,92.06,2026-06-15T02:35:00Z,2026-06-15T02:40:59Z,history-31fdd5f7-348f-5218-b0df-2f41c9ad643c-compact.parquet
8c0aa7f7-75c5-51bf-9279-34f58e276d1b,0x616fc345dc73ef52e06a24d85c7f09560861c1ba40c8700cf0e5565c8e62ae9e,btc-up-or-down-5m,"Bitcoin Up or Down - June 14, 10:40PM-10:45PM ET",up_or_down,"Bitcoin Up or Down - June 14, 10:40PM-10:45PM ET",Up|Down,Down,2026-06-15T02:40:00Z,2026-06-15T02:45:00Z,2026-06-15T02:46:58Z,152.20,2026-06-15T02:40:00Z,2026-06-15T02:46:04Z,history-8c0aa7f7-75c5-51bf-9279-34f58e276d1b-compact.parquet
f292d294-66f2-5ce5-abb4-21dbe9743a46,0xca331086ced9b37e835a28b8d2ab8f15d50192cc7dad5a40918344cad9ed3129,btc-up-or-down-5m,"Bitcoin Up or Down - June 14, 10:45PM-10:50PM ET",up_or_down,"Bitcoin Up or Down - June 14, 10:45PM-10:50PM ET",Up|Down,Down,2026-06-15T02:45:00Z,2026-06-15T02:50:00Z,2026-06-15T02:51:28Z,138.39,2026-06-15T02:45:35Z,2026-06-15T02:51:12Z,history-f292d294-66f2-5ce5-abb4-21dbe9743a46-compact.parquet
f4de5a03-5833-5d23-bf63-c1d3b28205eb,0xdc6b5b555e5139e3b2a3e08cd2e20bc50b834d5cdc7e675033cd836f54fdb51d,btc-up-or-down-15m,"Bitcoin Up or Down - June 14, 10:45PM-11:00PM ET",up_or_down,"Bitcoin Up or Down - June 14, 10:45PM-11:00PM ET",Up|Down,Down,2026-06-15T02:45:00Z,2026-06-15T03:00:00Z,2026-06-15T03:01:33Z,0.00,2026-06-15T02:45:00Z,2026-06-15T03:00:57Z,history-f4de5a03-5833-5d23-bf63-c1d3b28205eb-compact.parquet
62ef40ed-495a-5fc8-b54b-916ace70e937,0x7dc262c3341b8f0fd75b9ca4b0fbb39f722c129fe889876a591c2df5f9a3ca0b,btc-up-or-down-5m,"Bitcoin Up or Down - June 14, 10:50PM-10:55PM ET",up_or_down,"Bitcoin Up or Down - June 14, 10:50PM-10:55PM ET",Up|Down,Down,2026-06-15T02:50:00Z,2026-06-15T02:55:00Z,2026-06-15T02:56:29Z,179.67,2026-06-15T02:50:00Z,2026-06-15T02:56:29Z,history-62ef40ed-495a-5fc8-b54b-916ace70e937-compact.parquet
3f84044b-0d18-5c40-9289-00b3e1def0b9,0x12a98d4c718e386895ed39b4b69179b84941827b95abd57237af89d8beb2cfb8,btc-up-or-down-5m,"Bitcoin Up or Down - June 14, 10:55PM-11:00PM ET",up_or_down,"Bitcoin Up or Down - June 14, 10:55PM-11:00PM ET",Up|Down,Down,2026-06-15T02:55:00Z,2026-06-15T03:00:00Z,2026-06-15T03:01:29Z,182.96,2026-06-15T02:55:00Z,2026-06-15T03:01:25Z,history-3f84044b-0d18-5c40-9289-00b3e1def0b9-compact.parquet
09e0b705-cabb-5aaf-9d12-0187ba38e771,0x0ae13caeb06038f07cc85b6759802926bea8def05dd1bf04c1943903fdf5240d,btc-up-or-down-15m,"Bitcoin Up or Down - June 14, 11:00PM-11:15PM ET",up_or_down,"Bitcoin Up or Down - June 14, 11:00PM-11:15PM ET",Up|Down,Up,2026-06-15T03:00:00Z,2026-06-15T03:15:00Z,2026-06-15T03:17:03Z,12.84,2026-06-15T03:00:00Z,2026-06-15T03:17:03Z,history-09e0b705-cabb-5aaf-9d12-0187ba38e771-compact.parquet
79fcc5e3-e03a-5c35-bd15-ec5f4811a53d,0xa970b9bb1ce0fcff9af32d0cb065792960b46828667cafe9922d9514cac3c685,btc-up-or-down-hourly,"Bitcoin Up or Down - June 14, 11PM ET",up_or_down,"Bitcoin Up or Down - June 14, 11PM ET",Up|Down,Up,2026-06-15T03:00:00Z,2026-06-15T04:00:00Z,2026-06-15T04:09:55Z,20.00,2026-06-15T03:00:00Z,2026-06-15T04:09:55Z,history-79fcc5e3-e03a-5c35-bd15-ec5f4811a53d-compact.parquet
87d4598c-9c8a-522d-ad33-a15764795220,0x1765fc7022cfbd7fca46297a8c1abee7bc2831bbec16d107a84f532d9b33ba81,btc-up-or-down-5m,"Bitcoin Up or Down - June 14, 11:00PM-11:05PM ET",up_or_down,"Bitcoin Up or Down - June 14, 11:00PM-11:05PM ET",Up|Down,Up,2026-06-15T03:00:00Z,2026-06-15T03:05:00Z,2026-06-15T03:06:29Z,155.98,2026-06-15T03:00:00Z,2026-06-15T03:06:16Z,history-87d4598c-9c8a-522d-ad33-a15764795220-compact.parquet
38b9c10b-313c-5556-a03a-2206dd0f0908,0xfafe6e22261ee934c3ed7c4f94085384e53735f043759b193126bf41d47ba8f1,btc-up-or-down-5m,"Bitcoin Up or Down - June 14, 11:05PM-11:10PM ET",up_or_down,"Bitcoin Up or Down - June 14, 11:05PM-11:10PM ET",Up|Down,Up,2026-06-15T03:05:00Z,2026-06-15T03:10:00Z,2026-06-15T03:11:33Z,151.30,2026-06-15T03:05:00Z,2026-06-15T03:11:15Z,history-38b9c10b-313c-5556-a03a-2206dd0f0908-compact.parquet
29ef0476-b859-5dd9-9fba-d27fbbd2b4c8,0x3a96325b1b533893fcf1ff0a2911c4e24b442ef45dcf2a505561cff13a80016c,btc-up-or-down-5m,"Bitcoin Up or Down - June 14, 11:10PM-11:15PM ET",up_or_down,"Bitcoin Up or Down - June 14, 11:10PM-11:15PM ET",Up|Down,Up,2026-06-15T03:10:00Z,2026-06-15T03:15:00Z,2026-06-15T03:16:59Z,176.37,2026-06-15T03:10:00Z,2026-06-15T03:16:41Z,history-29ef0476-b859-5dd9-9fba-d27fbbd2b4c8-compact.parquet
9d4f375c-9b85-582f-ab22-81587d379d7a,0x4b6b48bbf81dd97b5428d87ae637d8f7a370720c39f21cdd11347f5f28427ca6,btc-up-or-down-15m,"Bitcoin Up or Down - June 14, 11:15PM-11:30PM ET",up_or_down,"Bitcoin Up or Down - June 14, 11:15PM-11:30PM ET",Up|Down,Up,2026-06-15T03:15:00Z,2026-06-15T03:30:00Z,2026-06-15T03:31:25Z,36.50,2026-06-15T03:15:00Z,2026-06-15T03:30:49Z,history-9d4f375c-9b85-582f-ab22-81587d379d7a-compact.parquet
f1a772c1-7ccc-596c-aff1-108488b7bcb7,0x6dbd4e60812b3bce1b1b98eb932851180bdf34795781516400abfe51742e8341,btc-up-or-down-5m,"Bitcoin Up or Down - June 14, 11:15PM-11:20PM ET",up_or_down,"Bitcoin Up or Down - June 14, 11:15PM-11:20PM ET",Up|Down,Down,2026-06-15T03:15:00Z,2026-06-15T03:20:00Z,2026-06-15T03:21:29Z,51.49,2026-06-15T03:15:45Z,2026-06-15T03:21:14Z,history-f1a772c1-7ccc-596c-aff1-108488b7bcb7-compact.parquet
c9f01d64-70b6-57c3-8443-49306cdf6eda,0xb0292f534146add9c600d6d2ebd301c9d30024b5935f229939501892c056d17e,btc-up-or-down-5m,"Bitcoin Up or Down - June 14, 11:20PM-11:25PM ET",up_or_down,"Bitcoin Up or Down - June 14, 11:20PM-11:25PM ET",Up|Down,Down,2026-06-15T03:20:00Z,2026-06-15T03:25:00Z,2026-06-15T03:26:29Z,60.09,2026-06-15T03:20:00Z,2026-06-15T03:25:36Z,history-c9f01d64-70b6-57c3-8443-49306cdf6eda-compact.parquet
f11c7323-f15f-5cd4-bde8-cbc4c3cec037,0x56854aa1672d7e2f5ac09255e5951e7f3732af360c4ed47e24a477443b62cc70,btc-up-or-down-5m,"Bitcoin Up or Down - June 14, 11:25PM-11:30PM ET",up_or_down,"Bitcoin Up or Down - June 14, 11:25PM-11:30PM ET",Up|Down,Up,2026-06-15T03:25:00Z,2026-06-15T03:30:00Z,2026-06-15T03:31:25Z,39.61,2026-06-15T03:25:00Z,2026-06-15T03:30:37Z,history-f11c7323-f15f-5cd4-bde8-cbc4c3cec037-compact.parquet
3a5dc983-17a9-5626-b625-eff70bb62326,0x340d560c1b86e287f0eff87dcfaf3ba93040de4a42ffd2688496bd3902f120b4,btc-up-or-down-15m,"Bitcoin Up or Down - June 14, 11:30PM-11:45PM ET",up_or_down,"Bitcoin Up or Down - June 14, 11:30PM-11:45PM ET",Up|Down,Up,2026-06-15T03:30:00Z,2026-06-15T03:45:00Z,2026-06-15T03:46:37Z,5.00,2026-06-15T03:30:00Z,2026-06-15T03:46:33Z,history-3a5dc983-17a9-5626-b625-eff70bb62326-compact.parquet
79af451c-b3c5-51de-a85e-05f4aca0630c,0xefd75f6ddc4bfdde01b48ebbc55fb5c23f94338af9ffab3acc28f0f1156a3b87,btc-up-or-down-5m,"Bitcoin Up or Down - June 14, 11:30PM-11:35PM ET",up_or_down,"Bitcoin Up or Down - June 14, 11:30PM-11:35PM ET",Up|Down,Up,2026-06-15T03:30:00Z,2026-06-15T03:35:00Z,2026-06-15T03:36:25Z,0.00,2026-06-15T03:30:00Z,2026-06-15T03:36:12Z,history-79af451c-b3c5-51de-a85e-05f4aca0630c-compact.parquet
b286de66-04db-5618-92e1-196c1483cf0a,0x051e21ef3bcda22d23f47d55d54712dc266a13e045be0f813d9fe64249c30f65,btc-up-or-down-5m,"Bitcoin Up or Down - June 14, 11:35PM-11:40PM ET",up_or_down,"Bitcoin Up or Down - June 14, 11:35PM-11:40PM ET",Up|Down,Down,2026-06-15T03:35:00Z,2026-06-15T03:40:00Z,2026-06-15T03:42:41Z,0.00,2026-06-15T03:35:00Z,2026-06-15T03:42:38Z,history-b286de66-04db-5618-92e1-196c1483cf0a-compact.parquet
6d21b5d5-412f-5cf4-bb1d-bc9fe27a6bc6,0x0380c81e2404893fb16ff93e6dba4f298f3330dc0787fbba0005c0444416dff8,btc-up-or-down-5m,"Bitcoin Up or Down - June 14, 11:40PM-11:45PM ET",up_or_down,"Bitcoin Up or Down - June 14, 11:40PM-11:45PM ET",Up|Down,Up,2026-06-15T03:40:00Z,2026-06-15T03:45:00Z,2026-06-15T03:46:37Z,104.05,2026-06-15T03:40:00Z,2026-06-15T03:46:25Z,history-6d21b5d5-412f-5cf4-bb1d-bc9fe27a6bc6-compact.parquet
8ef8c5c6-1bad-5a3a-925f-6280384d653d,0x21e2c2eb196f059b5bbaecd04c3fe5d89dd561faed5534bc52c76d16cddff88b,btc-up-or-down-15m,"Bitcoin Up or Down - June 14, 11:45PM-12:00AM ET",up_or_down,"Bitcoin Up or Down - June 14, 11:45PM-12:00AM ET",Up|Down,Up,2026-06-15T03:45:00Z,2026-06-15T04:00:00Z,2026-06-15T04:01:36Z,113.76,2026-06-15T03:45:00Z,2026-06-15T04:01:14Z,history-8ef8c5c6-1bad-5a3a-925f-6280384d653d-compact.parquet
a2a767fc-9c19-5d70-bcea-fc8f90c156b2,0x17348a385ff4cbe71675479e96a6ef24e66e53b47d2b085074bed76ec8112e80,btc-up-or-down-5m,"Bitcoin Up or Down - June 14, 11:45PM-11:50PM ET",up_or_down,"Bitcoin Up or Down - June 14, 11:45PM-11:50PM ET",Up|Down,Up,2026-06-15T03:45:00Z,2026-06-15T03:50:00Z,2026-06-15T03:51:25Z,47.71,2026-06-15T03:45:34Z,2026-06-15T03:50:26Z,history-a2a767fc-9c19-5d70-bcea-fc8f90c156b2-compact.parquet
75b2372f-c0a0-5bb0-a338-0731404d061a,0x2f52df340557ca196e207246fd10e7328042d428f026b9ba2b7481b6af3ae03a,btc-up-or-down-5m,"Bitcoin Up or Down - June 14, 11:50PM-11:55PM ET",up_or_down,"Bitcoin Up or Down - June 14, 11:50PM-11:55PM ET",Up|Down,Up,2026-06-15T03:50:00Z,2026-06-15T03:55:00Z,2026-06-15T03:56:26Z,0.00,2026-06-15T03:50:00Z,2026-06-15T03:55:36Z,history-75b2372f-c0a0-5bb0-a338-0731404d061a-compact.parquet
e0836b53-2e72-54ae-8e4f-cd2c1a36193a,0xf0e4dfd3e20925b36c7539985f3e91e193257cfc91e00288414e1624db1de248,btc-up-or-down-5m,"Bitcoin Up or Down - June 14, 11:55PM-12:00AM ET",up_or_down,"Bitcoin Up or Down - June 14, 11:55PM-12:00AM ET",Up|Down,Down,2026-06-15T03:55:00Z,2026-06-15T04:00:00Z,2026-06-15T04:01:41Z,31.49,2026-06-15T03:55:00Z,2026-06-15T04:00:44Z,history-e0836b53-2e72-54ae-8e4f-cd2c1a36193a-compact.parquet
606d2caa-fa27-50c4-bfcd-147ed9c1fff0,0xa0447005cd59dedbf057e292682635c6a23e6a42f879f8b2b5dee69fa550e107,btc-up-or-down-15m,"Bitcoin Up or Down - June 15, 12:00AM-12:15AM ET",up_or_down,"Bitcoin Up or Down - June 15, 12:00AM-12:15AM ET",Up|Down,Down,2026-06-15T04:00:00Z,2026-06-15T04:15:00Z,2026-06-15T04:16:29Z,14.82,2026-06-15T04:00:00Z,2026-06-15T04:15:41Z,history-606d2caa-fa27-50c4-bfcd-147ed9c1fff0-compact.parquet
af296fe8-9c75-5ea0-90c8-c4095b88fb79,0x9876d317f59af9ca7a8bae4d5bd945b548fea53281343b640c074acb03155609,btc-up-or-down-hourly,"Bitcoin Up or Down - June 15, 12AM ET",up_or_down,"Bitcoin Up or Down - June 15, 12AM ET",Up|Down,Down,2026-06-15T04:00:00Z,2026-06-15T05:00:00Z,2026-06-15T05:09:50Z,25.00,2026-06-15T04:00:00Z,2026-06-15T05:09:50Z,history-af296fe8-9c75-5ea0-90c8-c4095b88fb79-compact.parquet
d0c8b47b-d67d-54e2-a9e0-e989ff04e63d,0x474d9c3b3464170b1d09bbc78ed67373d87cffa06a6d76aa1134857b0656ef6a,btc-up-or-down-5m,"Bitcoin Up or Down - June 15, 12:00AM-12:05AM ET",up_or_down,"Bitcoin Up or Down - June 15, 12:00AM-12:05AM ET",Up|Down,Down,2026-06-15T04:00:00Z,2026-06-15T04:05:00Z,2026-06-15T04:06:38Z,0.00,2026-06-15T04:00:00Z,2026-06-15T04:05:43Z,history-d0c8b47b-d67d-54e2-a9e0-e989ff04e63d-compact.parquet
be99a6ec-a290-5251-bacd-934896620f8b,0x028c4b26a56afcd55d12b990e4bd6d4b78d14c6ae9b4f07ec4df47e1081f30d9,btc-up-or-down-5m,"Bitcoin Up or Down - June 15, 12:05AM-12:10AM ET",up_or_down,"Bitcoin Up or Down - June 15, 12:05AM-12:10AM ET",Up|Down,Down,2026-06-15T04:05:00Z,2026-06-15T04:10:00Z,2026-06-15T04:11:29Z,271.14,2026-06-15T04:05:00Z,2026-06-15T04:11:07Z,history-be99a6ec-a290-5251-bacd-934896620f8b-compact.parquet
97af786b-e6a9-5509-aa2c-9d950a4ddf8d,0xa0e131b87d742d443a2357ea32222a518816060a52f85a84bf315f58c6b8abc4,btc-up-or-down-5m,"Bitcoin Up or Down - June 15, 12:10AM-12:15AM ET",up_or_down,"Bitcoin Up or Down - June 15, 12:10AM-12:15AM ET",Up|Down,Down,2026-06-15T04:10:00Z,2026-06-15T04:15:00Z,2026-06-15T04:16:29Z,44.61,2026-06-15T04:10:00Z,2026-06-15T04:16:13Z,history-97af786b-e6a9-5509-aa2c-9d950a4ddf8d-compact.parquet
6ba82e7c-0a41-576a-ab7d-c9631879b2cb,0xb71336949e40bf3cc45303f63bd986c5a621fd7091d6db2ef6bf7a0ef77e55ae,btc-up-or-down-15m,"Bitcoin Up or Down - June 15, 12:15AM-12:30AM ET",up_or_down,"Bitcoin Up or Down - June 15, 12:15AM-12:30AM ET",Up|Down,Up,2026-06-15T04:15:00Z,2026-06-15T04:30:00Z,2026-06-15T04:31:38Z,3582.28,2026-06-15T04:15:00Z,2026-06-15T04:31:11Z,history-6ba82e7c-0a41-576a-ab7d-c9631879b2cb-compact.parquet
e74d635c-cf33-54c8-bcbd-9d7b05b5218f,0xf3a218e221aa0f6e78590cde2da436987962a209104315d06089f0c048af7e92,btc-up-or-down-5m,"Bitcoin Up or Down - June 15, 12:15AM-12:20AM ET",up_or_down,"Bitcoin Up or Down - June 15, 12:15AM-12:20AM ET",Up|Down,Up,2026-06-15T04:15:00Z,2026-06-15T04:20:00Z,2026-06-15T04:21:39Z,39.61,2026-06-15T04:16:05Z,2026-06-15T04:21:24Z,history-e74d635c-cf33-54c8-bcbd-9d7b05b5218f-compact.parquet
d2b6d6fe-c0d1-5be9-a293-45a2afeeb827,0xf9166f435850f6123711ebbb8e69913f7be5197ed91a3144be01e2e28cdff685,btc-up-or-down-5m,"Bitcoin Up or Down - June 15, 12:20AM-12:25AM ET",up_or_down,"Bitcoin Up or Down - June 15, 12:20AM-12:25AM ET",Up|Down,Down,2026-06-15T04:20:00Z,2026-06-15T04:25:00Z,2026-06-15T04:27:35Z,39.61,2026-06-15T04:20:00Z,2026-06-15T04:27:23Z,history-d2b6d6fe-c0d1-5be9-a293-45a2afeeb827-compact.parquet
bd5c5887-a6a0-518e-80a0-88d05e7b3ec9,0xdc8ace6e8587ff1c51875bf81d6a7dcebf42bb2ca9820415592d171eda3e2656,btc-up-or-down-5m,"Bitcoin Up or Down - June 15, 12:25AM-12:30AM ET",up_or_down,"Bitcoin Up or Down - June 15, 12:25AM-12:30AM ET",Up|Down,Down,2026-06-15T04:25:00Z,2026-06-15T04:30:00Z,2026-06-15T04:31:38Z,39.61,2026-06-15T04:25:00Z,2026-06-15T04:31:14Z,history-bd5c5887-a6a0-518e-80a0-88d05e7b3ec9-compact.parquet
180bb161-4319-56b8-a5f6-53474fe55c95,0x2a0dddcca321a4b5d8f1916d6c81bd38186ec88e7273a6293e36fd00be3206fa,btc-up-or-down-5m,"Bitcoin Up or Down - June 15, 12:30AM-12:35AM ET",up_or_down,"Bitcoin Up or Down - June 15, 12:30AM-12:35AM ET",Up|Down,Up,2026-06-15T04:30:00Z,2026-06-15T04:35:00Z,2026-06-15T04:36:25Z,54.61,2026-06-15T04:30:00Z,2026-06-15T04:35:43Z,history-180bb161-4319-56b8-a5f6-53474fe55c95-compact.parquet
3190a548-490c-56a8-8bac-97ff85f09d81,0x5244d6d78077c450243750d3bf53a887fbab6787535905d47a5cdfa4e02ee2aa,btc-up-or-down-15m,"Bitcoin Up or Down - June 15, 12:30AM-12:45AM ET",up_or_down,"Bitcoin Up or Down - June 15, 12:30AM-12:45AM ET",Up|Down,Down,2026-06-15T04:30:00Z,2026-06-15T04:45:00Z,2026-06-15T04:46:27Z,5.00,2026-06-15T04:30:00Z,2026-06-15T04:45:48Z,history-3190a548-490c-56a8-8bac-97ff85f09d81-compact.parquet
a8180890-e1e6-5221-81a9-d17ac6c42a97,0xdbed91123986f30044c6b1cea09941be74e2d2459520d6f29256253346cb9669,btc-up-or-down-5m,"Bitcoin Up or Down - June 15, 12:35AM-12:40AM ET",up_or_down,"Bitcoin Up or Down - June 15, 12:35AM-12:40AM ET",Up|Down,Down,2026-06-15T04:35:00Z,2026-06-15T04:40:00Z,2026-06-15T04:41:25Z,54.61,2026-06-15T04:35:00Z,2026-06-15T04:41:25Z,history-a8180890-e1e6-5221-81a9-d17ac6c42a97-compact.parquet
02148ec8-ceb1-59e0-9261-d56bdc5b314e,0xbd9dab961541739239093959aa49ad7193f64a68de2eb08b263fc91c0dc1a03f,btc-up-or-down-5m,"Bitcoin Up or Down - June 15, 12:40AM-12:45AM ET",up_or_down,"Bitcoin Up or Down - June 15, 12:40AM-12:45AM ET",Up|Down,Down,2026-06-15T04:40:00Z,2026-06-15T04:45:00Z,2026-06-15T04:46:27Z,50.63,2026-06-15T04:40:00Z,2026-06-15T04:46:12Z,history-02148ec8-ceb1-59e0-9261-d56bdc5b314e-compact.parquet
0af1b9d8-aa2f-5afa-9173-e13aea89e200,0xc834bf8957d8f9d19b64bbc1f705f22f95194df5a9bef71bc08d56bd96873de7,btc-up-or-down-5m,"Bitcoin Up or Down - June 15, 12:45AM-12:50AM ET",up_or_down,"Bitcoin Up or Down - June 15, 12:45AM-12:50AM ET",Up|Down,Down,2026-06-15T04:45:00Z,2026-06-15T04:50:00Z,2026-06-15T04:51:35Z,50.63,2026-06-15T04:45:37Z,2026-06-15T04:51:00Z,history-0af1b9d8-aa2f-5afa-9173-e13aea89e200-compact.parquet
382da3e9-9475-533a-bc17-dd975b24b97e,0xf94a46576624b1201f2ca61e97269903819f13db2e7771a44294fdf0ff889f8a,btc-up-or-down-15m,"Bitcoin Up or Down - June 15, 12:45AM-1:00AM ET",up_or_down,"Bitcoin Up or Down - June 15, 12:45AM-1:00AM ET",Up|Down,Down,2026-06-15T04:45:00Z,2026-06-15T05:00:00Z,2026-06-15T05:01:36Z,5.00,2026-06-15T04:45:00Z,2026-06-15T05:01:05Z,history-382da3e9-9475-533a-bc17-dd975b24b97e-compact.parquet
afaea508-3ec2-5c7b-8270-aee9f6ea8f0e,0x9bb0ba61365783d465823b261717469c5b76ad89eb6fe17656b05227b6a1a06e,btc-up-or-down-5m,"Bitcoin Up or Down - June 15, 12:50AM-12:55AM ET",up_or_down,"Bitcoin Up or Down - June 15, 12:50AM-12:55AM ET",Up|Down,Down,2026-06-15T04:50:00Z,2026-06-15T04:55:00Z,2026-06-15T04:56:28Z,44.63,2026-06-15T04:50:00Z,2026-06-15T04:56:06Z,history-afaea508-3ec2-5c7b-8270-aee9f6ea8f0e-compact.parquet
dc9f7c63-fc4a-5f5a-98af-7eba8d87dc73,0x734c043b6da8a494a560ade00996d8e5729788eaea3eef1badea6f8807269fa6,btc-up-or-down-5m,"Bitcoin Up or Down - June 15, 12:55AM-1:00AM ET",up_or_down,"Bitcoin Up or Down - June 15, 12:55AM-1:00AM ET",Up|Down,Down,2026-06-15T04:55:00Z,2026-06-15T05:00:00Z,2026-06-15T05:01:31Z,5.02,2026-06-15T04:55:00Z,2026-06-15T05:01:16Z,history-dc9f7c63-fc4a-5f5a-98af-7eba8d87dc73-compact.parquet
e321089b-ca80-5485-9aeb-7a8de0da3757,0xc08087421509fe26e24fbe623df254c781986805e29055ad9257bcd3d27c65e1,btc-up-or-down-hourly,"Bitcoin Up or Down - June 15, 1AM ET",up_or_down,"Bitcoin Up or Down - June 15, 1AM ET",Up|Down,Up,2026-06-15T05:00:00Z,2026-06-15T06:00:00Z,2026-06-15T06:10:15Z,23.32,2026-06-15T05:00:00Z,2026-06-15T06:10:15Z,history-e321089b-ca80-5485-9aeb-7a8de0da3757-compact.parquet
e4a9e69a-98b5-5c8a-841f-3936bce30e1d,0xd2c5b5801a2769b0dfd961044a962093133d38942d6d139a2f284222766bece6,btc-up-or-down-5m,"Bitcoin Up or Down - June 15, 1:00AM-1:05AM ET",up_or_down,"Bitcoin Up or Down - June 15, 1:00AM-1:05AM ET",Up|Down,Down,2026-06-15T05:00:00Z,2026-06-15T05:05:00Z,2026-06-15T05:06:29Z,2.00,2026-06-15T05:00:00Z,2026-06-15T05:05:44Z,history-e4a9e69a-98b5-5c8a-841f-3936bce30e1d-compact.parquet
ff57e341-36ba-5c3e-86ad-d2bd4d35623f,0x779cdaae24f90cd65206f8501a5dbeceebbb6f22acf52481d70f46a126ca4de6,btc-up-or-down-15m,"Bitcoin Up or Down - June 15, 1:00AM-1:15AM ET",up_or_down,"Bitcoin Up or Down - June 15, 1:00AM-1:15AM ET",Up|Down,Up,2026-06-15T05:00:00Z,2026-06-15T05:15:00Z,2026-06-15T05:16:35Z,5.00,2026-06-15T05:00:00Z,2026-06-15T05:15:43Z,history-ff57e341-36ba-5c3e-86ad-d2bd4d35623f-compact.parquet
fc371f94-f3d1-5233-8f74-b182406a8b45,0x1ae3ee9d15cef93fc56086fbdc29019c745c16ad655c2ca36df856752a027e3b,btc-up-or-down-5m,"Bitcoin Up or Down - June 15, 1:05AM-1:10AM ET",up_or_down,"Bitcoin Up or Down - June 15, 1:05AM-1:10AM ET",Up|Down,Up,2026-06-15T05:05:00Z,2026-06-15T05:10:00Z,2026-06-15T05:11:38Z,208.28,2026-06-15T05:05:00Z,2026-06-15T05:11:34Z,history-fc371f94-f3d1-5233-8f74-b182406a8b45-compact.parquet
ea507b1f-cc65-5b6b-a9c7-0cadf587dad6,0xcaf3fd908e9c26e748879945d56dd2b8ef4031800420f24f6980e623c17620cc,btc-up-or-down-5m,"Bitcoin Up or Down - June 15, 1:10AM-1:15AM ET",up_or_down,"Bitcoin Up or Down - June 15, 1:10AM-1:15AM ET",Up|Down,Up,2026-06-15T05:10:00Z,2026-06-15T05:15:00Z,2026-06-15T05:16:30Z,199.40,2026-06-15T05:10:00Z,2026-06-15T05:16:13Z,history-ea507b1f-cc65-5b6b-a9c7-0cadf587dad6-compact.parquet
640fcb48-bda7-5450-ac2d-3974d00a8423,0x6e8d79001e2aabdc30215d82fa34d6017f8a138a2c336f37a7782f6875b98322,btc-up-or-down-15m,"Bitcoin Up or Down - June 15, 1:15AM-1:30AM ET",up_or_down,"Bitcoin Up or Down - June 15, 1:15AM-1:30AM ET",Up|Down,Up,2026-06-15T05:15:00Z,2026-06-15T05:30:00Z,2026-06-15T05:31:28Z,5.00,2026-06-15T05:15:00Z,2026-06-15T05:31:12Z,history-640fcb48-bda7-5450-ac2d-3974d00a8423-compact.parquet
e3bac81a-80d8-59e6-ad84-11b4e07c682e,0xb2075b80e0c4ad8c53ded63c07bb92d5abcb66f97b87749fe8c7082bd66588bf,btc-up-or-down-5m,"Bitcoin Up or Down - June 15, 1:15AM-1:20AM ET",up_or_down,"Bitcoin Up or Down - June 15, 1:15AM-1:20AM ET",Up|Down,Up,2026-06-15T05:15:00Z,2026-06-15T05:20:00Z,2026-06-15T05:21:59Z,195.57,2026-06-15T05:15:56Z,2026-06-15T05:21:47Z,history-e3bac81a-80d8-59e6-ad84-11b4e07c682e-compact.parquet
c849a755-5e96-5c4c-a7d0-f80e26bb7fc4,0x35ab186a0d5926a1166cd333a73d115307ba69168d4a0889556c6657268e5185,btc-up-or-down-5m,"Bitcoin Up or Down - June 15, 1:20AM-1:25AM ET",up_or_down,"Bitcoin Up or Down - June 15, 1:20AM-1:25AM ET",Up|Down,Up,2026-06-15T05:20:00Z,2026-06-15T05:25:00Z,2026-06-15T05:26:56Z,227.17,2026-06-15T05:20:00Z,2026-06-15T05:26:40Z,history-c849a755-5e96-5c4c-a7d0-f80e26bb7fc4-compact.parquet
0ff81956-f7c0-56e0-abd9-cb625ddf7fc7,0x994314ab61656f2164c232cb359e05a19f268ec03db8fd19f48029160e2f19bd,btc-up-or-down-5m,"Bitcoin Up or Down - June 15, 1:25AM-1:30AM ET",up_or_down,"Bitcoin Up or Down - June 15, 1:25AM-1:30AM ET",Up|Down,Up,2026-06-15T05:25:00Z,2026-06-15T05:30:00Z,2026-06-15T05:31:25Z,201.89,2026-06-15T05:25:00Z,2026-06-15T05:31:19Z,history-0ff81956-f7c0-56e0-abd9-cb625ddf7fc7-compact.parquet
0e4167c0-9019-5011-989c-8a93c976f988,0x737d58f093dcc64f96d006b0a9adbd1f842202188a6c2be0f9a6a4f826319ffa,btc-up-or-down-15m,"Bitcoin Up or Down - June 15, 1:30AM-1:45AM ET",up_or_down,"Bitcoin Up or Down - June 15, 1:30AM-1:45AM ET",Up|Down,Down,2026-06-15T05:30:00Z,2026-06-15T05:45:00Z,2026-06-15T05:46:35Z,0.00,2026-06-15T05:30:00Z,2026-06-15T05:46:17Z,history-0e4167c0-9019-5011-989c-8a93c976f988-compact.parquet
29386ea3-d5ff-5b2a-a528-b01377819e39,0x3c5872dc27ae4e9c677efa918edfbc7c3ca89c0615b5bdf0c49a56547010d88c,btc-up-or-down-5m,"Bitcoin Up or Down - June 15, 1:30AM-1:35AM ET",up_or_down,"Bitcoin Up or Down - June 15, 1:30AM-1:35AM ET",Up|Down,Down,2026-06-15T05:30:00Z,2026-06-15T05:35:00Z,2026-06-15T05:36:29Z,201.72,2026-06-15T05:30:00Z,2026-06-15T05:36:28Z,history-29386ea3-d5ff-5b2a-a528-b01377819e39-compact.parquet
a120123e-cc18-558a-b725-6f76018083e8,0x5bca16f420401a2da887f53e3b765d76df73649d6636afc0089b903abd64d1ba,btc-up-or-down-5m,"Bitcoin Up or Down - June 15, 1:35AM-1:40AM ET",up_or_down,"Bitcoin Up or Down - June 15, 1:35AM-1:40AM ET",Up|Down,Down,2026-06-15T05:35:00Z,2026-06-15T05:40:00Z,2026-06-15T05:41:31Z,198.57,2026-06-15T05:35:00Z,2026-06-15T05:40:41Z,history-a120123e-cc18-558a-b725-6f76018083e8-compact.parquet
97844b12-6edf-531b-91df-da3c31caee00,0x1f5ebffe00284e2644e5b13f18a5764ba95b4fd2420019f24f6b410493562ec9,btc-up-or-down-5m,"Bitcoin Up or Down - June 15, 1:40AM-1:45AM ET",up_or_down,"Bitcoin Up or Down - June 15, 1:40AM-1:45AM ET",Up|Down,Down,2026-06-15T05:40:00Z,2026-06-15T05:45:00Z,2026-06-15T05:46:30Z,193.10,2026-06-15T05:40:00Z,2026-06-15T05:45:55Z,history-97844b12-6edf-531b-91df-da3c31caee00-compact.parquet
25d5f324-0a6e-5282-a75c-e5cecc2ace3f,0x0b44e6736f7dc8b9a999bdf962954be388a998a2961b0d7d98b25855e5bda01f,btc-up-or-down-15m,"Bitcoin Up or Down - June 15, 1:45AM-2:00AM ET",up_or_down,"Bitcoin Up or Down - June 15, 1:45AM-2:00AM ET",Up|Down,Up,2026-06-15T05:45:00Z,2026-06-15T06:00:00Z,2026-06-15T06:01:34Z,3527.96,2026-06-15T05:45:00Z,2026-06-15T06:01:32Z,history-25d5f324-0a6e-5282-a75c-e5cecc2ace3f-compact.parquet
c1eae7f7-f713-5254-92c1-4149100b5551,0xac5ce99e00b4f2c10793208c619218c0393080b67ba05ed5ae87ea77b5a846e5,btc-up-or-down-5m,"Bitcoin Up or Down - June 15, 1:45AM-1:50AM ET",up_or_down,"Bitcoin Up or Down - June 15, 1:45AM-1:50AM ET",Up|Down,Up,2026-06-15T05:45:00Z,2026-06-15T05:50:00Z,2026-06-15T05:51:30Z,246.53,2026-06-15T05:45:55Z,2026-06-15T05:50:43Z,history-c1eae7f7-f713-5254-92c1-4149100b5551-compact.parquet
0c5aeae8-c4dc-5ce6-9562-aa849fd29057,0x0bd763a1bd6fd5433d21d38e4fe4383234a85ee56a712a2dbdeb89dcf3123c03,btc-up-or-down-5m,"Bitcoin Up or Down - June 15, 1:50AM-1:55AM ET",up_or_down,"Bitcoin Up or Down - June 15, 1:50AM-1:55AM ET",Up|Down,Up,2026-06-15T05:50:00Z,2026-06-15T05:55:00Z,2026-06-15T05:56:28Z,193.10,2026-06-15T05:50:00Z,2026-06-15T05:56:03Z,history-0c5aeae8-c4dc-5ce6-9562-aa849fd29057-compact.parquet
5796cdb8-31da-518b-a4f2-97e1b55fb142,0x663c039eaac6465acbfe69c96e1714a1958d15e4399b34ffba0139bd32aae86c,btc-up-or-down-5m,"Bitcoin Up or Down - June 15, 1:55AM-2:00AM ET",up_or_down,"Bitcoin Up or Down - June 15, 1:55AM-2:00AM ET",Up|Down,Up,2026-06-15T05:55:00Z,2026-06-15T06:00:00Z,2026-06-15T06:01:30Z,226.41,2026-06-15T05:55:00Z,2026-06-15T06:01:02Z,history-5796cdb8-31da-518b-a4f2-97e1b55fb142-compact.parquet
15552c05-9847-5636-b14b-067058a9d699,0xfcb4296318b6157062485c10876fc7b16e08183c11c315f1b6b057d8d9311016,btc-up-or-down-5m,"Bitcoin Up or Down - June 15, 2:00AM-2:05AM ET",up_or_down,"Bitcoin Up or Down - June 15, 2:00AM-2:05AM ET",Up|Down,Up,2026-06-15T06:00:00Z,2026-06-15T06:05:00Z,2026-06-15T06:06:27Z,200.04,2026-06-15T06:00:00Z,2026-06-15T06:05:58Z,history-15552c05-9847-5636-b14b-067058a9d699-compact.parquet
26fa1c74-9f3d-5be4-b03f-60bbffbf13a0,0xfa13f5deac3aae4da04cb22bccedcc9f697e997fbe8d9b66e031bea2f1a84ac2,btc-up-or-down-hourly,"Bitcoin Up or Down - June 15, 2AM ET",up_or_down,"Bitcoin Up or Down - June 15, 2AM ET",Up|Down,Down,2026-06-15T06:00:00Z,2026-06-15T07:00:00Z,2026-06-15T07:10:27Z,0.00,2026-06-15T06:00:00Z,2026-06-15T07:10:27Z,history-26fa1c74-9f3d-5be4-b03f-60bbffbf13a0-compact.parquet
e701dfdc-41fb-5420-a7ab-c9584f3e2f27,0x793941b2ae238ee0a2642e28a1343a9b488ae75adc40bbd45256a07642b61e9c,btc-up-or-down-15m,"Bitcoin Up or Down - June 15, 2:00AM-2:15AM ET",up_or_down,"Bitcoin Up or Down - June 15, 2:00AM-2:15AM ET",Up|Down,Up,2026-06-15T06:00:00Z,2026-06-15T06:15:00Z,2026-06-15T06:17:44Z,0.00,2026-06-15T06:00:00Z,2026-06-15T06:17:21Z,history-e701dfdc-41fb-5420-a7ab-c9584f3e2f27-compact.parquet
4df56ebd-ac80-5239-a356-97e47285bf61,0x49e6196bc368d6d0713d7a501d63eb1e227070ebe498970f1353873a2e925756,btc-up-or-down-5m,"Bitcoin Up or Down - June 15, 2:05AM-2:10AM ET",up_or_down,"Bitcoin Up or Down - June 15, 2:05AM-2:10AM ET",Up|Down,Up,2026-06-15T06:05:00Z,2026-06-15T06:10:00Z,2026-06-15T06:11:26Z,384.58,2026-06-15T06:05:00Z,2026-06-15T06:10:45Z,history-4df56ebd-ac80-5239-a356-97e47285bf61-compact.parquet
73bc3eb5-edd8-5815-b468-05aac9b99bea,0x8c7a548b8e53d47889d267d118eeb7316f8d06708e1da13552fb4cc979682f83,btc-up-or-down-5m,"Bitcoin Up or Down - June 15, 2:10AM-2:15AM ET",up_or_down,"Bitcoin Up or Down - June 15, 2:10AM-2:15AM ET",Up|Down,Up,2026-06-15T06:10:00Z,2026-06-15T06:15:00Z,2026-06-15T06:17:49Z,203.18,2026-06-15T06:10:09Z,2026-06-15T06:17:26Z,history-73bc3eb5-edd8-5815-b468-05aac9b99bea-compact.parquet
a12c968c-b994-5023-9b8e-9967f5b7ee6d,0x3e7d25aba6891d6043627a9067883af42eaf9d76bf259f929eed8fe8129890d7,btc-up-or-down-5m,"Bitcoin Up or Down - June 15, 2:15AM-2:20AM ET",up_or_down,"Bitcoin Up or Down - June 15, 2:15AM-2:20AM ET",Up|Down,Down,2026-06-15T06:15:00Z,2026-06-15T06:20:00Z,2026-06-15T06:21:29Z,218.45,2026-06-15T06:15:00Z,2026-06-15T06:21:08Z,history-a12c968c-b994-5023-9b8e-9967f5b7ee6d-compact.parquet
a9d151a8-ed9a-5172-afb7-8182ed133daf,0xe66f00b2c4fbc7de27b770536d197c7c225ec7ed40a2896c4ae920ee2072a4ad,btc-up-or-down-15m,"Bitcoin Up or Down - June 15, 2:15AM-2:30AM ET",up_or_down,"Bitcoin Up or Down - June 15, 2:15AM-2:30AM ET",Up|Down,Up,2026-06-15T06:15:00Z,2026-06-15T06:30:00Z,2026-06-15T06:32:40Z,38.00,2026-06-15T06:15:00Z,2026-06-15T06:32:31Z,history-a9d151a8-ed9a-5172-afb7-8182ed133daf-compact.parquet
efc44a58-ac30-5dbf-b1af-d1cc0900b624,0x41d96ec9a9a1ca016fef80a71e7e9ca8eadc62cdb8ee1ffbf9462ea0a7bf10e8,btc-up-or-down-5m,"Bitcoin Up or Down - June 15, 2:20AM-2:25AM ET",up_or_down,"Bitcoin Up or Down - June 15, 2:20AM-2:25AM ET",Up|Down,Up,2026-06-15T06:20:00Z,2026-06-15T06:25:00Z,2026-06-15T06:26:29Z,220.63,2026-06-15T06:20:00Z,2026-06-15T06:26:13Z,history-efc44a58-ac30-5dbf-b1af-d1cc0900b624-compact.parquet
69de14f5-41a2-5853-ade7-dc2de4f76c22,0x0ff54a9a140a85a47e51d96de4a69cedf945851eaf2cfaf91342b86d28ad84a5,btc-up-or-down-5m,"Bitcoin Up or Down - June 15, 2:25AM-2:30AM ET",up_or_down,"Bitcoin Up or Down - June 15, 2:25AM-2:30AM ET",Up|Down,Up,2026-06-15T06:25:00Z,2026-06-15T06:30:00Z,2026-06-15T06:32:39Z,18.35,2026-06-15T06:25:00Z,2026-06-15T06:32:23Z,history-69de14f5-41a2-5853-ade7-dc2de4f76c22-compact.parquet
746e2329-6408-572f-a006-878877825b7a,0x4cf1b5454b8aee53b106951bb0e86ded641beb40ddfefdd636f50ddcf396ce85,btc-up-or-down-5m,"Bitcoin Up or Down - June 15, 2:30AM-2:35AM ET",up_or_down,"Bitcoin Up or Down - June 15, 2:30AM-2:35AM ET",Up|Down,Down,2026-06-15T06:30:00Z,2026-06-15T06:35:00Z,2026-06-15T06:36:29Z,188.98,2026-06-15T06:30:00Z,2026-06-15T06:35:54Z,history-746e2329-6408-572f-a006-878877825b7a-compact.parquet
97fdba2a-b3f5-5a7d-b3cd-d986cf29ac47,0xa1b4550718b9b94752895821f13fa59d350c0be5fb13b22b8cbff549e15995a8,btc-up-or-down-15m,"Bitcoin Up or Down - June 15, 2:30AM-2:45AM ET",up_or_down,"Bitcoin Up or Down - June 15, 2:30AM-2:45AM ET",Up|Down,Down,2026-06-15T06:30:00Z,2026-06-15T06:45:00Z,2026-06-15T06:46:28Z,5.00,2026-06-15T06:30:00Z,2026-06-15T06:46:15Z,history-97fdba2a-b3f5-5a7d-b3cd-d986cf29ac47-compact.parquet
90d7d9d6-dac1-58f5-8e76-910ff5dc3720,0x0be7b86689dd8a9e55ee0cfa0403705dab9d99b838827c389ce731864d7ee4cb,btc-up-or-down-5m,"Bitcoin Up or Down - June 15, 2:35AM-2:40AM ET",up_or_down,"Bitcoin Up or Down - June 15, 2:35AM-2:40AM ET",Up|Down,Down,2026-06-15T06:35:00Z,2026-06-15T06:40:00Z,2026-06-15T06:41:31Z,7.14,2026-06-15T06:35:00Z,2026-06-15T06:40:49Z,history-90d7d9d6-dac1-58f5-8e76-910ff5dc3720-compact.parquet
1396d4db-52d0-595f-ab17-1bc48eb2a306,0x15b4e980de277a9ec18d0097cbcf9fef86d8df32e041398a9b3ff86bbd9aed05,btc-up-or-down-5m,"Bitcoin Up or Down - June 15, 2:40AM-2:45AM ET",up_or_down,"Bitcoin Up or Down - June 15, 2:40AM-2:45AM ET",Up|Down,Up,2026-06-15T06:40:00Z,2026-06-15T06:45:00Z,2026-06-15T06:46:25Z,14.45,2026-06-15T06:40:33Z,2026-06-15T06:45:53Z,history-1396d4db-52d0-595f-ab17-1bc48eb2a306-compact.parquet
31a30549-9307-50b8-9822-898e9fc78342,0x916fc2274aa6e1ed27a3aeeb3a47134441e7f6dd7dc3efdbb314990b7a5a952e,btc-up-or-down-5m,"Bitcoin Up or Down - June 15, 2:45AM-2:50AM ET",up_or_down,"Bitcoin Up or Down - June 15, 2:45AM-2:50AM ET",Up|Down,Up,2026-06-15T06:45:00Z,2026-06-15T06:50:00Z,2026-06-15T06:51:26Z,4.48,2026-06-15T06:45:00Z,2026-06-15T06:50:34Z,history-31a30549-9307-50b8-9822-898e9fc78342-compact.parquet
62d3f46f-b5ea-5d3c-9e40-31e0ca21ba3c,0x4e84aced10dad65f9733f9c1e97b230cca8e7d5952f22e20d88fb8ccdbf6ac27,btc-up-or-down-15m,"Bitcoin Up or Down - June 15, 2:45AM-3:00AM ET",up_or_down,"Bitcoin Up or Down - June 15, 2:45AM-3:00AM ET",Up|Down,Up,2026-06-15T06:45:00Z,2026-06-15T07:00:00Z,2026-06-15T07:01:40Z,3544.50,2026-06-15T06:45:00Z,2026-06-15T07:01:38Z,history-62d3f46f-b5ea-5d3c-9e40-31e0ca21ba3c-compact.parquet
7f729889-3da3-54fa-a388-44aff7bc6091,0xa6a6c6d66506b701434612b22448ade1c02d7fc7770d6f25671e6acf6cff6c71,btc-up-or-down-5m,"Bitcoin Up or Down - June 15, 2:50AM-2:55AM ET",up_or_down,"Bitcoin Up or Down - June 15, 2:50AM-2:55AM ET",Up|Down,Down,2026-06-15T06:50:00Z,2026-06-15T06:55:00Z,2026-06-15T06:56:29Z,16.00,2026-06-15T06:50:00Z,2026-06-15T06:55:59Z,history-7f729889-3da3-54fa-a388-44aff7bc6091-compact.parquet
aeeca305-ffe8-5cda-9cd5-a730786b7493,0x501bd549719f44ce597b8ddfcab1b57b2d1f31dd4a141d9a434133cc273216c1,btc-up-or-down-5m,"Bitcoin Up or Down - June 15, 2:55AM-3:00AM ET",up_or_down,"Bitcoin Up or Down - June 15, 2:55AM-3:00AM ET",Up|Down,Down,2026-06-15T06:55:00Z,2026-06-15T07:00:00Z,2026-06-15T07:01:35Z,17.08,2026-06-15T06:55:00Z,2026-06-15T07:01:05Z,history-aeeca305-ffe8-5cda-9cd5-a730786b7493-compact.parquet
0a4ef2b3-d5fc-5824-8654-0b980451971b,0xa1202fda66ab99b5638084777fc3511e257be164f9f7134b3de8ca22a0867506,btc-up-or-down-hourly,"Bitcoin Up or Down - June 15, 3AM ET",up_or_down,"Bitcoin Up or Down - June 15, 3AM ET",Up|Down,Down,2026-06-15T07:00:00Z,2026-06-15T08:00:00Z,2026-06-15T08:05:12Z,5.00,2026-06-15T07:00:00Z,2026-06-15T08:05:12Z,history-0a4ef2b3-d5fc-5824-8654-0b980451971b-compact.parquet
6bc3daa6-2c52-5930-ae99-a5456e46f018,0x01578e6d269c08bf2e893b1f43139a00651136f7882f8a35f903bc5512d15134,btc-up-or-down-5m,"Bitcoin Up or Down - June 15, 3:00AM-3:05AM ET",up_or_down,"Bitcoin Up or Down - June 15, 3:00AM-3:05AM ET",Up|Down,Down,2026-06-15T07:00:00Z,2026-06-15T07:05:00Z,2026-06-15T07:06:27Z,99.52,2026-06-15T07:00:00Z,2026-06-15T07:05:59Z,history-6bc3daa6-2c52-5930-ae99-a5456e46f018-compact.parquet
79be1dd9-d1b3-5236-af0a-3bf1afe54e13,0x29e5eb0b82473766d0b3c649230cf9d3879cea54ce1f3c2fb69f228c97306c01,btc-up-or-down-15m,"Bitcoin Up or Down - June 15, 3:00AM-3:15AM ET",up_or_down,"Bitcoin Up or Down - June 15, 3:00AM-3:15AM ET",Up|Down,Up,2026-06-15T07:00:00Z,2026-06-15T07:15:00Z,2026-06-15T07:17:00Z,3542.20,2026-06-15T07:00:00Z,2026-06-15T07:16:48Z,history-79be1dd9-d1b3-5236-af0a-3bf1afe54e13-compact.parquet
aab1f709-2e60-578a-8992-16c00f253ad0,0x0908b64b7d54cd9b58e81e7e5bfd8e837ef0190807872a35984b509028c80bab,btc-up-or-down-5m,"Bitcoin Up or Down - June 15, 3:05AM-3:10AM ET",up_or_down,"Bitcoin Up or Down - June 15, 3:05AM-3:10AM ET",Up|Down,Up,2026-06-15T07:05:00Z,2026-06-15T07:10:00Z,2026-06-15T07:11:36Z,19.61,2026-06-15T07:05:00Z,2026-06-15T07:11:11Z,history-aab1f709-2e60-578a-8992-16c00f253ad0-compact.parquet
8a76a26f-88a7-56ae-9e5c-49096d05b40e,0xec13378c60eb0add8fe27f4962f58e2f90da0dd6184e0705d021099ca0c2dcef,btc-up-or-down-5m,"Bitcoin Up or Down - June 15, 3:10AM-3:15AM ET",up_or_down,"Bitcoin Up or Down - June 15, 3:10AM-3:15AM ET",Up|Down,Up,2026-06-15T07:10:00Z,2026-06-15T07:15:00Z,2026-06-15T07:17:00Z,224.34,2026-06-15T07:10:25Z,2026-06-15T07:16:47Z,history-8a76a26f-88a7-56ae-9e5c-49096d05b40e-compact.parquet
79f02bbb-6fac-5394-8193-4ae07dfb219b,0xa00d1f43a7126b0effbeed0dbc29fc1e2f0fff36dde5ae3c89f1546bc15cbf92,btc-up-or-down-15m,"Bitcoin Up or Down - June 15, 3:15AM-3:30AM ET",up_or_down,"Bitcoin Up or Down - June 15, 3:15AM-3:30AM ET",Up|Down,Up,2026-06-15T07:15:00Z,2026-06-15T07:30:00Z,2026-06-15T07:31:34Z,39.96,2026-06-15T07:15:00Z,2026-06-15T07:31:24Z,history-79f02bbb-6fac-5394-8193-4ae07dfb219b-compact.parquet
abc0c2fe-e30b-50cd-8fc7-d26cea2fdc79,0x4528afc217a73b4e7b9a29ecdf32119443ea011f68021f98f4139e4b9d110673,btc-up-or-down-5m,"Bitcoin Up or Down - June 15, 3:15AM-3:20AM ET",up_or_down,"Bitcoin Up or Down - June 15, 3:15AM-3:20AM ET",Up|Down,Up,2026-06-15T07:15:00Z,2026-06-15T07:20:00Z,2026-06-15T07:21:29Z,19.61,2026-06-15T07:15:00Z,2026-06-15T07:21:27Z,history-abc0c2fe-e30b-50cd-8fc7-d26cea2fdc79-compact.parquet
4bf844f7-72be-5fe9-9fb3-ec5062ab9775,0x09348a699fee89b18a802e731dfbec2dd8fa4d3d4eeaa4c002c3e8dc55eb774d,btc-up-or-down-5m,"Bitcoin Up or Down - June 15, 3:20AM-3:25AM ET",up_or_down,"Bitcoin Up or Down - June 15, 3:20AM-3:25AM ET",Up|Down,Up,2026-06-15T07:20:00Z,2026-06-15T07:25:00Z,2026-06-15T07:26:29Z,205.33,2026-06-15T07:20:00Z,2026-06-15T07:26:04Z,history-4bf844f7-72be-5fe9-9fb3-ec5062ab9775-compact.parquet
998dd3db-7d21-523e-b89f-bdcbed043204,0xa9568ad11a4dda657c4322af3cb20b3da421c356f71d95fdf4e95a3ad4be28a6,btc-up-or-down-5m,"Bitcoin Up or Down - June 15, 3:25AM-3:30AM ET",up_or_down,"Bitcoin Up or Down - June 15, 3:25AM-3:30AM ET",Up|Down,Down,2026-06-15T07:25:00Z,2026-06-15T07:30:00Z,2026-06-15T07:31:29Z,235.42,2026-06-15T07:25:00Z,2026-06-15T07:31:20Z,history-998dd3db-7d21-523e-b89f-bdcbed043204-compact.parquet
38bbea41-60aa-5515-bc47-b1cce1748dff,0x7b16c67aab1d6561fb3c137ec888e0ba01513b7452b02f384719adcb147a2df7,btc-up-or-down-5m,"Bitcoin Up or Down - June 15, 3:30AM-3:35AM ET",up_or_down,"Bitcoin Up or Down - June 15, 3:30AM-3:35AM ET",Up|Down,Down,2026-06-15T07:30:00Z,2026-06-15T07:35:00Z,2026-06-15T07:36:29Z,209.68,2026-06-15T07:30:00Z,2026-06-15T07:35:49Z,history-38bbea41-60aa-5515-bc47-b1cce1748dff-compact.parquet
cba4d97f-9b57-5a2a-a133-8443aadb0787,0x22fcfb6e9ff5e284736199323c97930e5082ee859742e8b54cd0f4f15d4714ce,btc-up-or-down-15m,"Bitcoin Up or Down - June 15, 3:30AM-3:45AM ET",up_or_down,"Bitcoin Up or Down - June 15, 3:30AM-3:45AM ET",Up|Down,Down,2026-06-15T07:30:00Z,2026-06-15T07:45:00Z,2026-06-15T07:46:34Z,5.00,2026-06-15T07:30:00Z,2026-06-15T07:46:02Z,history-cba4d97f-9b57-5a2a-a133-8443aadb0787-compact.parquet
8fedd67a-7037-5875-837e-3ed5d46718c8,0x81a2038c08cf9d6676c0dd582131b7cba7304991cf278aec9ad1893619707b80,btc-up-or-down-5m,"Bitcoin Up or Down - June 15, 3:35AM-3:40AM ET",up_or_down,"Bitcoin Up or Down - June 15, 3:35AM-3:40AM ET",Up|Down,Down,2026-06-15T07:35:00Z,2026-06-15T07:40:00Z,2026-06-15T07:41:26Z,221.98,2026-06-15T07:35:00Z,2026-06-15T07:41:07Z,history-8fedd67a-7037-5875-837e-3ed5d46718c8-compact.parquet
8aa6d789-06e2-562d-b4ca-9c12ce5b6386,0xc50f0de5d67a00e3f0cb6904e834b5b02c194486092347c0a65a202f0b701a81,btc-up-or-down-5m,"Bitcoin Up or Down - June 15, 3:40AM-3:45AM ET",up_or_down,"Bitcoin Up or Down - June 15, 3:40AM-3:45AM ET",Up|Down,Down,2026-06-15T07:40:00Z,2026-06-15T07:45:00Z,2026-06-15T07:46:30Z,240.85,2026-06-15T07:40:42Z,2026-06-15T07:45:38Z,history-8aa6d789-06e2-562d-b4ca-9c12ce5b6386-compact.parquet
33cae9ec-b72f-57ca-b943-865cabe4add3,0x687229f1862d751e0187b1b84d7137b6b271308634aa7c6850c60b727960e1d6,btc-up-or-down-15m,"Bitcoin Up or Down - June 15, 3:45AM-4:00AM ET",up_or_down,"Bitcoin Up or Down - June 15, 3:45AM-4:00AM ET",Up|Down,Down,2026-06-15T07:45:00Z,2026-06-15T08:00:00Z,2026-06-15T08:02:00Z,5.00,2026-06-15T07:45:00Z,2026-06-15T08:01:44Z,history-33cae9ec-b72f-57ca-b943-865cabe4add3-compact.parquet
6a787aa0-8604-5fa5-bf83-ff809b318133,0x6749ebfc896cadc10cd1bc7eb06d52b942321370502a0eb1f790c7ef26afcecd,btc-up-or-down-5m,"Bitcoin Up or Down - June 15, 3:45AM-3:50AM ET",up_or_down,"Bitcoin Up or Down - June 15, 3:45AM-3:50AM ET",Up|Down,Down,2026-06-15T07:45:00Z,2026-06-15T07:50:00Z,2026-06-15T07:51:30Z,201.81,2026-06-15T07:45:00Z,2026-06-15T07:51:23Z,history-6a787aa0-8604-5fa5-bf83-ff809b318133-compact.parquet
53243d18-f166-542b-a400-26a509519685,0x1e378606ac9cab12f4851d851db204b6244aa74b5100213ca4a94c2775488fa3,btc-up-or-down-5m,"Bitcoin Up or Down - June 15, 3:50AM-3:55AM ET",up_or_down,"Bitcoin Up or Down - June 15, 3:50AM-3:55AM ET",Up|Down,Up,2026-06-15T07:50:00Z,2026-06-15T07:55:00Z,2026-06-15T07:56:30Z,198.37,2026-06-15T07:50:00Z,2026-06-15T07:56:04Z,history-53243d18-f166-542b-a400-26a509519685-compact.parquet
82a18810-ae50-5000-ac05-09d160e03351,0x7475d8a83f7fdf487ba1094c63ea05ce086d2a74611a5d2cda987768b124b20a,btc-up-or-down-5m,"Bitcoin Up or Down - June 15, 3:55AM-4:00AM ET",up_or_down,"Bitcoin Up or Down - June 15, 3:55AM-4:00AM ET",Up|Down,Down,2026-06-15T07:55:00Z,2026-06-15T08:00:00Z,2026-06-15T08:02:05Z,279.69,2026-06-15T07:55:00Z,2026-06-15T08:01:37Z,history-82a18810-ae50-5000-ac05-09d160e03351-compact.parquet
8f6f7745-a995-5b7f-a55f-247cd26e000b,0xc046619fe372edb7525456db943ba6140db8aaa1b812afc43f8055387572e1ef,btc-up-or-down-hourly,"Bitcoin Up or Down - June 15, 4AM ET",up_or_down,"Bitcoin Up or Down - June 15, 4AM ET",Up|Down,Down,2026-06-15T08:00:00Z,2026-06-15T09:00:00Z,2026-06-15T09:06:21Z,0.00,2026-06-15T08:00:00Z,2026-06-15T09:06:21Z,history-8f6f7745-a995-5b7f-a55f-247cd26e000b-compact.parquet
ba70a203-63f5-5403-916a-55c6516677c4,0x64d7cb70d81c3ff557c1b84a9d554e093f1e8e04c49afc594db31c6c4213c3ae,btc-up-or-down-5m,"Bitcoin Up or Down - June 15, 4:00AM-4:05AM ET",up_or_down,"Bitcoin Up or Down - June 15, 4:00AM-4:05AM ET",Up|Down,Up,2026-06-15T08:00:00Z,2026-06-15T08:05:00Z,2026-06-15T08:06:30Z,211.29,2026-06-15T08:00:00Z,2026-06-15T08:05:43Z,history-ba70a203-63f5-5403-916a-55c6516677c4-compact.parquet
fda1f25c-e0b7-50fd-8726-7c92ccf957b5,0x81e4aa99f6622be6d393cabde128bc865670050ebfb77da8ec219a49a779759a,btc-up-or-down-15m,"Bitcoin Up or Down - June 15, 4:00AM-4:15AM ET",up_or_down,"Bitcoin Up or Down - June 15, 4:00AM-4:15AM ET",Up|Down,Up,2026-06-15T08:00:00Z,2026-06-15T08:15:00Z,2026-06-15T08:16:34Z,5.00,2026-06-15T08:00:00Z,2026-06-15T08:16:15Z,history-fda1f25c-e0b7-50fd-8726-7c92ccf957b5-compact.parquet
0c6e0f8b-9eae-566a-9f88-17de61919c9d,0xa5701b949517fc8e82c93224fcd275f499ca4832862afe65938e41a96e8e59d1,btc-up-or-down-5m,"Bitcoin Up or Down - June 15, 4:05AM-4:10AM ET",up_or_down,"Bitcoin Up or Down - June 15, 4:05AM-4:10AM ET",Up|Down,Down,2026-06-15T08:05:00Z,2026-06-15T08:10:00Z,2026-06-15T08:11:30Z,281.27,2026-06-15T08:05:08Z,2026-06-15T08:10:30Z,history-0c6e0f8b-9eae-566a-9f88-17de61919c9d-compact.parquet
053a1b76-6daa-5658-a258-1d58104ad65c,0x0d841896aaa76213714a63ab0d52a2f4716513ee4601a5457bebbea35b70fc09,btc-up-or-down-5m,"Bitcoin Up or Down - June 15, 4:10AM-4:15AM ET",up_or_down,"Bitcoin Up or Down - June 15, 4:10AM-4:15AM ET",Up|Down,Up,2026-06-15T08:10:00Z,2026-06-15T08:15:00Z,2026-06-15T08:16:34Z,14.82,2026-06-15T08:10:00Z,2026-06-15T08:16:04Z,history-053a1b76-6daa-5658-a258-1d58104ad65c-compact.parquet
5fe11eef-dc72-575c-9dbc-ce00bc93f457,0x2bd8d3682b8cf933e595f0d8fec5d8f1d52e1fee1fbde7017600aadd064359d1,btc-up-or-down-5m,"Bitcoin Up or Down - June 15, 4:15AM-4:20AM ET",up_or_down,"Bitcoin Up or Down - June 15, 4:15AM-4:20AM ET",Up|Down,Down,2026-06-15T08:15:00Z,2026-06-15T08:20:00Z,2026-06-15T08:22:00Z,14.74,2026-06-15T08:15:00Z,2026-06-15T08:21:57Z,history-5fe11eef-dc72-575c-9dbc-ce00bc93f457-compact.parquet
aa9e6e76-068b-5679-a001-a21a1ce9c3b5,0x9a40798f3a07a49573b2bbfd631543b50f3a9c98f74ced6014118cfeb3997c7a,btc-up-or-down-15m,"Bitcoin Up or Down - June 15, 4:15AM-4:30AM ET",up_or_down,"Bitcoin Up or Down - June 15, 4:15AM-4:30AM ET",Up|Down,Down,2026-06-15T08:15:00Z,2026-06-15T08:30:00Z,2026-06-15T08:31:40Z,38.00,2026-06-15T08:15:00Z,2026-06-15T08:31:36Z,history-aa9e6e76-068b-5679-a001-a21a1ce9c3b5-compact.parquet
47e10e92-2f48-58c0-8442-4d18dc709cc1,0xbcf01c9097c5f806e502321463e4bf28a2646fd916f1687ac8c165c59da63797,btc-up-or-down-5m,"Bitcoin Up or Down - June 15, 4:20AM-4:25AM ET",up_or_down,"Bitcoin Up or Down - June 15, 4:20AM-4:25AM ET",Up|Down,Down,2026-06-15T08:20:00Z,2026-06-15T08:25:00Z,2026-06-15T08:26:29Z,14.74,2026-06-15T08:20:00Z,2026-06-15T08:26:24Z,history-47e10e92-2f48-58c0-8442-4d18dc709cc1-compact.parquet
b5549a55-e516-5489-a225-583773d5d5af,0x09e7cb97667d9b9e31b502955e131f5b8a7fa7801c81e8058d2cce99b1b6bd1a,btc-up-or-down-5m,"Bitcoin Up or Down - June 15, 4:25AM-4:30AM ET",up_or_down,"Bitcoin Up or Down - June 15, 4:25AM-4:30AM ET",Up|Down,Up,2026-06-15T08:25:00Z,2026-06-15T08:30:00Z,2026-06-15T08:31:35Z,26.51,2026-06-15T08:25:00Z,2026-06-15T08:30:46Z,history-b5549a55-e516-5489-a225-583773d5d5af-compact.parquet
51237555-37d2-50c2-afc4-a286f2139690,0x039065d54dcbcf1efe20ac0ad7a3fcb9db078e17b87cbefa2b4b950c06bde4b8,btc-up-or-down-5m,"Bitcoin Up or Down - June 15, 4:30AM-4:35AM ET",up_or_down,"Bitcoin Up or Down - June 15, 4:30AM-4:35AM ET",Up|Down,Up,2026-06-15T08:30:00Z,2026-06-15T08:35:00Z,2026-06-15T08:37:39Z,16.71,2026-06-15T08:30:00Z,2026-06-15T08:37:01Z,history-51237555-37d2-50c2-afc4-a286f2139690-compact.parquet
f663c940-70a0-5355-8ef4-f38a0613daba,0x4ceb9be8cbb11b9689a4ab4c7da0b0f33a557fe877a3093cf4cae2b42aa744f7,btc-up-or-down-15m,"Bitcoin Up or Down - June 15, 4:30AM-4:45AM ET",up_or_down,"Bitcoin Up or Down - June 15, 4:30AM-4:45AM ET",Up|Down,Up,2026-06-15T08:30:00Z,2026-06-15T08:45:00Z,2026-06-15T08:46:59Z,3521.06,2026-06-15T08:30:00Z,2026-06-15T08:46:58Z,history-f663c940-70a0-5355-8ef4-f38a0613daba-compact.parquet
adb16ea3-3e5b-5366-a61f-3030092cf687,0x7ad7dfb5544a67977ed222fda534baaaa8a2e9e298ad4bf6fd2b2ff4c84fc69a,btc-up-or-down-5m,"Bitcoin Up or Down - June 15, 4:35AM-4:40AM ET",up_or_down,"Bitcoin Up or Down - June 15, 4:35AM-4:40AM ET",Up|Down,Down,2026-06-15T08:35:00Z,2026-06-15T08:40:00Z,2026-06-15T08:42:00Z,66.44,2026-06-15T08:35:34Z,2026-06-15T08:41:24Z,history-adb16ea3-3e5b-5366-a61f-3030092cf687-compact.parquet
bf39d192-260a-5094-ac24-5b886dceb414,0xef025dbf5a7c8988a1faa26920410d69d2bfd8edc050f001d434e77273de6d1d,btc-up-or-down-5m,"Bitcoin Up or Down - June 15, 4:40AM-4:45AM ET",up_or_down,"Bitcoin Up or Down - June 15, 4:40AM-4:45AM ET",Up|Down,Up,2026-06-15T08:40:00Z,2026-06-15T08:45:00Z,2026-06-15T08:47:00Z,19.12,2026-06-15T08:40:00Z,2026-06-15T08:46:45Z,history-bf39d192-260a-5094-ac24-5b886dceb414-compact.parquet
d1476d5d-f9df-5713-9b73-53c809649d23,0x36943234470d0362f3433bc78ad817dfb8112108d84ffded8a9ba7bb8e3bf520,btc-up-or-down-15m,"Bitcoin Up or Down - June 15, 4:45AM-5:00AM ET",up_or_down,"Bitcoin Up or Down - June 15, 4:45AM-5:00AM ET",Up|Down,Down,2026-06-15T08:45:00Z,2026-06-15T09:00:00Z,2026-06-15T09:01:30Z,0.00,2026-06-15T08:45:00Z,2026-06-15T09:01:27Z,history-d1476d5d-f9df-5713-9b73-53c809649d23-compact.parquet
df6906c5-fa1a-57cd-b9e8-09f435300c73,0x271e99504b8ce1427a7d6882b29236c764c1b4b53dbde5fbd2dd5ef0678cc4af,btc-up-or-down-5m,"Bitcoin Up or Down - June 15, 4:45AM-4:50AM ET",up_or_down,"Bitcoin Up or Down - June 15, 4:45AM-4:50AM ET",Up|Down,Down,2026-06-15T08:45:00Z,2026-06-15T08:50:00Z,2026-06-15T08:51:33Z,22.96,2026-06-15T08:45:00Z,2026-06-15T08:51:18Z,history-df6906c5-fa1a-57cd-b9e8-09f435300c73-compact.parquet
167d10ef-6938-5ee7-bf85-4e00af0c9f17,0x83269d657fa2bf0a29355168b84b491db0d211a293bba8f68f4e2b62797d1b2e,btc-up-or-down-5m,"Bitcoin Up or Down - June 15, 4:50AM-4:55AM ET",up_or_down,"Bitcoin Up or Down - June 15, 4:50AM-4:55AM ET",Up|Down,Down,2026-06-15T08:50:00Z,2026-06-15T08:55:00Z,2026-06-15T08:56:30Z,23.14,2026-06-15T08:50:00Z,2026-06-15T08:55:58Z,history-167d10ef-6938-5ee7-bf85-4e00af0c9f17-compact.parquet
61e1a5a8-7a44-5519-bffe-597bbdd89199,0x869915257a0dafef8a1687b92fbc3a808c85ccd65274cbe1c2ffa1450ce61fb5,btc-up-or-down-5m,"Bitcoin Up or Down - June 15, 4:55AM-5:00AM ET",up_or_down,"Bitcoin Up or Down - June 15, 4:55AM-5:00AM ET",Up|Down,Down,2026-06-15T08:55:00Z,2026-06-15T09:00:00Z,2026-06-15T09:01:34Z,34.88,2026-06-15T08:55:00Z,2026-06-15T09:01:14Z,history-61e1a5a8-7a44-5519-bffe-597bbdd89199-compact.parquet
2ff7a7bf-b60b-53c1-a369-f7692cb3e136,0x731d4a09a28e89038b42e5b82ad0db7799cd3de3e9e158695d71778644d737a8,btc-up-or-down-15m,"Bitcoin Up or Down - June 15, 5:00AM-5:15AM ET",up_or_down,"Bitcoin Up or Down - June 15, 5:00AM-5:15AM ET",Up|Down,Up,2026-06-15T09:00:00Z,2026-06-15T09:15:00Z,2026-06-15T09:16:56Z,0.00,2026-06-15T09:00:00Z,2026-06-15T09:16:22Z,history-2ff7a7bf-b60b-53c1-a369-f7692cb3e136-compact.parquet
53497a98-914b-5bcf-b268-2b3d33da3ad1,0x80f31aa6c1d744fc0abf7ce730dfe6e5565eeacaa975e56bd653b07ccd65d40f,btc-up-or-down-hourly,"Bitcoin Up or Down - June 15, 5AM ET",up_or_down,"Bitcoin Up or Down - June 15, 5AM ET",Up|Down,Down,2026-06-15T09:00:00Z,2026-06-15T10:00:00Z,2026-06-15T10:07:43Z,206.03,2026-06-15T09:00:00Z,2026-06-15T10:07:43Z,history-53497a98-914b-5bcf-b268-2b3d33da3ad1-compact.parquet
fa9de4fc-6de9-5e4d-a6be-cb74f1f01b41,0xabd411afa394cb4d79769373c97ccc10a97066905694357e82151d9397f49170,btc-up-or-down-5m,"Bitcoin Up or Down - June 15, 5:00AM-5:05AM ET",up_or_down,"Bitcoin Up or Down - June 15, 5:00AM-5:05AM ET",Up|Down,Up,2026-06-15T09:00:00Z,2026-06-15T09:05:00Z,2026-06-15T09:06:30Z,49.96,2026-06-15T09:00:15Z,2026-06-15T09:06:02Z,history-fa9de4fc-6de9-5e4d-a6be-cb74f1f01b41-compact.parquet
6ef3a627-96eb-5dd6-a7f5-fe3d138bc6f5,0x489bfbd4206d6196d34f28e24afb2e651b857f0ec006a6d3a4aec29ff3d353d4,btc-up-or-down-5m,"Bitcoin Up or Down - June 15, 5:05AM-5:10AM ET",up_or_down,"Bitcoin Up or Down - June 15, 5:05AM-5:10AM ET",Up|Down,Up,2026-06-15T09:05:00Z,2026-06-15T09:10:00Z,2026-06-15T09:11:34Z,78.74,2026-06-15T09:05:00Z,2026-06-15T09:11:30Z,history-6ef3a627-96eb-5dd6-a7f5-fe3d138bc6f5-compact.parquet
4397435e-6f0f-5576-83f0-330a1784aede,0x75af872835008fa40c639ffa92e5410cddff5574c127a2fb75fde762d0ad9815,btc-up-or-down-5m,"Bitcoin Up or Down - June 15, 5:10AM-5:15AM ET",up_or_down,"Bitcoin Up or Down - June 15, 5:10AM-5:15AM ET",Up|Down,Down,2026-06-15T09:10:00Z,2026-06-15T09:15:00Z,2026-06-15T09:16:56Z,33.68,2026-06-15T09:10:00Z,2026-06-15T09:16:19Z,history-4397435e-6f0f-5576-83f0-330a1784aede-compact.parquet
402c4d84-5fee-5917-945f-ed5f5f5b03ad,0x7cc30beefe77e00a5dd6e13f57b3623b3c35563d4a0b662457b5aa563198010c,btc-up-or-down-5m,"Bitcoin Up or Down - June 15, 5:15AM-5:20AM ET",up_or_down,"Bitcoin Up or Down - June 15, 5:15AM-5:20AM ET",Up|Down,Up,2026-06-15T09:15:00Z,2026-06-15T09:20:00Z,2026-06-15T09:21:30Z,68.68,2026-06-15T09:15:00Z,2026-06-15T09:21:27Z,history-402c4d84-5fee-5917-945f-ed5f5f5b03ad-compact.parquet
fa0d73ba-29a1-5d16-9aea-8888f96f6157,0x45bbc7d242c4c1ee6bd807befea307a4c63ae03f0f24faee7f3110796373db0f,btc-up-or-down-15m,"Bitcoin Up or Down - June 15, 5:15AM-5:30AM ET",up_or_down,"Bitcoin Up or Down - June 15, 5:15AM-5:30AM ET",Up|Down,Down,2026-06-15T09:15:00Z,2026-06-15T09:30:00Z,2026-06-15T09:32:05Z,0.00,2026-06-15T09:15:00Z,2026-06-15T09:31:50Z,history-fa0d73ba-29a1-5d16-9aea-8888f96f6157-compact.parquet
9c66793b-7a86-5700-a0d9-d4dd9df1b43a,0x00f8bc6fac9a9cafc636e4767188793dba4aa5d938aee5921e444bfb9fb58f64,btc-up-or-down-5m,"Bitcoin Up or Down - June 15, 5:20AM-5:25AM ET",up_or_down,"Bitcoin Up or Down - June 15, 5:20AM-5:25AM ET",Up|Down,Down,2026-06-15T09:20:00Z,2026-06-15T09:25:00Z,2026-06-15T09:26:30Z,83.43,2026-06-15T09:20:00Z,2026-06-15T09:25:40Z,history-9c66793b-7a86-5700-a0d9-d4dd9df1b43a-compact.parquet
de910d9f-be9f-5127-a069-c25ae3b905b2,0x2fc8c1e2f885a90f63cf51e08ca9c8638a2dff3dc5474c0ff5520c8e6847c580,btc-up-or-down-5m,"Bitcoin Up or Down - June 15, 5:25AM-5:30AM ET",up_or_down,"Bitcoin Up or Down - June 15, 5:25AM-5:30AM ET",Up|Down,Down,2026-06-15T09:25:00Z,2026-06-15T09:30:00Z,2026-06-15T09:32:10Z,59.02,2026-06-15T09:25:00Z,2026-06-15T09:31:46Z,history-de910d9f-be9f-5127-a069-c25ae3b905b2-compact.parquet
11e2393d-a1e3-5a37-a524-3e0579c09890,0xf672e7ce68fb9cd04f9f03b8353ff90f8cca9d3b1a9bfa6118c49b5dedfb341b,btc-up-or-down-15m,"Bitcoin Up or Down - June 15, 5:30AM-5:45AM ET",up_or_down,"Bitcoin Up or Down - June 15, 5:30AM-5:45AM ET",Up|Down,Down,2026-06-15T09:30:00Z,2026-06-15T09:45:00Z,2026-06-15T09:46:35Z,5.00,2026-06-15T09:30:00Z,2026-06-15T09:46:19Z,history-11e2393d-a1e3-5a37-a524-3e0579c09890-compact.parquet
23c91fcf-7539-5851-b134-da1d08296d1e,0xeab39b99aafcbfb3b8a4fc12417146a7b2f83ec22d9135a85bf5a5bcc1b6a3ee,btc-up-or-down-5m,"Bitcoin Up or Down - June 15, 5:30AM-5:35AM ET",up_or_down,"Bitcoin Up or Down - June 15, 5:30AM-5:35AM ET",Up|Down,Down,2026-06-15T09:30:00Z,2026-06-15T09:35:00Z,2026-06-15T09:36:34Z,55.78,2026-06-15T09:30:48Z,2026-06-15T09:36:09Z,history-23c91fcf-7539-5851-b134-da1d08296d1e-compact.parquet
57774ef5-3eab-5819-afc0-f9f0c17a46f7,0x6cfd9d3c3f8d269df07bf4fe16c36e35665b769a496188cf3093c3b31b91573b,btc-up-or-down-5m,"Bitcoin Up or Down - June 15, 5:35AM-5:40AM ET",up_or_down,"Bitcoin Up or Down - June 15, 5:35AM-5:40AM ET",Up|Down,Down,2026-06-15T09:35:00Z,2026-06-15T09:40:00Z,2026-06-15T09:41:40Z,29.41,2026-06-15T09:35:00Z,2026-06-15T09:41:23Z,history-57774ef5-3eab-5819-afc0-f9f0c17a46f7-compact.parquet
8f8e6037-7da2-594d-bc3b-803f90cad626,0xf393c1bd6457c186cca07d6f09787c4f19d9e4b1c6488e9924be32296dc82131,btc-up-or-down-5m,"Bitcoin Up or Down - June 15, 5:40AM-5:45AM ET",up_or_down,"Bitcoin Up or Down - June 15, 5:40AM-5:45AM ET",Up|Down,Up,2026-06-15T09:40:00Z,2026-06-15T09:45:00Z,2026-06-15T09:46:29Z,40.24,2026-06-15T09:40:00Z,2026-06-15T09:45:42Z,history-8f8e6037-7da2-594d-bc3b-803f90cad626-compact.parquet
4960884d-10ef-506f-a6bc-bc2e5bd9dc58,0xe3ed2ca56fb311ed29a042b90cdd9909664512bf219afe8e329f1cd2d365cdfc,btc-up-or-down-5m,"Bitcoin Up or Down - June 15, 5:45AM-5:50AM ET",up_or_down,"Bitcoin Up or Down - June 15, 5:45AM-5:50AM ET",Up|Down,Down,2026-06-15T09:45:00Z,2026-06-15T09:50:00Z,2026-06-15T09:51:30Z,46.99,2026-06-15T09:45:00Z,2026-06-15T09:51:12Z,history-4960884d-10ef-506f-a6bc-bc2e5bd9dc58-compact.parquet
6c08c657-b8ef-52e2-88de-857acb74d517,0x20b6b0a3a7fe83c2dbc74bc25574b03068e7a27fd1bc780d863a573018808708,btc-up-or-down-15m,"Bitcoin Up or Down - June 15, 5:45AM-6:00AM ET",up_or_down,"Bitcoin Up or Down - June 15, 5:45AM-6:00AM ET",Up|Down,Up,2026-06-15T09:45:00Z,2026-06-15T10:00:00Z,2026-06-15T10:01:58Z,0.00,2026-06-15T09:45:00Z,2026-06-15T10:01:42Z,history-6c08c657-b8ef-52e2-88de-857acb74d517-compact.parquet
125fcc8f-6586-58dd-a3b8-315e9bcbcd64,0x7a9dfa70c96f061b8a9c5584e381d052cbaae13929db99a06b8ee98dd5d25e88,btc-up-or-down-5m,"Bitcoin Up or Down - June 15, 5:50AM-5:55AM ET",up_or_down,"Bitcoin Up or Down - June 15, 5:50AM-5:55AM ET",Up|Down,Up,2026-06-15T09:50:00Z,2026-06-15T09:55:00Z,2026-06-15T09:56:30Z,237.22,2026-06-15T09:50:00Z,2026-06-15T09:56:30Z,history-125fcc8f-6586-58dd-a3b8-315e9bcbcd64-compact.parquet
412cd847-7f03-574d-aa05-b9a6af0db9d7,0xa2efe8dbf5f12f92a772c4fb15659575b21a351924d5ae48ebdc64ba892e2cd3,btc-up-or-down-5m,"Bitcoin Up or Down - June 15, 5:55AM-6:00AM ET",up_or_down,"Bitcoin Up or Down - June 15, 5:55AM-6:00AM ET",Up|Down,Up,2026-06-15T09:55:00Z,2026-06-15T10:00:00Z,2026-06-15T10:01:57Z,211.78,2026-06-15T09:55:32Z,2026-06-15T10:01:52Z,history-412cd847-7f03-574d-aa05-b9a6af0db9d7-compact.parquet
170e98b9-a9b9-543c-b359-547e23216d8b,0xdd6f31e7420653c62bd0e762003a17b78ef30a44a5f5cc2db6fd5175f8f08d1f,btc-up-or-down-5m,"Bitcoin Up or Down - June 15, 6:00AM-6:05AM ET",up_or_down,"Bitcoin Up or Down - June 15, 6:00AM-6:05AM ET",Up|Down,Up,2026-06-15T10:00:00Z,2026-06-15T10:05:00Z,2026-06-15T10:06:26Z,218.11,2026-06-15T10:00:00Z,2026-06-15T10:06:26Z,history-170e98b9-a9b9-543c-b359-547e23216d8b-compact.parquet
3fea73c8-64d6-50f2-8746-f58f91b895d0,0x2c54ea1cd8d9d18ef821bcea465d3c6dd4fe3bed5f373131582001c2f32e192d,btc-up-or-down-hourly,"Bitcoin Up or Down - June 15, 6AM ET",up_or_down,"Bitcoin Up or Down - June 15, 6AM ET",Up|Down,Up,2026-06-15T10:00:00Z,2026-06-15T11:00:00Z,2026-06-15T11:09:32Z,23.78,2026-06-15T10:00:00Z,2026-06-15T11:09:32Z,history-3fea73c8-64d6-50f2-8746-f58f91b895d0-compact.parquet
5db5efc6-200d-5654-8c4f-712b04012e38,0xb2f94f64fb9aaa1c1f3eb208d749f68ad7dae9c4c8fef065296e146984016245,btc-up-or-down-15m,"Bitcoin Up or Down - June 15, 6:00AM-6:15AM ET",up_or_down,"Bitcoin Up or Down - June 15, 6:00AM-6:15AM ET",Up|Down,Up,2026-06-15T10:00:00Z,2026-06-15T10:15:00Z,2026-06-15T10:16:30Z,1.63,2026-06-15T10:00:00Z,2026-06-15T10:15:55Z,history-5db5efc6-200d-5654-8c4f-712b04012e38-compact.parquet
7efc3b36-dad9-557a-9703-8078698ceaef,0x73f9b6347403579a1d4456ca554d0a36c36824f4a3283eb6343ada958d3f2e22,btc-up-or-down-5m,"Bitcoin Up or Down - June 15, 6:05AM-6:10AM ET",up_or_down,"Bitcoin Up or Down - June 15, 6:05AM-6:10AM ET",Up|Down,Up,2026-06-15T10:05:00Z,2026-06-15T10:10:00Z,2026-06-15T10:11:39Z,204.90,2026-06-15T10:05:00Z,2026-06-15T10:11:16Z,history-7efc3b36-dad9-557a-9703-8078698ceaef-compact.parquet
dc47739d-451b-5d2d-8da2-36247b211d95,0x5277f48858d88b790741b8d0aaafeee555582c9767756470adcfa300ac2738e8,btc-up-or-down-5m,"Bitcoin Up or Down - June 15, 6:10AM-6:15AM ET",up_or_down,"Bitcoin Up or Down - June 15, 6:10AM-6:15AM ET",Up|Down,Up,2026-06-15T10:10:00Z,2026-06-15T10:15:00Z,2026-06-15T10:16:30Z,200.00,2026-06-15T10:10:00Z,2026-06-15T10:15:58Z,history-dc47739d-451b-5d2d-8da2-36247b211d95-compact.parquet
290a0c15-a6fb-5760-976f-fa385d1da911,0x1d3b511239f4a16bd7bcf93dfbefc17d070bf9dda8e3359cf31126ad0397f8b4,btc-up-or-down-15m,"Bitcoin Up or Down - June 15, 6:15AM-6:30AM ET",up_or_down,"Bitcoin Up or Down - June 15, 6:15AM-6:30AM ET",Up|Down,Down,2026-06-15T10:15:00Z,2026-06-15T10:30:00Z,2026-06-15T10:31:35Z,3078.80,2026-06-15T10:15:00Z,2026-06-15T10:31:19Z,history-290a0c15-a6fb-5760-976f-fa385d1da911-compact.parquet
bc4e3b83-83ed-57f1-914c-72282974ba7c,0x31d782a37cab752c6634c7512a3048f7836691e60665c05b169f38edabffd513,btc-up-or-down-5m,"Bitcoin Up or Down - June 15, 6:15AM-6:20AM ET",up_or_down,"Bitcoin Up or Down - June 15, 6:15AM-6:20AM ET",Up|Down,Down,2026-06-15T10:15:00Z,2026-06-15T10:20:00Z,2026-06-15T10:21:31Z,405.97,2026-06-15T10:15:00Z,2026-06-15T10:21:25Z,history-bc4e3b83-83ed-57f1-914c-72282974ba7c-compact.parquet
47e2c593-dcc5-52a5-b687-abb11f68f50e,0xb2b3e17c85008914ad1d9fc0d21f89be43c887a5fb588f7e043d7ed358ebfd41,btc-up-or-down-5m,"Bitcoin Up or Down - June 15, 6:20AM-6:25AM ET",up_or_down,"Bitcoin Up or Down - June 15, 6:20AM-6:25AM ET",Up|Down,Up,2026-06-15T10:20:00Z,2026-06-15T10:25:00Z,2026-06-15T10:26:30Z,195.36,2026-06-15T10:20:00Z,2026-06-15T10:25:30Z,history-47e2c593-dcc5-52a5-b687-abb11f68f50e-compact.parquet
8448db43-e7d4-5de2-ace0-b84444d6d0e6,0x2478646f50e0058ef4820033d59c758d7b77095fa99cc7f87a673db4bc469e2a,btc-up-or-down-5m,"Bitcoin Up or Down - June 15, 6:25AM-6:30AM ET",up_or_down,"Bitcoin Up or Down - June 15, 6:25AM-6:30AM ET",Up|Down,Down,2026-06-15T10:25:00Z,2026-06-15T10:30:00Z,2026-06-15T10:31:35Z,346.11,2026-06-15T10:25:59Z,2026-06-15T10:31:09Z,history-8448db43-e7d4-5de2-ace0-b84444d6d0e6-compact.parquet
5106ba76-80df-56df-b351-40e98fee4544,0x4ff9d8f1fda8283b26faa1fca1e378982b104c73e032d9ba8939046a5e87d7c2,btc-up-or-down-15m,"Bitcoin Up or Down - June 15, 6:30AM-6:45AM ET",up_or_down,"Bitcoin Up or Down - June 15, 6:30AM-6:45AM ET",Up|Down,Up,2026-06-15T10:30:00Z,2026-06-15T10:45:00Z,2026-06-15T10:46:30Z,0.00,2026-06-15T10:30:00Z,2026-06-15T10:45:46Z,history-5106ba76-80df-56df-b351-40e98fee4544-compact.parquet
d6326b9a-cc47-539a-b839-eea9fc218cd5,0x1c2dd6a018b6be51dbb1dfd338ca645265c07bc7c4126f3a3fee903723a105c8,btc-up-or-down-5m,"Bitcoin Up or Down - June 15, 6:30AM-6:35AM ET",up_or_down,"Bitcoin Up or Down - June 15, 6:30AM-6:35AM ET",Up|Down,Up,2026-06-15T10:30:00Z,2026-06-15T10:35:00Z,2026-06-15T10:36:29Z,232.29,2026-06-15T10:30:00Z,2026-06-15T10:35:59Z,history-d6326b9a-cc47-539a-b839-eea9fc218cd5-compact.parquet
cea8049d-863b-56ed-845f-192738f33d72,0x9b584d2877f836ca135fce0b105f797fd2f72e7f8ee914d7fdfcfad5afc13f88,btc-up-or-down-5m,"Bitcoin Up or Down - June 15, 6:35AM-6:40AM ET",up_or_down,"Bitcoin Up or Down - June 15, 6:35AM-6:40AM ET",Up|Down,Up,2026-06-15T10:35:00Z,2026-06-15T10:40:00Z,2026-06-15T10:41:29Z,211.71,2026-06-15T10:35:00Z,2026-06-15T10:40:50Z,history-cea8049d-863b-56ed-845f-192738f33d72-compact.parquet
8a2e97b0-e763-51aa-95b5-ed980e530346,0x2d8f65092157081fde78d7344706ea47dca646d3414d4fb70b491cd13ff8fc6f,btc-up-or-down-5m,"Bitcoin Up or Down - June 15, 6:40AM-6:45AM ET",up_or_down,"Bitcoin Up or Down - June 15, 6:40AM-6:45AM ET",Up|Down,Up,2026-06-15T10:40:00Z,2026-06-15T10:45:00Z,2026-06-15T10:46:35Z,207.84,2026-06-15T10:40:00Z,2026-06-15T10:46:16Z,history-8a2e97b0-e763-51aa-95b5-ed980e530346-compact.parquet
454124a2-d74f-5c52-9e9f-bf1216a930e5,0x40e640f8cde1965a4e85f78f259fe4e4456e8f6c4a92b58c2a5a22cd9a96decb,btc-up-or-down-15m,"Bitcoin Up or Down - June 15, 6:45AM-7:00AM ET",up_or_down,"Bitcoin Up or Down - June 15, 6:45AM-7:00AM ET",Up|Down,Up,2026-06-15T10:45:00Z,2026-06-15T11:00:00Z,2026-06-15T11:01:31Z,1.96,2026-06-15T10:45:00Z,2026-06-15T11:00:59Z,history-454124a2-d74f-5c52-9e9f-bf1216a930e5-compact.parquet
f49057e6-9502-5678-8592-7eb544d1cf4c,0xd88c6f189226c2bc82c4ebe2d40239c8d4a663c8a840b78e465de83ffb2c0c94,btc-up-or-down-5m,"Bitcoin Up or Down - June 15, 6:45AM-6:50AM ET",up_or_down,"Bitcoin Up or Down - June 15, 6:45AM-6:50AM ET",Up|Down,Down,2026-06-15T10:45:00Z,2026-06-15T10:50:00Z,2026-06-15T10:52:04Z,381.27,2026-06-15T10:45:00Z,2026-06-15T10:51:51Z,history-f49057e6-9502-5678-8592-7eb544d1cf4c-compact.parquet
73bb0d18-78af-5685-82fb-136f703ccfc4,0xbcfc4b0e86b0562de570c9db66ab57170d3276a9e6983ff2eea7aa37894b4c9e,btc-up-or-down-5m,"Bitcoin Up or Down - June 15, 6:50AM-6:55AM ET",up_or_down,"Bitcoin Up or Down - June 15, 6:50AM-6:55AM ET",Up|Down,Up,2026-06-15T10:50:00Z,2026-06-15T10:55:00Z,2026-06-15T10:57:01Z,0.00,2026-06-15T10:50:26Z,2026-06-15T10:56:24Z,history-73bb0d18-78af-5685-82fb-136f703ccfc4-compact.parquet
162fb57c-ad00-5d07-a7e7-a2cfed461718,0x51683e0bb44b623b37eb05e767a71a086a96790208b91f53394bbd4830a6ba98,btc-up-or-down-5m,"Bitcoin Up or Down - June 15, 6:55AM-7:00AM ET",up_or_down,"Bitcoin Up or Down - June 15, 6:55AM-7:00AM ET",Up|Down,Up,2026-06-15T10:55:00Z,2026-06-15T11:00:00Z,2026-06-15T11:01:36Z,25.57,2026-06-15T10:55:00Z,2026-06-15T11:01:13Z,history-162fb57c-ad00-5d07-a7e7-a2cfed461718-compact.parquet
135da9bd-8d45-5ac7-80a0-58e4bc0640b7,0xa77e934f3e8fbafdcc119abd0dedf002a0f3b38557025ba0c70417f9b841631a,btc-up-or-down-5m,"Bitcoin Up or Down - June 15, 7:00AM-7:05AM ET",up_or_down,"Bitcoin Up or Down - June 15, 7:00AM-7:05AM ET",Up|Down,Down,2026-06-15T11:00:00Z,2026-06-15T11:05:00Z,2026-06-15T11:06:30Z,1.96,2026-06-15T11:00:00Z,2026-06-15T11:05:54Z,history-135da9bd-8d45-5ac7-80a0-58e4bc0640b7-compact.parquet
32e23d80-7890-5d0e-8e9c-5ae3be05f61c,0xb4472ec5fe47d0d65bc55414760b03673f5f4371fa9634327c5c1af64209e366,btc-up-or-down-15m,"Bitcoin Up or Down - June 15, 7:00AM-7:15AM ET",up_or_down,"Bitcoin Up or Down - June 15, 7:00AM-7:15AM ET",Up|Down,Up,2026-06-15T11:00:00Z,2026-06-15T11:15:00Z,2026-06-15T11:17:00Z,0.00,2026-06-15T11:00:00Z,2026-06-15T11:16:12Z,history-32e23d80-7890-5d0e-8e9c-5ae3be05f61c-compact.parquet
8a1b5b7c-3383-5e47-b536-1612808f4fe0,0x374e18398d661e33d7a0db0ca6e2529fb69ed4a9b761107749835ed5f8ba3309,btc-up-or-down-hourly,"Bitcoin Up or Down - June 15, 7AM ET",up_or_down,"Bitcoin Up or Down - June 15, 7AM ET",Up|Down,Up,2026-06-15T11:00:00Z,2026-06-15T12:00:00Z,2026-06-15T12:11:13Z,18.73,2026-06-15T11:00:00Z,2026-06-15T12:11:13Z,history-8a1b5b7c-3383-5e47-b536-1612808f4fe0-compact.parquet
66776c95-82c1-57c0-b341-9e94b3c9a56a,0x124387c51197dee5ec6566bd977d531e00a530a5c8df11d2ef1ea6eae263bbc0,btc-up-or-down-5m,"Bitcoin Up or Down - June 15, 7:05AM-7:10AM ET",up_or_down,"Bitcoin Up or Down - June 15, 7:05AM-7:10AM ET",Up|Down,Up,2026-06-15T11:05:00Z,2026-06-15T11:10:00Z,2026-06-15T11:11:30Z,26.76,2026-06-15T11:05:00Z,2026-06-15T11:11:29Z,history-66776c95-82c1-57c0-b341-9e94b3c9a56a-compact.parquet
eb9acbc0-f404-5667-b0b6-09b320672986,0x60fd72a1989d27e3bce06a63affabc0de226752f38e4b9797b3c89a1facbaf7d,btc-up-or-down-5m,"Bitcoin Up or Down - June 15, 7:10AM-7:15AM ET",up_or_down,"Bitcoin Up or Down - June 15, 7:10AM-7:15AM ET",Up|Down,Down,2026-06-15T11:10:00Z,2026-06-15T11:15:00Z,2026-06-15T11:17:10Z,11.76,2026-06-15T11:10:00Z,2026-06-15T11:16:40Z,history-eb9acbc0-f404-5667-b0b6-09b320672986-compact.parquet
096f3ee1-01b9-523f-ba48-27fafefacada,0x03be7591295bb3e149192f23afac2c62177e7e5ef12592e05d38462c5650ea5f,btc-up-or-down-15m,"Bitcoin Up or Down - June 15, 7:15AM-7:30AM ET",up_or_down,"Bitcoin Up or Down - June 15, 7:15AM-7:30AM ET",Up|Down,Up,2026-06-15T11:15:00Z,2026-06-15T11:30:00Z,2026-06-15T11:31:27Z,3530.00,2026-06-15T11:15:00Z,2026-06-15T11:30:51Z,history-096f3ee1-01b9-523f-ba48-27fafefacada-compact.parquet
2383e153-4cf7-5020-884f-473ba1351cc5,0x5f520a5610abc62771d48b58cf9379e0f171e8b00c343734cce3c5970e665a1b,btc-up-or-down-5m,"Bitcoin Up or Down - June 15, 7:15AM-7:20AM ET",up_or_down,"Bitcoin Up or Down - June 15, 7:15AM-7:20AM ET",Up|Down,Up,2026-06-15T11:15:00Z,2026-06-15T11:20:00Z,2026-06-15T11:21:30Z,341.80,2026-06-15T11:15:44Z,2026-06-15T11:21:27Z,history-2383e153-4cf7-5020-884f-473ba1351cc5-compact.parquet
44def72a-cf88-5ebf-a795-df754117153e,0xaab04601ca85719ccf16bdfe2e1e5024f27791fda3023bcbe4ab5961c83d4131,btc-up-or-down-5m,"Bitcoin Up or Down - June 15, 7:20AM-7:25AM ET",up_or_down,"Bitcoin Up or Down - June 15, 7:20AM-7:25AM ET",Up|Down,Up,2026-06-15T11:20:00Z,2026-06-15T11:25:00Z,2026-06-15T11:26:27Z,39.80,2026-06-15T11:20:00Z,2026-06-15T11:26:07Z,history-44def72a-cf88-5ebf-a795-df754117153e-compact.parquet
3ee4a5b5-b53b-502d-a104-d2c32244322f,0x8ea6bc9d62256b418d99bb9274eec8a2dc8aa86e6030f92499929a5166c78dd9,btc-up-or-down-5m,"Bitcoin Up or Down - June 15, 7:25AM-7:30AM ET",up_or_down,"Bitcoin Up or Down - June 15, 7:25AM-7:30AM ET",Up|Down,Down,2026-06-15T11:25:00Z,2026-06-15T11:30:00Z,2026-06-15T11:31:27Z,9.80,2026-06-15T11:25:00Z,2026-06-15T11:30:56Z,history-3ee4a5b5-b53b-502d-a104-d2c32244322f-compact.parquet
adefa576-7623-5ba5-ad67-357ebe08a6a9,0xd0fdae9ca205e1db41ff2098771122b886b2d39d6b5d3259371b39ef76adcf2c,btc-up-or-down-15m,"Bitcoin Up or Down - June 15, 7:30AM-7:45AM ET",up_or_down,"Bitcoin Up or Down - June 15, 7:30AM-7:45AM ET",Up|Down,Down,2026-06-15T11:30:00Z,2026-06-15T11:45:00Z,2026-06-15T11:46:32Z,15.00,2026-06-15T11:30:00Z,2026-06-15T11:46:32Z,history-adefa576-7623-5ba5-ad67-357ebe08a6a9-compact.parquet
affb58a0-4141-5bb5-9dd8-72d3cf6fef9b,0x4583ee1da33feb7b079a0d40166231d269da9d171e3f1abaf455a13a4b1ea284,btc-up-or-down-5m,"Bitcoin Up or Down - June 15, 7:30AM-7:35AM ET",up_or_down,"Bitcoin Up or Down - June 15, 7:30AM-7:35AM ET",Up|Down,Down,2026-06-15T11:30:00Z,2026-06-15T11:35:00Z,2026-06-15T11:36:31Z,73.57,2026-06-15T11:30:00Z,2026-06-15T11:36:29Z,history-affb58a0-4141-5bb5-9dd8-72d3cf6fef9b-compact.parquet
609b5aef-0c4b-5d28-a0f9-74b01a857d83,0xa0916b745ee19a8aaaf0baa7245260e726e72ed0e0dbff859fcea12056c59a40,btc-up-or-down-5m,"Bitcoin Up or Down - June 15, 7:35AM-7:40AM ET",up_or_down,"Bitcoin Up or Down - June 15, 7:35AM-7:40AM ET",Up|Down,Down,2026-06-15T11:35:00Z,2026-06-15T11:40:00Z,2026-06-15T11:41:32Z,91.22,2026-06-15T11:35:00Z,2026-06-15T11:41:25Z,history-609b5aef-0c4b-5d28-a0f9-74b01a857d83-compact.parquet
3902b935-2248-5b5f-b710-1741b97c1c03,0x9b2a89c5a5875dbb9d239110a713722fb78d0ea2a27096170582b0e16e2e8897,btc-up-or-down-5m,"Bitcoin Up or Down - June 15, 7:40AM-7:45AM ET",up_or_down,"Bitcoin Up or Down - June 15, 7:40AM-7:45AM ET",Up|Down,Down,2026-06-15T11:40:00Z,2026-06-15T11:45:00Z,2026-06-15T11:46:38Z,30.77,2026-06-15T11:40:15Z,2026-06-15T11:46:23Z,history-3902b935-2248-5b5f-b710-1741b97c1c03-compact.parquet
9708ad09-5529-52f4-9bfd-4c658cbaef43,0xce43624e868cc24af13d21876a1ef60729fd4eb74d8e17584941f6f5b261046b,btc-up-or-down-5m,"Bitcoin Up or Down - June 15, 7:45AM-7:50AM ET",up_or_down,"Bitcoin Up or Down - June 15, 7:45AM-7:50AM ET",Up|Down,Down,2026-06-15T11:45:00Z,2026-06-15T11:50:00Z,2026-06-15T11:51:28Z,23.80,2026-06-15T11:45:00Z,2026-06-15T11:50:39Z,history-9708ad09-5529-52f4-9bfd-4c658cbaef43-compact.parquet
e92a9530-ed2c-5bf6-b268-d4782e2424c4,0xeddf810ff209d07dce595d105afa9f7ac751935eeb0b489d57ca5fb520a658e4,btc-up-or-down-15m,"Bitcoin Up or Down - June 15, 7:45AM-8:00AM ET",up_or_down,"Bitcoin Up or Down - June 15, 7:45AM-8:00AM ET",Up|Down,Up,2026-06-15T11:45:00Z,2026-06-15T12:00:00Z,2026-06-15T12:02:11Z,117.65,2026-06-15T11:45:00Z,2026-06-15T12:01:58Z,history-e92a9530-ed2c-5bf6-b268-d4782e2424c4-compact.parquet
efa3ce15-2e08-5538-9c59-a9de7cb1013e,0x06a1026d400d650e3c10ec732c840abb57eded8f0989cf0ed994ce33e9684f69,btc-up-or-down-5m,"Bitcoin Up or Down - June 15, 7:50AM-7:55AM ET",up_or_down,"Bitcoin Up or Down - June 15, 7:50AM-7:55AM ET",Up|Down,Up,2026-06-15T11:50:00Z,2026-06-15T11:55:00Z,2026-06-15T11:56:27Z,119.73,2026-06-15T11:50:00Z,2026-06-15T11:56:00Z,history-efa3ce15-2e08-5538-9c59-a9de7cb1013e-compact.parquet
e32b1efb-22a8-580e-9228-c74d796f08c9,0xcf14ecabea46a76835c2f6e321ddc0f38f2fd6837a17e9c0d7a77657e31169c8,btc-up-or-down-5m,"Bitcoin Up or Down - June 15, 7:55AM-8:00AM ET",up_or_down,"Bitcoin Up or Down - June 15, 7:55AM-8:00AM ET",Up|Down,Down,2026-06-15T11:55:00Z,2026-06-15T12:00:00Z,2026-06-15T12:02:12Z,25.80,2026-06-15T11:55:00Z,2026-06-15T12:02:06Z,history-e32b1efb-22a8-580e-9228-c74d796f08c9-compact.parquet
857ea4e2-eb47-50ac-ad2d-2e90d3040fe1,0xe1af46707c3f5b96cf2444f17ae453382caf1fdbca4c61f450d22870bb8cd60e,btc-up-or-down-hourly,"Bitcoin Up or Down - June 15, 8AM ET",up_or_down,"Bitcoin Up or Down - June 15, 8AM ET",Up|Down,Up,2026-06-15T12:00:00Z,2026-06-15T13:00:00Z,2026-06-15T13:07:24Z,9.80,2026-06-15T12:00:00Z,2026-06-15T13:07:24Z,history-857ea4e2-eb47-50ac-ad2d-2e90d3040fe1-compact.parquet
b4dae5a7-ee42-58ad-abe1-d7d6ea9bd9ba,0xcc95598c46e1179196c41768bf6ddf93b8ac25b61ed54d2a2387f98b712bc1e5,btc-up-or-down-15m,"Bitcoin Up or Down - June 15, 8:00AM-8:15AM ET",up_or_down,"Bitcoin Up or Down - June 15, 8:00AM-8:15AM ET",Up|Down,Up,2026-06-15T12:00:00Z,2026-06-15T12:15:00Z,2026-06-15T12:16:30Z,19.48,2026-06-15T12:00:00Z,2026-06-15T12:16:24Z,history-b4dae5a7-ee42-58ad-abe1-d7d6ea9bd9ba-compact.parquet
d2317d1a-f08c-5436-ac9f-f174da67cff3,0x8a91bac3c118eee7bf43a98111b1a056603ab81f1b218eff2a713e85562dea63,btc-up-or-down-5m,"Bitcoin Up or Down - June 15, 8:00AM-8:05AM ET",up_or_down,"Bitcoin Up or Down - June 15, 8:00AM-8:05AM ET",Up|Down,Down,2026-06-15T12:00:00Z,2026-06-15T12:05:00Z,2026-06-15T12:06:30Z,170.00,2026-06-15T12:00:00Z,2026-06-15T12:05:46Z,history-d2317d1a-f08c-5436-ac9f-f174da67cff3-compact.parquet
4b5e9088-5c7c-5f68-a8c3-e6adee30c1cd,0x23ffc7293d996efc05d598457511bf539d6997ce8135a2991dc205ebd9f2ec73,btc-up-or-down-5m,"Bitcoin Up or Down - June 15, 8:05AM-8:10AM ET",up_or_down,"Bitcoin Up or Down - June 15, 8:05AM-8:10AM ET",Up|Down,Up,2026-06-15T12:05:00Z,2026-06-15T12:10:00Z,2026-06-15T12:11:31Z,300.00,2026-06-15T12:05:00Z,2026-06-15T12:11:25Z,history-4b5e9088-5c7c-5f68-a8c3-e6adee30c1cd-compact.parquet
752e6058-b9c8-5fa8-9dd3-4113849160eb,0x9721e750b61522957319cb81cab8aa44fa308529332443311cdc5015a346e745,btc-up-or-down-5m,"Bitcoin Up or Down - June 15, 8:10AM-8:15AM ET",up_or_down,"Bitcoin Up or Down - June 15, 8:10AM-8:15AM ET",Up|Down,Up,2026-06-15T12:10:00Z,2026-06-15T12:15:00Z,2026-06-15T12:16:35Z,0.00,2026-06-15T12:11:12Z,2026-06-15T12:15:52Z,history-752e6058-b9c8-5fa8-9dd3-4113849160eb-compact.parquet
2c277ffa-75c7-5abd-a7ba-faa13b460e44,0x9b71fecb6d86f6c9dc2d2186ec4d531d16021b48818f16acdb604409cfc80bdb,btc-up-or-down-5m,"Bitcoin Up or Down - June 15, 8:15AM-8:20AM ET",up_or_down,"Bitcoin Up or Down - June 15, 8:15AM-8:20AM ET",Up|Down,Up,2026-06-15T12:15:00Z,2026-06-15T12:20:00Z,2026-06-15T12:21:30Z,205.80,2026-06-15T12:15:00Z,2026-06-15T12:20:31Z,history-2c277ffa-75c7-5abd-a7ba-faa13b460e44-compact.parquet
f4f60127-4f35-5c2d-9297-34a92596aca3,0xfde2382d75b2d201ec66ca7399ea59b914e67fb79d4baf0d67972bde82ccdc25,btc-up-or-down-15m,"Bitcoin Up or Down - June 15, 8:15AM-8:30AM ET",up_or_down,"Bitcoin Up or Down - June 15, 8:15AM-8:30AM ET",Up|Down,Down,2026-06-15T12:15:00Z,2026-06-15T12:30:00Z,2026-06-15T12:31:35Z,43.96,2026-06-15T12:15:00Z,2026-06-15T12:31:21Z,history-f4f60127-4f35-5c2d-9297-34a92596aca3-compact.parquet
fa19116e-430d-5445-9a22-22dfbc1531b0,0xc1b5113364e261fe11c40dca15393ed6045f2038a1738508dd6e0fa8171b7bcd,btc-up-or-down-5m,"Bitcoin Up or Down - June 15, 8:20AM-8:25AM ET",up_or_down,"Bitcoin Up or Down - June 15, 8:20AM-8:25AM ET",Up|Down,Down,2026-06-15T12:20:00Z,2026-06-15T12:25:00Z,2026-06-15T12:27:01Z,416.44,2026-06-15T12:20:00Z,2026-06-15T12:26:44Z,history-fa19116e-430d-5445-9a22-22dfbc1531b0-compact.parquet
88ef5cbe-e112-57f9-a91a-8b821427bda5,0x0ffbb742d3f585329f414e94fb3ef872bf7f5099ce849ef1a7dfc2d51d270c43,btc-up-or-down-5m,"Bitcoin Up or Down - June 15, 8:25AM-8:30AM ET",up_or_down,"Bitcoin Up or Down - June 15, 8:25AM-8:30AM ET",Up|Down,Down,2026-06-15T12:25:00Z,2026-06-15T12:30:00Z,2026-06-15T12:31:31Z,0.00,2026-06-15T12:25:00Z,2026-06-15T12:31:21Z,history-88ef5cbe-e112-57f9-a91a-8b821427bda5-compact.parquet
6fa0577e-ffde-5cc2-9acc-3abd6921a8c3,0xf8afebc47279bc7a01f30b344d90d99c62a7aae8db7644570771144afc689dae,btc-up-or-down-5m,"Bitcoin Up or Down - June 15, 8:30AM-8:35AM ET",up_or_down,"Bitcoin Up or Down - June 15, 8:30AM-8:35AM ET",Up|Down,Down,2026-06-15T12:30:00Z,2026-06-15T12:35:00Z,2026-06-15T12:36:31Z,219.91,2026-06-15T12:30:00Z,2026-06-15T12:36:22Z,history-6fa0577e-ffde-5cc2-9acc-3abd6921a8c3-compact.parquet
c80bec03-efe9-52d1-9495-77e3797710fe,0x007554f4687554a7abf8d79c55620656ef2bca88babaa8a3169a53446909f541,btc-up-or-down-15m,"Bitcoin Up or Down - June 15, 8:30AM-8:45AM ET",up_or_down,"Bitcoin Up or Down - June 15, 8:30AM-8:45AM ET",Up|Down,Up,2026-06-15T12:30:00Z,2026-06-15T12:45:00Z,2026-06-15T12:47:32Z,0.00,2026-06-15T12:30:00Z,2026-06-15T12:47:19Z,history-c80bec03-efe9-52d1-9495-77e3797710fe-compact.parquet
30affb06-7285-5656-b6aa-fd84ada3e9bf,0xc83fc22245bb2b5f00038987cf5b083555a50b903358df9ae524c284bc404e74,btc-up-or-down-5m,"Bitcoin Up or Down - June 15, 8:35AM-8:40AM ET",up_or_down,"Bitcoin Up or Down - June 15, 8:35AM-8:40AM ET",Up|Down,Up,2026-06-15T12:35:00Z,2026-06-15T12:40:00Z,2026-06-15T12:41:30Z,300.00,2026-06-15T12:36:10Z,2026-06-15T12:41:04Z,history-30affb06-7285-5656-b6aa-fd84ada3e9bf-compact.parquet
3da67ffc-0602-5cef-a032-61df9d0bbe40,0xa86967c40da43d5f0abfbfc107dab5417b334defcad14359c570063e82ba7552,btc-up-or-down-5m,"Bitcoin Up or Down - June 15, 8:40AM-8:45AM ET",up_or_down,"Bitcoin Up or Down - June 15, 8:40AM-8:45AM ET",Up|Down,Up,2026-06-15T12:40:00Z,2026-06-15T12:45:00Z,2026-06-15T12:47:30Z,688.38,2026-06-15T12:40:00Z,2026-06-15T12:47:12Z,history-3da67ffc-0602-5cef-a032-61df9d0bbe40-compact.parquet
a6fbc505-1d88-5774-8ad6-dba74fbb26a7,0x37886c63726eea511c2fc3233e23ff13bbfbdc3fd773e155c0afd6225442a4a0,btc-up-or-down-5m,"Bitcoin Up or Down - June 15, 8:45AM-8:50AM ET",up_or_down,"Bitcoin Up or Down - June 15, 8:45AM-8:50AM ET",Up|Down,Up,2026-06-15T12:45:00Z,2026-06-15T12:50:00Z,2026-06-15T12:51:28Z,214.80,2026-06-15T12:45:00Z,2026-06-15T12:50:32Z,history-a6fbc505-1d88-5774-8ad6-dba74fbb26a7-compact.parquet
fb93eb7d-5ccb-56b3-bccd-4a298938004c,0xd3deaee6527a6b72ba92b85ce44bbf831042e7f1892a69754490943536d0df16,btc-up-or-down-15m,"Bitcoin Up or Down - June 15, 8:45AM-9:00AM ET",up_or_down,"Bitcoin Up or Down - June 15, 8:45AM-9:00AM ET",Up|Down,Up,2026-06-15T12:45:00Z,2026-06-15T13:00:00Z,2026-06-15T13:02:03Z,5.00,2026-06-15T12:45:00Z,2026-06-15T13:01:13Z,history-fb93eb7d-5ccb-56b3-bccd-4a298938004c-compact.parquet
cb14444f-1785-54f5-9c38-d8493d28f7f1,0x4311296c55fb0a297e3337c68c1ccb9eb39596cb2164815d30d1cb42b6e1a6b9,btc-up-or-down-5m,"Bitcoin Up or Down - June 15, 8:50AM-8:55AM ET",up_or_down,"Bitcoin Up or Down - June 15, 8:50AM-8:55AM ET",Up|Down,Up,2026-06-15T12:50:00Z,2026-06-15T12:55:00Z,2026-06-15T12:56:31Z,209.80,2026-06-15T12:50:00Z,2026-06-15T12:55:41Z,history-cb14444f-1785-54f5-9c38-d8493d28f7f1-compact.parquet
6acb7199-36ca-555c-9eb6-ff7bd172198f,0xfd81b360a9e1746b20946a154a76838d844eb51590fdfffd14abd0fb0bd42f56,btc-up-or-down-5m,"Bitcoin Up or Down - June 15, 8:55AM-9:00AM ET",up_or_down,"Bitcoin Up or Down - June 15, 8:55AM-9:00AM ET",Up|Down,Down,2026-06-15T12:55:00Z,2026-06-15T13:00:00Z,2026-06-15T13:02:10Z,254.11,2026-06-15T12:55:00Z,2026-06-15T13:01:35Z,history-6acb7199-36ca-555c-9eb6-ff7bd172198f-compact.parquet
167aa938-d13d-5ec5-a0ee-6b6c1f75c56e,0xe25e223fff0299bfcd4d73681cfb48c1e8a4536f91840d48911612a84f964d24,btc-up-or-down-5m,"Bitcoin Up or Down - June 15, 9:00AM-9:05AM ET",up_or_down,"Bitcoin Up or Down - June 15, 9:00AM-9:05AM ET",Up|Down,Down,2026-06-15T13:00:00Z,2026-06-15T13:05:00Z,2026-06-15T13:06:31Z,223.04,2026-06-15T13:01:06Z,2026-06-15T13:06:30Z,history-167aa938-d13d-5ec5-a0ee-6b6c1f75c56e-compact.parquet
6ac0007c-a6e1-5bef-bfe3-45cc9858edde,0x35633076cdef7ee20cc2c6448ab1cc61694f31ae873da279f6a72c27dbce0ea3,btc-up-or-down-hourly,"Bitcoin Up or Down - June 15, 9AM ET",up_or_down,"Bitcoin Up or Down - June 15, 9AM ET",Up|Down,Down,2026-06-15T13:00:00Z,2026-06-15T14:00:00Z,2026-06-15T14:09:23Z,6.12,2026-06-15T13:00:00Z,2026-06-15T14:09:23Z,history-6ac0007c-a6e1-5bef-bfe3-45cc9858edde-compact.parquet
6f587651-f5b9-58d4-b4cb-dcb58b6a3f50,0x6be1c5eefc3e60ec4671cf7ec875a9652446b2f06bac437f61e2827163963f7e,btc-up-or-down-15m,"Bitcoin Up or Down - June 15, 9:00AM-9:15AM ET",up_or_down,"Bitcoin Up or Down - June 15, 9:00AM-9:15AM ET",Up|Down,Up,2026-06-15T13:00:00Z,2026-06-15T13:15:00Z,2026-06-15T13:16:28Z,8.92,2026-06-15T13:00:00Z,2026-06-15T13:16:28Z,history-6f587651-f5b9-58d4-b4cb-dcb58b6a3f50-compact.parquet
7062db3b-d5a9-58b6-816d-fd7d091769a0,0x6faeede7f5ee98f82c7aef529faf510a86b28abd340a111e5e13954ea5927a25,btc-up-or-down-5m,"Bitcoin Up or Down - June 15, 9:05AM-9:10AM ET",up_or_down,"Bitcoin Up or Down - June 15, 9:05AM-9:10AM ET",Up|Down,Up,2026-06-15T13:05:00Z,2026-06-15T13:10:00Z,2026-06-15T13:12:31Z,218.55,2026-06-15T13:05:00Z,2026-06-15T13:11:42Z,history-7062db3b-d5a9-58b6-816d-fd7d091769a0-compact.parquet
70167bed-c63f-5ffa-b036-2a24470c1d8c,0x38683584797062751ec19b0c6cce7bf649f40eb2f646badfcfec67d045b992ea,btc-up-or-down-5m,"Bitcoin Up or Down - June 15, 9:10AM-9:15AM ET",up_or_down,"Bitcoin Up or Down - June 15, 9:10AM-9:15AM ET",Up|Down,Up,2026-06-15T13:10:00Z,2026-06-15T13:15:00Z,2026-06-15T13:16:28Z,257.46,2026-06-15T13:10:00Z,2026-06-15T13:15:54Z,history-70167bed-c63f-5ffa-b036-2a24470c1d8c-compact.parquet
583e2546-ef8b-5190-9bf8-f00a42b88992,0xc2770df60e53edb9454d512f0180ba67dc3b93e8a4ee268275f8f365853e9be7,btc-up-or-down-5m,"Bitcoin Up or Down - June 15, 9:15AM-9:20AM ET",up_or_down,"Bitcoin Up or Down - June 15, 9:15AM-9:20AM ET",Up|Down,Up,2026-06-15T13:15:00Z,2026-06-15T13:20:00Z,2026-06-15T13:21:31Z,253.75,2026-06-15T13:15:00Z,2026-06-15T13:21:31Z,history-583e2546-ef8b-5190-9bf8-f00a42b88992-compact.parquet
e7bc371a-7215-570b-9700-b3a4c26b6082,0x5fe77cf8a69d527896adcc8098e4190dc68d447fc579b801ba4b7c2f7869ef75,btc-up-or-down-15m,"Bitcoin Up or Down - June 15, 9:15AM-9:30AM ET",up_or_down,"Bitcoin Up or Down - June 15, 9:15AM-9:30AM ET",Up|Down,Up,2026-06-15T13:15:00Z,2026-06-15T13:30:00Z,2026-06-15T13:31:35Z,3595.54,2026-06-15T13:15:00Z,2026-06-15T13:30:50Z,history-e7bc371a-7215-570b-9700-b3a4c26b6082-compact.parquet
c3265483-55a8-55da-9161-e88dd17a9fb2,0x47244c3c102a071290cf8ee8d30f165b2f9ac5ca156942a32dc4639ca5ba6293,btc-up-or-down-5m,"Bitcoin Up or Down - June 15, 9:20AM-9:25AM ET",up_or_down,"Bitcoin Up or Down - June 15, 9:20AM-9:25AM ET",Up|Down,Up,2026-06-15T13:20:00Z,2026-06-15T13:25:00Z,2026-06-15T13:26:31Z,561.95,2026-06-15T13:20:00Z,2026-06-15T13:25:36Z,history-c3265483-55a8-55da-9161-e88dd17a9fb2-compact.parquet
0f9b1bbc-206e-5aa7-9f80-93db8c006241,0xadf7f925a906197bc15e0ac07c67669855a26f30a12dc9b1beeb644c66146286,btc-up-or-down-5m,"Bitcoin Up or Down - June 15, 9:25AM-9:30AM ET",up_or_down,"Bitcoin Up or Down - June 15, 9:25AM-9:30AM ET",Up|Down,Down,2026-06-15T13:25:00Z,2026-06-15T13:30:00Z,2026-06-15T13:31:35Z,42.71,2026-06-15T13:25:43Z,2026-06-15T13:31:18Z,history-0f9b1bbc-206e-5aa7-9f80-93db8c006241-compact.parquet
6e75da95-8992-5549-94a8-6c44ee6c77a2,0x8dade207234e3083b6373e978874f5e252593287a543e1ffe1fb2b2d10e2ab92,btc-up-or-down-15m,"Bitcoin Up or Down - June 15, 9:30AM-9:45AM ET",up_or_down,"Bitcoin Up or Down - June 15, 9:30AM-9:45AM ET",Up|Down,Down,2026-06-15T13:30:00Z,2026-06-15T13:45:00Z,2026-06-15T13:46:36Z,5.00,2026-06-15T13:30:00Z,2026-06-15T13:45:46Z,history-6e75da95-8992-5549-94a8-6c44ee6c77a2-compact.parquet
aedc775c-8bc9-532d-a1cd-107888365484,0x8128f71450c3027ee3eb1aa6f6dcc1361409bdc9891882d8600ae63f0e442faa,btc-up-or-down-5m,"Bitcoin Up or Down - June 15, 9:30AM-9:35AM ET",up_or_down,"Bitcoin Up or Down - June 15, 9:30AM-9:35AM ET",Up|Down,Down,2026-06-15T13:30:00Z,2026-06-15T13:35:00Z,2026-06-15T13:36:27Z,42.37,2026-06-15T13:30:00Z,2026-06-15T13:35:56Z,history-aedc775c-8bc9-532d-a1cd-107888365484-compact.parquet
c41a43d4-f31d-52f6-b6fb-ca8bae95d25c,0xed93671b8b6c2883897acb95669493c9af213d0b338620aa9a04f4b7586eeb86,btc-up-or-down-5m,"Bitcoin Up or Down - June 15, 9:35AM-9:40AM ET",up_or_down,"Bitcoin Up or Down - June 15, 9:35AM-9:40AM ET",Up|Down,Down,2026-06-15T13:35:00Z,2026-06-15T13:40:00Z,2026-06-15T13:41:27Z,9.80,2026-06-15T13:35:00Z,2026-06-15T13:41:22Z,history-c41a43d4-f31d-52f6-b6fb-ca8bae95d25c-compact.parquet
bd1ad8f8-1017-510c-8d4f-1f5503974a6e,0x1a4c136d5043ef78e1700ab955926effa760ac1db6feeecac074e8c5f02a5fe9,btc-up-or-down-5m,"Bitcoin Up or Down - June 15, 9:40AM-9:45AM ET",up_or_down,"Bitcoin Up or Down - June 15, 9:40AM-9:45AM ET",Up|Down,Down,2026-06-15T13:40:00Z,2026-06-15T13:45:00Z,2026-06-15T13:46:31Z,28.95,2026-06-15T13:40:00Z,2026-06-15T13:46:21Z,history-bd1ad8f8-1017-510c-8d4f-1f5503974a6e-compact.parquet
5b01389b-0aae-57ce-a6ad-464212775094,0xcc0ca8f62775bd48bd1588c49432f89b65c0dfe2d7481200f03542763418bea0,btc-up-or-down-5m,"Bitcoin Up or Down - June 15, 9:45AM-9:50AM ET",up_or_down,"Bitcoin Up or Down - June 15, 9:45AM-9:50AM ET",Up|Down,Up,2026-06-15T13:45:00Z,2026-06-15T13:50:00Z,2026-06-15T13:52:02Z,191.19,2026-06-15T13:45:00Z,2026-06-15T13:51:59Z,history-5b01389b-0aae-57ce-a6ad-464212775094-compact.parquet
689d2d8d-fd3b-515d-aa79-d57d1d825396,0xd981713ca5a050bbe519a828c8f174825200a72de7fe8a7dfcbf6b15c99b5a4a,btc-up-or-down-15m,"Bitcoin Up or Down - June 15, 9:45AM-10:00AM ET",up_or_down,"Bitcoin Up or Down - June 15, 9:45AM-10:00AM ET",Up|Down,Down,2026-06-15T13:45:00Z,2026-06-15T14:00:00Z,2026-06-15T14:01:31Z,3554.05,2026-06-15T13:45:00Z,2026-06-15T14:01:02Z,history-689d2d8d-fd3b-515d-aa79-d57d1d825396-compact.parquet
75415a08-ff63-5cf7-bcc2-c1cdc1a5ff4b,0xc4497dc0a8717f22b2da889a5369382b44b12d87ea955e6e24609078b4ea6562,btc-up-or-down-5m,"Bitcoin Up or Down - June 15, 9:50AM-9:55AM ET",up_or_down,"Bitcoin Up or Down - June 15, 9:50AM-9:55AM ET",Up|Down,Down,2026-06-15T13:50:00Z,2026-06-15T13:55:00Z,2026-06-15T13:56:31Z,14.80,2026-06-15T13:50:38Z,2026-06-15T13:56:27Z,history-75415a08-ff63-5cf7-bcc2-c1cdc1a5ff4b-compact.parquet
0e01e5b8-71fc-590d-879b-efa68fc900d5,0x283f77d44654e37fbe320fa6e97a56d552f7806bd2d5d53971cedda61e2b190e,btc-up-or-down-5m,"Bitcoin Up or Down - June 15, 9:55AM-10:00AM ET",up_or_down,"Bitcoin Up or Down - June 15, 9:55AM-10:00AM ET",Up|Down,Down,2026-06-15T13:55:00Z,2026-06-15T14:00:00Z,2026-06-15T14:01:36Z,43.22,2026-06-15T13:55:00Z,2026-06-15T14:01:16Z,history-0e01e5b8-71fc-590d-879b-efa68fc900d5-compact.parquet
208f10af-3373-5ebb-80e9-10ba4f9251f0,0x2b389380b55326e9bba24b9f4b5cc72c425a1e825e6244739c7b154dcb3544c1,btc-up-or-down-5m,"Bitcoin Up or Down - June 15, 10:00AM-10:05AM ET",up_or_down,"Bitcoin Up or Down - June 15, 10:00AM-10:05AM ET",Up|Down,Down,2026-06-15T14:00:00Z,2026-06-15T14:05:00Z,2026-06-15T14:06:27Z,73.97,2026-06-15T14:00:00Z,2026-06-15T14:06:10Z,history-208f10af-3373-5ebb-80e9-10ba4f9251f0-compact.parquet
bfa989da-0aa5-5c5b-bf80-d69e04a0a61b,0x8e65527b1fc5dfc4b2bdf4774db0ae82fd542b06fb49cecfecbc59c53d3dcd29,btc-up-or-down-15m,"Bitcoin Up or Down - June 15, 10:00AM-10:15AM ET",up_or_down,"Bitcoin Up or Down - June 15, 10:00AM-10:15AM ET",Up|Down,Down,2026-06-15T14:00:00Z,2026-06-15T14:15:00Z,2026-06-15T14:16:31Z,5.00,2026-06-15T14:00:00Z,2026-06-15T14:15:31Z,history-bfa989da-0aa5-5c5b-bf80-d69e04a0a61b-compact.parquet
d20887b1-6139-5491-9b0e-910eb8505c80,0x5916d35719b7e64ff3c2aa59bddc9461064fd8fc54d295f2a3afe4cee9539ccc,btc-up-or-down-hourly,"Bitcoin Up or Down - June 15, 10AM ET",up_or_down,"Bitcoin Up or Down - June 15, 10AM ET",Up|Down,Up,2026-06-15T14:00:00Z,2026-06-15T15:00:00Z,2026-06-15T15:10:34Z,4.31,2026-06-15T14:00:00Z,2026-06-15T15:10:34Z,history-d20887b1-6139-5491-9b0e-910eb8505c80-compact.parquet
fc47223e-4a50-57f1-b0b5-f86336b05768,0x18108f95d2ad74cd2761a3d81d481e466e4a66a48321b8a996ea931fced26052,btc-up-or-down-5m,"Bitcoin Up or Down - June 15, 10:05AM-10:10AM ET",up_or_down,"Bitcoin Up or Down - June 15, 10:05AM-10:10AM ET",Up|Down,Up,2026-06-15T14:05:00Z,2026-06-15T14:10:00Z,2026-06-15T14:11:57Z,47.84,2026-06-15T14:05:00Z,2026-06-15T14:11:53Z,history-fc47223e-4a50-57f1-b0b5-f86336b05768-compact.parquet
81a530d3-3d1f-562d-9c7b-b38c0af5ded2,0xd374d937086073dc72612f03b662f5eca638078eb840a23d613e80dd79d2ec83,btc-up-or-down-5m,"Bitcoin Up or Down - June 15, 10:10AM-10:15AM ET",up_or_down,"Bitcoin Up or Down - June 15, 10:10AM-10:15AM ET",Up|Down,Up,2026-06-15T14:10:00Z,2026-06-15T14:15:00Z,2026-06-15T14:16:35Z,96.86,2026-06-15T14:10:00Z,2026-06-15T14:15:54Z,history-81a530d3-3d1f-562d-9c7b-b38c0af5ded2-compact.parquet
7556c167-dfff-5db1-b198-0017abfa3dce,0x98b8014a13ad1be9345abc185c99eaa7efeed5b56a18f3ca32ee6fc02b599ba2,btc-up-or-down-5m,"Bitcoin Up or Down - June 15, 10:15AM-10:20AM ET",up_or_down,"Bitcoin Up or Down - June 15, 10:15AM-10:20AM ET",Up|Down,Up,2026-06-15T14:15:00Z,2026-06-15T14:20:00Z,2026-06-15T14:22:00Z,188.20,2026-06-15T14:15:29Z,2026-06-15T14:21:38Z,history-7556c167-dfff-5db1-b198-0017abfa3dce-compact.parquet
b772c4f4-ef84-59fa-9ce7-e36a8604fc61,0x632b1a850ca91b8d41c25b6cfab69f7b444735bc42f43ad1557cc9a5c87d7d9a,btc-up-or-down-15m,"Bitcoin Up or Down - June 15, 10:15AM-10:30AM ET",up_or_down,"Bitcoin Up or Down - June 15, 10:15AM-10:30AM ET",Up|Down,Up,2026-06-15T14:15:00Z,2026-06-15T14:30:00Z,2026-06-15T14:31:28Z,32.00,2026-06-15T14:15:00Z,2026-06-15T14:30:51Z,history-b772c4f4-ef84-59fa-9ce7-e36a8604fc61-compact.parquet
7e82fb7f-a460-5cf8-b25e-6c63b753c2e4,0x9888a868bd09e78c1793509ab66d2565dcbf79ec938660b5c96f90992da7fe91,btc-up-or-down-5m,"Bitcoin Up or Down - June 15, 10:20AM-10:25AM ET",up_or_down,"Bitcoin Up or Down - June 15, 10:20AM-10:25AM ET",Up|Down,Down,2026-06-15T14:20:00Z,2026-06-15T14:25:00Z,2026-06-15T14:26:38Z,200.22,2026-06-15T14:20:00Z,2026-06-15T14:26:18Z,history-7e82fb7f-a460-5cf8-b25e-6c63b753c2e4-compact.parquet
1352cdfb-ee5b-5742-af61-80cba07c8a20,0xed1a1a2388dc0db14e45c259aa56aae2b6425e4399d59eeadc5262507550ae8a,btc-up-or-down-5m,"Bitcoin Up or Down - June 15, 10:25AM-10:30AM ET",up_or_down,"Bitcoin Up or Down - June 15, 10:25AM-10:30AM ET",Up|Down,Up,2026-06-15T14:25:00Z,2026-06-15T14:30:00Z,2026-06-15T14:31:28Z,257.51,2026-06-15T14:25:00Z,2026-06-15T14:30:46Z,history-1352cdfb-ee5b-5742-af61-80cba07c8a20-compact.parquet
81cd8584-8727-5266-a258-67eff03a25cd,0x79d9c067349722144f0c1a41146cce9c270edde3f28325547e51c6fb26f97b56,btc-up-or-down-5m,"Bitcoin Up or Down - June 15, 10:30AM-10:35AM ET",up_or_down,"Bitcoin Up or Down - June 15, 10:30AM-10:35AM ET",Up|Down,Down,2026-06-15T14:30:00Z,2026-06-15T14:35:00Z,2026-06-15T14:36:36Z,609.90,2026-06-15T14:30:00Z,2026-06-15T14:36:33Z,history-81cd8584-8727-5266-a258-67eff03a25cd-compact.parquet
cb2886a3-5e60-5cae-98dc-324dabd6c463,0x2c085c70fe6809e2d1d4ce69926e11684867f74ace1de530b787298949093354,btc-up-or-down-15m,"Bitcoin Up or Down - June 15, 10:30AM-10:45AM ET",up_or_down,"Bitcoin Up or Down - June 15, 10:30AM-10:45AM ET",Up|Down,Down,2026-06-15T14:30:00Z,2026-06-15T14:45:00Z,2026-06-15T14:46:40Z,0.00,2026-06-15T14:30:00Z,2026-06-15T14:45:46Z,history-cb2886a3-5e60-5cae-98dc-324dabd6c463-compact.parquet
c43d3821-7d11-5485-b004-e28f768e8698,0x01134bbdacb032ef5880964f73c024e523754b7d75c034bdcf40a3dac726fbc0,btc-up-or-down-5m,"Bitcoin Up or Down - June 15, 10:35AM-10:40AM ET",up_or_down,"Bitcoin Up or Down - June 15, 10:35AM-10:40AM ET",Up|Down,Down,2026-06-15T14:35:00Z,2026-06-15T14:40:00Z,2026-06-15T14:41:33Z,341.87,2026-06-15T14:35:00Z,2026-06-15T14:40:42Z,history-c43d3821-7d11-5485-b004-e28f768e8698-compact.parquet
26b22e52-b774-586c-b8a3-cdfc3b5c50f0,0xa2f3dddc14d446c975dc127bf70c392a1c27d11d08876837a0b2efb5586737e5,btc-up-or-down-5m,"Bitcoin Up or Down - June 15, 10:40AM-10:45AM ET",up_or_down,"Bitcoin Up or Down - June 15, 10:40AM-10:45AM ET",Up|Down,Up,2026-06-15T14:40:00Z,2026-06-15T14:45:00Z,2026-06-15T14:46:35Z,285.49,2026-06-15T14:40:00Z,2026-06-15T14:45:44Z,history-26b22e52-b774-586c-b8a3-cdfc3b5c50f0-compact.parquet
226e4234-13c6-5b03-876e-30afffaae194,0xd1e622296a6d7d099bbbbc72bead0a4c766758e1a3771c4aa6eaee45046edafd,btc-up-or-down-15m,"Bitcoin Up or Down - June 15, 10:45AM-11:00AM ET",up_or_down,"Bitcoin Up or Down - June 15, 10:45AM-11:00AM ET",Up|Down,Up,2026-06-15T14:45:00Z,2026-06-15T15:00:00Z,2026-06-15T15:02:00Z,5.00,2026-06-15T14:45:00Z,2026-06-15T15:01:14Z,history-226e4234-13c6-5b03-876e-30afffaae194-compact.parquet
cf254535-6297-5a9c-8197-b9353c773451,0x2efdae5ac0a643d3124cfb0a978a151720de8e66ea689ae1baaaa57e4fb6dc63,btc-up-or-down-5m,"Bitcoin Up or Down - June 15, 10:45AM-10:50AM ET",up_or_down,"Bitcoin Up or Down - June 15, 10:45AM-10:50AM ET",Up|Down,Up,2026-06-15T14:45:00Z,2026-06-15T14:50:00Z,2026-06-15T14:51:31Z,306.57,2026-06-15T14:46:06Z,2026-06-15T14:51:19Z,history-cf254535-6297-5a9c-8197-b9353c773451-compact.parquet
acfb99c7-e2c9-5c43-8d8d-6c94dc69c28d,0x45e4fac59cec1804efdac1c59e37fd098ab4da35fbe993f34f14996749c26ba4,btc-up-or-down-5m,"Bitcoin Up or Down - June 15, 10:50AM-10:55AM ET",up_or_down,"Bitcoin Up or Down - June 15, 10:50AM-10:55AM ET",Up|Down,Up,2026-06-15T14:50:00Z,2026-06-15T14:55:00Z,2026-06-15T14:56:27Z,29.80,2026-06-15T14:50:00Z,2026-06-15T14:56:15Z,history-acfb99c7-e2c9-5c43-8d8d-6c94dc69c28d-compact.parquet
d5cccebc-4ffb-52ae-a958-aabf9c4a8dd1,0x0d1d60cf3ddc52890f2022873169ac58154cca3ab0913a704fd0606f75ba6b91,btc-up-or-down-5m,"Bitcoin Up or Down - June 15, 10:55AM-11:00AM ET",up_or_down,"Bitcoin Up or Down - June 15, 10:55AM-11:00AM ET",Up|Down,Down,2026-06-15T14:55:00Z,2026-06-15T15:00:00Z,2026-06-15T15:02:01Z,51.41,2026-06-15T14:55:00Z,2026-06-15T15:01:29Z,history-d5cccebc-4ffb-52ae-a958-aabf9c4a8dd1-compact.parquet
032456bf-841c-5f0e-95fc-7c386d03ae26,0x352c9162882bd9afd381d01be4ff24acde2bad6bd4879325c42438357144724e,btc-up-or-down-5m,"Bitcoin Up or Down - June 15, 11:00AM-11:05AM ET",up_or_down,"Bitcoin Up or Down - June 15, 11:00AM-11:05AM ET",Up|Down,Up,2026-06-15T15:00:00Z,2026-06-15T15:05:00Z,2026-06-15T15:06:31Z,29.80,2026-06-15T15:00:00Z,2026-06-15T15:05:50Z,history-032456bf-841c-5f0e-95fc-7c386d03ae26-compact.parquet
b50e3634-9a47-5e33-9f0c-5fabebc26290,0xbc96ac3092e77b6efa77f07ce5442f2e33b4127ee4de49ae497b903daa501877,btc-up-or-down-hourly,"Bitcoin Up or Down - June 15, 11AM ET",up_or_down,"Bitcoin Up or Down - June 15, 11AM ET",Up|Down,Up,2026-06-15T15:00:00Z,2026-06-15T16:00:00Z,2026-06-15T16:06:01Z,19.61,2026-06-15T15:00:00Z,2026-06-15T16:06:01Z,history-b50e3634-9a47-5e33-9f0c-5fabebc26290-compact.parquet
dfa4dc8e-63bd-55d5-97f0-328b83331755,0xa203f1963027c31d7409452d4e46008985b8756751f59fa686a9334c029db705,btc-up-or-down-15m,"Bitcoin Up or Down - June 15, 11:00AM-11:15AM ET",up_or_down,"Bitcoin Up or Down - June 15, 11:00AM-11:15AM ET",Up|Down,Up,2026-06-15T15:00:00Z,2026-06-15T15:15:00Z,2026-06-15T15:16:41Z,0.00,2026-06-15T15:00:00Z,2026-06-15T15:16:21Z,history-dfa4dc8e-63bd-55d5-97f0-328b83331755-compact.parquet
eb83a0a0-0803-5e3d-86fb-3b84f7aebd9d,0x94b290dea634849b62f994b03ec9177c03fd690e131f91f35a51be55eab9b668,btc-up-or-down-5m,"Bitcoin Up or Down - June 15, 11:05AM-11:10AM ET",up_or_down,"Bitcoin Up or Down - June 15, 11:05AM-11:10AM ET",Up|Down,Up,2026-06-15T15:05:00Z,2026-06-15T15:10:00Z,2026-06-15T15:11:36Z,20.00,2026-06-15T15:05:00Z,2026-06-15T15:11:03Z,history-eb83a0a0-0803-5e3d-86fb-3b84f7aebd9d-compact.parquet
d658b5a4-6f4f-5445-8cf1-f5f1ece4486b,0xf617cb3125364eca11d84086c9edeb13d5ead61c0e810dcbd274ba269dbd478e,btc-up-or-down-5m,"Bitcoin Up or Down - June 15, 11:10AM-11:15AM ET",up_or_down,"Bitcoin Up or Down - June 15, 11:10AM-11:15AM ET",Up|Down,Down,2026-06-15T15:10:00Z,2026-06-15T15:15:00Z,2026-06-15T15:16:41Z,46.99,2026-06-15T15:10:32Z,2026-06-15T15:16:03Z,history-d658b5a4-6f4f-5445-8cf1-f5f1ece4486b-compact.parquet
4a7a70aa-19a5-5ca3-9ef8-c15db8145f4d,0xa1ee75a1a4843d2b23429bd366105482cf7f6041f7b5a29ec70b6b5438fc129a,btc-up-or-down-5m,"Bitcoin Up or Down - June 15, 11:15AM-11:20AM ET",up_or_down,"Bitcoin Up or Down - June 15, 11:15AM-11:20AM ET",Up|Down,Up,2026-06-15T15:15:00Z,2026-06-15T15:20:00Z,2026-06-15T15:21:58Z,29.80,2026-06-15T15:15:00Z,2026-06-15T15:21:55Z,history-4a7a70aa-19a5-5ca3-9ef8-c15db8145f4d-compact.parquet
f2d37591-d3bd-52f4-9332-52680d9571d2,0x59f701f68b3218456caa1988810d45aad88fd4fac3fd3134130c48f5be0160fa,btc-up-or-down-15m,"Bitcoin Up or Down - June 15, 11:15AM-11:30AM ET",up_or_down,"Bitcoin Up or Down - June 15, 11:15AM-11:30AM ET",Up|Down,Up,2026-06-15T15:15:00Z,2026-06-15T15:30:00Z,2026-06-15T15:31:32Z,36.61,2026-06-15T15:15:00Z,2026-06-15T15:31:28Z,history-f2d37591-d3bd-52f4-9332-52680d9571d2-compact.parquet
d8060ab5-3eb4-5b4c-952f-f653d5b8c6d9,0x1470f97ae1a37c51a88162e8f9e10d025a263d4622be583fd64c82915bf562ff,btc-up-or-down-5m,"Bitcoin Up or Down - June 15, 11:20AM-11:25AM ET",up_or_down,"Bitcoin Up or Down - June 15, 11:20AM-11:25AM ET",Up|Down,Down,2026-06-15T15:20:00Z,2026-06-15T15:25:00Z,2026-06-15T15:26:57Z,166.80,2026-06-15T15:20:00Z,2026-06-15T15:26:51Z,history-d8060ab5-3eb4-5b4c-952f-f653d5b8c6d9-compact.parquet
3a9e6204-e464-5764-b59e-132775c92d10,0x11f2b7adf9e9012a949931ad86eef14d5c0b377d3c39673ccea9545e82b39135,btc-up-or-down-5m,"Bitcoin Up or Down - June 15, 11:25AM-11:30AM ET",up_or_down,"Bitcoin Up or Down - June 15, 11:25AM-11:30AM ET",Up|Down,Down,2026-06-15T15:25:00Z,2026-06-15T15:30:00Z,2026-06-15T15:31:32Z,236.57,2026-06-15T15:25:00Z,2026-06-15T15:31:22Z,history-3a9e6204-e464-5764-b59e-132775c92d10-compact.parquet
898f3bc4-420a-522c-9e59-70d4656ee870,0xf060a636fb15e08730dd9dda106b40a8d9bc1748b8ac96eeae1a18675e0efa71,btc-up-or-down-5m,"Bitcoin Up or Down - June 15, 11:30AM-11:35AM ET",up_or_down,"Bitcoin Up or Down - June 15, 11:30AM-11:35AM ET",Up|Down,Down,2026-06-15T15:30:00Z,2026-06-15T15:35:00Z,2026-06-15T15:36:31Z,137.00,2026-06-15T15:30:00Z,2026-06-15T15:36:18Z,history-898f3bc4-420a-522c-9e59-70d4656ee870-compact.parquet
a508a18e-5641-5682-aa6d-871f6bfbed36,0x195ec9a0ce74da13fbb390c069d55de948bfcab27bb94762a542de7065932f95,btc-up-or-down-15m,"Bitcoin Up or Down - June 15, 11:30AM-11:45AM ET",up_or_down,"Bitcoin Up or Down - June 15, 11:30AM-11:45AM ET",Up|Down,Up,2026-06-15T15:30:00Z,2026-06-15T15:45:00Z,2026-06-15T15:46:36Z,5.00,2026-06-15T15:30:00Z,2026-06-15T15:46:14Z,history-a508a18e-5641-5682-aa6d-871f6bfbed36-compact.parquet
397fd378-a930-5e60-86d7-debfc3afa2d6,0xf4fdd198043b4853768739f3d767eb1f27ed5c3eef99a383084083934ff0b957,btc-up-or-down-5m,"Bitcoin Up or Down - June 15, 11:35AM-11:40AM ET",up_or_down,"Bitcoin Up or Down - June 15, 11:35AM-11:40AM ET",Up|Down,Up,2026-06-15T15:35:00Z,2026-06-15T15:40:00Z,2026-06-15T15:42:01Z,21.96,2026-06-15T15:35:00Z,2026-06-15T15:41:47Z,history-397fd378-a930-5e60-86d7-debfc3afa2d6-compact.parquet
eda39d46-a514-5aa4-9daa-11152d990589,0xe2115df006fdf8e7dd11e352776bb50c0c1cec9eebbb0095b0dbe355407f843f,btc-up-or-down-5m,"Bitcoin Up or Down - June 15, 11:40AM-11:45AM ET",up_or_down,"Bitcoin Up or Down - June 15, 11:40AM-11:45AM ET",Up|Down,Up,2026-06-15T15:40:00Z,2026-06-15T15:45:00Z,2026-06-15T15:46:36Z,205.48,2026-06-15T15:40:52Z,2026-06-15T15:46:33Z,history-eda39d46-a514-5aa4-9daa-11152d990589-compact.parquet
401b091a-e0f9-57d6-87b8-81ef4761a978,0x8a9a49ec9d8fff168d140e7ce8b70c6ab0b0b7ee6f67a6e12a1db8c436b95ccc,btc-up-or-down-5m,"Bitcoin Up or Down - June 15, 11:45AM-11:50AM ET",up_or_down,"Bitcoin Up or Down - June 15, 11:45AM-11:50AM ET",Up|Down,Up,2026-06-15T15:45:00Z,2026-06-15T15:50:00Z,2026-06-15T15:51:40Z,99.80,2026-06-15T15:45:00Z,2026-06-15T15:51:40Z,history-401b091a-e0f9-57d6-87b8-81ef4761a978-compact.parquet
a3c28a0e-de36-53ab-90d0-8e435354b543,0x2f0b8fdb90fa7f010410978681c5195a580d1d4a11f0087d92435d40ed5ace87,btc-up-or-down-15m,"Bitcoin Up or Down - June 15, 11:45AM-12:00PM ET",up_or_down,"Bitcoin Up or Down - June 15, 11:45AM-12:00PM ET",Up|Down,Up,2026-06-15T15:45:00Z,2026-06-15T16:00:00Z,2026-06-15T16:02:11Z,20.80,2026-06-15T15:45:00Z,2026-06-15T16:01:27Z,history-a3c28a0e-de36-53ab-90d0-8e435354b543-compact.parquet
a9dac87f-6391-5023-8904-805b6d75526a,0xe96e65d6ec439922706d18b29d3fe1754a08e61842718833da11815271304711,btc-up-or-down-5m,"Bitcoin Up or Down - June 15, 11:50AM-11:55AM ET",up_or_down,"Bitcoin Up or Down - June 15, 11:50AM-11:55AM ET",Up|Down,Up,2026-06-15T15:50:00Z,2026-06-15T15:55:00Z,2026-06-15T15:56:31Z,139.75,2026-06-15T15:50:00Z,2026-06-15T15:55:54Z,history-a9dac87f-6391-5023-8904-805b6d75526a-compact.parquet
6f080d79-ab38-5ea8-86ac-1b4c72e90b64,0x8f7d0d4333897011da4966cf63a9ee0af01876ee3a4fa158696733eec33a5d05,btc-up-or-down-5m,"Bitcoin Up or Down - June 15, 11:55AM-12:00PM ET",up_or_down,"Bitcoin Up or Down - June 15, 11:55AM-12:00PM ET",Up|Down,Up,2026-06-15T15:55:00Z,2026-06-15T16:00:00Z,2026-06-15T16:02:11Z,248.10,2026-06-15T15:55:00Z,2026-06-15T16:02:03Z,history-6f080d79-ab38-5ea8-86ac-1b4c72e90b64-compact.parquet
34cdb0f8-cdda-5949-974b-54f69c01f0d1,0x0f1edfeab6363b82292e84ae41fb6632e0b50752724899a3c9d192502c84101e,btc-up-or-down-5m,"Bitcoin Up or Down - June 15, 12:00PM-12:05PM ET",up_or_down,"Bitcoin Up or Down - June 15, 12:00PM-12:05PM ET",Up|Down,Down,2026-06-15T16:00:00Z,2026-06-15T16:05:00Z,2026-06-15T16:06:35Z,36.80,2026-06-15T16:00:00Z,2026-06-15T16:06:03Z,history-34cdb0f8-cdda-5949-974b-54f69c01f0d1-compact.parquet
8d3c714c-4c6f-5764-8f37-85f62b811c45,0x61bce21f67862fd0d2ef41318845ddf9f74b3fad4ec2927450c15c09edde1f59,btc-up-or-down-hourly,"Bitcoin Up or Down - June 15, 12PM ET",up_or_down,"Bitcoin Up or Down - June 15, 12PM ET",Up|Down,Down,2026-06-15T16:00:00Z,2026-06-15T17:00:00Z,2026-06-15T17:10:33Z,0.00,2026-06-15T16:00:00Z,2026-06-15T17:10:33Z,history-8d3c714c-4c6f-5764-8f37-85f62b811c45-compact.parquet
90d16ce1-f65f-5bf7-a4dc-925df2aa2149,0x39d95d1118e6877b5c6dba1c188471bcbf13d77e35fdb3db0c498b9cf5423f41,btc-up-or-down-15m,"Bitcoin Up or Down - June 15, 12:00PM-12:15PM ET",up_or_down,"Bitcoin Up or Down - June 15, 12:00PM-12:15PM ET",Up|Down,Down,2026-06-15T16:00:00Z,2026-06-15T16:15:00Z,2026-06-15T16:16:32Z,19.80,2026-06-15T16:00:00Z,2026-06-15T16:16:04Z,history-90d16ce1-f65f-5bf7-a4dc-925df2aa2149-compact.parquet
e120cb4f-3b49-58d7-8a32-79b02050dd5f,0x1d2cf4f776fa0db145469950c38362884f0e52a18792f20f4984b20dbe1253a3,btc-up-or-down-5m,"Bitcoin Up or Down - June 15, 12:05PM-12:10PM ET",up_or_down,"Bitcoin Up or Down - June 15, 12:05PM-12:10PM ET",Up|Down,Up,2026-06-15T16:05:00Z,2026-06-15T16:10:00Z,2026-06-15T16:11:35Z,51.23,2026-06-15T16:05:58Z,2026-06-15T16:11:20Z,history-e120cb4f-3b49-58d7-8a32-79b02050dd5f-compact.parquet
c919ca72-d8ce-5c70-90e0-8fd053faf221,0x9a94ee6eba5342390221154e803e588622d839331642d6a70ba4cd5bcd3aa7d6,btc-up-or-down-5m,"Bitcoin Up or Down - June 15, 12:10PM-12:15PM ET",up_or_down,"Bitcoin Up or Down - June 15, 12:10PM-12:15PM ET",Up|Down,Up,2026-06-15T16:10:00Z,2026-06-15T16:15:00Z,2026-06-15T16:16:37Z,249.75,2026-06-15T16:10:00Z,2026-06-15T16:16:04Z,history-c919ca72-d8ce-5c70-90e0-8fd053faf221-compact.parquet
8efed052-f30a-5664-9033-3d2a59c2a3d4,0x130d68285d559c128ff3fcf9aa3e37a7ca3cd718ed1ec108a06ffb45184a3b32,btc-up-or-down-15m,"Bitcoin Up or Down - June 15, 12:15PM-12:30PM ET",up_or_down,"Bitcoin Up or Down - June 15, 12:15PM-12:30PM ET",Up|Down,Down,2026-06-15T16:15:00Z,2026-06-15T16:30:00Z,2026-06-15T16:31:36Z,41.80,2026-06-15T16:15:00Z,2026-06-15T16:30:59Z,history-8efed052-f30a-5664-9033-3d2a59c2a3d4-compact.parquet
c0f9f3f1-b0f8-5aa1-97bd-4f4a8515003b,0x18e07520ac02b664e3ecb42eb419010caf4ee901675d4612fe69e02b51ab1a7f,btc-up-or-down-5m,"Bitcoin Up or Down - June 15, 12:15PM-12:20PM ET",up_or_down,"Bitcoin Up or Down - June 15, 12:15PM-12:20PM ET",Up|Down,Down,2026-06-15T16:15:00Z,2026-06-15T16:20:00Z,2026-06-15T16:21:31Z,16.71,2026-06-15T16:15:00Z,2026-06-15T16:21:26Z,history-c0f9f3f1-b0f8-5aa1-97bd-4f4a8515003b-compact.parquet
459ac0f1-976a-5791-a883-05423d649452,0x0c20794a5416a66110063e11b5e09b04848305396a5b88a8372fa556d03223e3,btc-up-or-down-5m,"Bitcoin Up or Down - June 15, 12:20PM-12:25PM ET",up_or_down,"Bitcoin Up or Down - June 15, 12:20PM-12:25PM ET",Up|Down,Up,2026-06-15T16:20:00Z,2026-06-15T16:25:00Z,2026-06-15T16:27:01Z,38.38,2026-06-15T16:20:00Z,2026-06-15T16:26:44Z,history-459ac0f1-976a-5791-a883-05423d649452-compact.parquet
5e6d8d1b-cf27-54ca-96ec-dbd3a7d4c2a2,0x663878381f21469969a969a659f8d50022ce42582715e4b51030fadc87b53f81,btc-up-or-down-5m,"Bitcoin Up or Down - June 15, 12:25PM-12:30PM ET",up_or_down,"Bitcoin Up or Down - June 15, 12:25PM-12:30PM ET",Up|Down,Down,2026-06-15T16:25:00Z,2026-06-15T16:30:00Z,2026-06-15T16:31:31Z,38.38,2026-06-15T16:25:31Z,2026-06-15T16:31:03Z,history-5e6d8d1b-cf27-54ca-96ec-dbd3a7d4c2a2-compact.parquet
804154b8-ca51-506b-9105-d94ecc7518bf,0x0419c94bfb12f51634a08cde7ec59891f0286b9f444160929cd71b9429dc951b,btc-up-or-down-15m,"Bitcoin Up or Down - June 15, 12:30PM-12:45PM ET",up_or_down,"Bitcoin Up or Down - June 15, 12:30PM-12:45PM ET",Up|Down,Down,2026-06-15T16:30:00Z,2026-06-15T16:45:00Z,2026-06-15T16:47:02Z,16.01,2026-06-15T16:30:00Z,2026-06-15T16:46:48Z,history-804154b8-ca51-506b-9105-d94ecc7518bf-compact.parquet
820a25b0-81e7-5d7a-a23e-c32b63618e02,0xf4e613296bbb567d98d0b6e478ed406a7cb45140cf8ca8ed373775bacbdfcbbf,btc-up-or-down-5m,"Bitcoin Up or Down - June 15, 12:30PM-12:35PM ET",up_or_down,"Bitcoin Up or Down - June 15, 12:30PM-12:35PM ET",Up|Down,Up,2026-06-15T16:30:00Z,2026-06-15T16:35:00Z,2026-06-15T16:36:33Z,57.96,2026-06-15T16:30:00Z,2026-06-15T16:35:39Z,history-820a25b0-81e7-5d7a-a23e-c32b63618e02-compact.parquet
555bcaf7-8afb-5365-aae2-0ea80440eb02,0x3dea1d62147278b5ddf55899dec7878c963d5d029aac8d011eb8285b7ee89a7a,btc-up-or-down-5m,"Bitcoin Up or Down - June 15, 12:35PM-12:40PM ET",up_or_down,"Bitcoin Up or Down - June 15, 12:35PM-12:40PM ET",Up|Down,Down,2026-06-15T16:35:00Z,2026-06-15T16:40:00Z,2026-06-15T16:41:21Z,38.35,2026-06-15T16:35:00Z,2026-06-15T16:40:59Z,history-555bcaf7-8afb-5365-aae2-0ea80440eb02-compact.parquet
9ecc6159-5df9-5cf2-832b-062b0292da81,0x5649896cbc23ab750910db37503bcd9b17bc14ffa6db03b7802a3930b0149d3e,btc-up-or-down-5m,"Bitcoin Up or Down - June 15, 12:40PM-12:45PM ET",up_or_down,"Bitcoin Up or Down - June 15, 12:40PM-12:45PM ET",Up|Down,Down,2026-06-15T16:40:00Z,2026-06-15T16:45:00Z,2026-06-15T16:47:07Z,32.00,2026-06-15T16:40:00Z,2026-06-15T16:47:05Z,history-9ecc6159-5df9-5cf2-832b-062b0292da81-compact.parquet
28756d12-686c-5f10-83a8-79d887d94ad3,0x8e6c1351e861896bbfeea59973e9f6105d938938798271f383e24a415fe6e224,btc-up-or-down-5m,"Bitcoin Up or Down - June 15, 12:45PM-12:50PM ET",up_or_down,"Bitcoin Up or Down - June 15, 12:45PM-12:50PM ET",Up|Down,Down,2026-06-15T16:45:00Z,2026-06-15T16:50:00Z,2026-06-15T16:51:31Z,43.45,2026-06-15T16:45:00Z,2026-06-15T16:51:21Z,history-28756d12-686c-5f10-83a8-79d887d94ad3-compact.parquet
94de9532-9720-5d93-8a59-583c9d75081f,0xdd09028f755e645ce9731c21d22e9dd0d0a49909f53c52bbbf43934e3b8b4a11,btc-up-or-down-15m,"Bitcoin Up or Down - June 15, 12:45PM-1:00PM ET",up_or_down,"Bitcoin Up or Down - June 15, 12:45PM-1:00PM ET",Up|Down,Down,2026-06-15T16:45:00Z,2026-06-15T17:00:00Z,2026-06-15T17:03:48Z,9.80,2026-06-15T16:45:00Z,2026-06-15T17:03:33Z,history-94de9532-9720-5d93-8a59-583c9d75081f-compact.parquet
de928dab-e159-5f39-917d-f8b9c70bb55f,0x879e7c1aef05d4760ac441896c99b4e4d6dd971e2e5ebc6208678bf04d99fd23,btc-up-or-down-5m,"Bitcoin Up or Down - June 15, 12:50PM-12:55PM ET",up_or_down,"Bitcoin Up or Down - June 15, 12:50PM-12:55PM ET",Up|Down,Up,2026-06-15T16:50:00Z,2026-06-15T16:55:00Z,2026-06-15T16:56:36Z,6.18,2026-06-15T16:51:15Z,2026-06-15T16:55:36Z,history-de928dab-e159-5f39-917d-f8b9c70bb55f-compact.parquet
608af9af-c0c1-5963-9755-33f87bf5dc22,0xc8c1f40678f7b02c8bea2b0e4e379bebb493406054681a025fea5e3b75e5af60,btc-up-or-down-5m,"Bitcoin Up or Down - June 15, 12:55PM-1:00PM ET",up_or_down,"Bitcoin Up or Down - June 15, 12:55PM-1:00PM ET",Up|Down,Up,2026-06-15T16:55:00Z,2026-06-15T17:00:00Z,2026-06-15T17:03:48Z,10.66,2026-06-15T16:55:00Z,2026-06-15T17:03:46Z,history-608af9af-c0c1-5963-9755-33f87bf5dc22-compact.parquet
1476bf5f-febc-5efe-b093-2193e3dd07d2,0xfd96fe248650a8b782327871b3d1344c30c165c2722b6c60dae1393035004e10,btc-up-or-down-5m,"Bitcoin Up or Down - June 15, 1:00PM-1:05PM ET",up_or_down,"Bitcoin Up or Down - June 15, 1:00PM-1:05PM ET",Up|Down,Down,2026-06-15T17:00:00Z,2026-06-15T17:05:00Z,2026-06-15T17:06:41Z,12.71,2026-06-15T17:00:00Z,2026-06-15T17:05:40Z,history-1476bf5f-febc-5efe-b093-2193e3dd07d2-compact.parquet
25a5ba33-7b06-53f2-b0e0-7ff94a6c4b28,0x521aa9e280db5d0f1ca2d39ddc3844381a06063878a9184d36aff122b1fd482b,btc-up-or-down-15m,"Bitcoin Up or Down - June 15, 1:00PM-1:15PM ET",up_or_down,"Bitcoin Up or Down - June 15, 1:00PM-1:15PM ET",Up|Down,Down,2026-06-15T17:00:00Z,2026-06-15T17:15:00Z,2026-06-15T17:17:06Z,19.61,2026-06-15T17:00:00Z,2026-06-15T17:16:38Z,history-25a5ba33-7b06-53f2-b0e0-7ff94a6c4b28-compact.parquet
8dbfce3d-ad94-5eb6-96a3-8dd20d958185,0xaa3abcdbaee8cb8784aa37c6c6ffad47f01e51b02998c861b99d5f5301ff16ba,btc-up-or-down-hourly,"Bitcoin Up or Down - June 15, 1PM ET",up_or_down,"Bitcoin Up or Down - June 15, 1PM ET",Up|Down,Down,2026-06-15T17:00:00Z,2026-06-15T18:00:00Z,2026-06-15T18:11:47Z,0.00,2026-06-15T17:00:00Z,2026-06-15T18:11:47Z,history-8dbfce3d-ad94-5eb6-96a3-8dd20d958185-compact.parquet
a682852f-8498-5f95-b9d4-5d03aee533ef,0xc19894daffcc809e90ab5e0d2e3f6b529a567baad1cad0116206f8930b2eefb9,btc-up-or-down-5m,"Bitcoin Up or Down - June 15, 1:05PM-1:10PM ET",up_or_down,"Bitcoin Up or Down - June 15, 1:05PM-1:10PM ET",Up|Down,Down,2026-06-15T17:05:00Z,2026-06-15T17:10:00Z,2026-06-15T17:11:55Z,20.31,2026-06-15T17:05:00Z,2026-06-15T17:11:19Z,history-a682852f-8498-5f95-b9d4-5d03aee533ef-compact.parquet
8d0cf854-2528-5189-98a0-e12ceca1e304,0x71c0829dda52fa8b6a2f9f3806ec999a8fd285de0f151440acbc2f538daca9a0,btc-up-or-down-5m,"Bitcoin Up or Down - June 15, 1:10PM-1:15PM ET",up_or_down,"Bitcoin Up or Down - June 15, 1:10PM-1:15PM ET",Up|Down,Up,2026-06-15T17:10:00Z,2026-06-15T17:15:00Z,2026-06-15T17:17:01Z,65.54,2026-06-15T17:10:32Z,2026-06-15T17:17:01Z,history-8d0cf854-2528-5189-98a0-e12ceca1e304-compact.parquet
8bd5362f-f13a-5984-961f-889ffc1e8ca4,0xf0e7ac4c173ab067d851de0e3db87b5839ffe907cf41dde368ec91daf0ef3c93,btc-up-or-down-5m,"Bitcoin Up or Down - June 15, 1:15PM-1:20PM ET",up_or_down,"Bitcoin Up or Down - June 15, 1:15PM-1:20PM ET",Up|Down,Up,2026-06-15T17:15:00Z,2026-06-15T17:20:00Z,2026-06-15T17:21:37Z,20.31,2026-06-15T17:15:00Z,2026-06-15T17:21:37Z,history-8bd5362f-f13a-5984-961f-889ffc1e8ca4-compact.parquet
fe7dc149-cee9-50d4-b0ce-25bc70f7fc62,0x21ad5e49c077cced2cfb5d31c913a48f0a6b2113a3dd287acc9935654a1be7fd,btc-up-or-down-15m,"Bitcoin Up or Down - June 15, 1:15PM-1:30PM ET",up_or_down,"Bitcoin Up or Down - June 15, 1:15PM-1:30PM ET",Up|Down,Down,2026-06-15T17:15:00Z,2026-06-15T17:30:00Z,2026-06-15T17:31:35Z,41.80,2026-06-15T17:15:00Z,2026-06-15T17:31:06Z,history-fe7dc149-cee9-50d4-b0ce-25bc70f7fc62-compact.parquet
5c91aa04-ffff-5013-a4c3-c8fc7b30cdd1,0xd82690b8621f84257e9d887274d186276a9a712fc520d9d39a1690045e541354,btc-up-or-down-5m,"Bitcoin Up or Down - June 15, 1:20PM-1:25PM ET",up_or_down,"Bitcoin Up or Down - June 15, 1:20PM-1:25PM ET",Up|Down,Down,2026-06-15T17:20:00Z,2026-06-15T17:25:00Z,2026-06-15T17:27:31Z,35.16,2026-06-15T17:20:00Z,2026-06-15T17:27:18Z,history-5c91aa04-ffff-5013-a4c3-c8fc7b30cdd1-compact.parquet
c93d755a-4629-5887-84c7-0af2babf78dd,0xe1d89fd98d6d86161e03982186c0697784a3f25cf242ba0806c2518f251b4871,btc-up-or-down-5m,"Bitcoin Up or Down - June 15, 1:25PM-1:30PM ET",up_or_down,"Bitcoin Up or Down - June 15, 1:25PM-1:30PM ET",Up|Down,Down,2026-06-15T17:25:00Z,2026-06-15T17:30:00Z,2026-06-15T17:31:30Z,19.02,2026-06-15T17:25:00Z,2026-06-15T17:30:55Z,history-c93d755a-4629-5887-84c7-0af2babf78dd-compact.parquet
2269915b-8bc4-5d01-a53e-1070ed26103c,0x7fbc0443d7ebfc66e59ddb11d2415f5139f140bee298fb940b2da49ff972c9f0,btc-up-or-down-5m,"Bitcoin Up or Down - June 15, 1:30PM-1:35PM ET",up_or_down,"Bitcoin Up or Down - June 15, 1:30PM-1:35PM ET",Up|Down,Down,2026-06-15T17:30:00Z,2026-06-15T17:35:00Z,2026-06-15T17:36:41Z,30.51,2026-06-15T17:31:25Z,2026-06-15T17:36:15Z,history-2269915b-8bc4-5d01-a53e-1070ed26103c-compact.parquet
c8308e51-32c5-5237-8c3b-3d1a8d113f7d,0xb42a4d077d096bdd0ec334df2e0b0ce31efd94d4ad82920b015ba91bfe274770,btc-up-or-down-15m,"Bitcoin Up or Down - June 15, 1:30PM-1:45PM ET",up_or_down,"Bitcoin Up or Down - June 15, 1:30PM-1:45PM ET",Up|Down,Up,2026-06-15T17:30:00Z,2026-06-15T17:45:00Z,2026-06-15T17:46:37Z,14.80,2026-06-15T17:30:00Z,2026-06-15T17:46:37Z,history-c8308e51-32c5-5237-8c3b-3d1a8d113f7d-compact.parquet
21106aee-2ad9-5519-ba51-fa94bc9bec62,0x194b81fe212ee379bda40b6337e969b414018e151dcc2f1d1041b50c0918d3a3,btc-up-or-down-5m,"Bitcoin Up or Down - June 15, 1:35PM-1:40PM ET",up_or_down,"Bitcoin Up or Down - June 15, 1:35PM-1:40PM ET",Up|Down,Up,2026-06-15T17:35:00Z,2026-06-15T17:40:00Z,2026-06-15T17:41:33Z,30.82,2026-06-15T17:35:00Z,2026-06-15T17:41:08Z,history-21106aee-2ad9-5519-ba51-fa94bc9bec62-compact.parquet
64ae8d8a-bec4-584d-937c-e78a388371ad,0xd14fe0aff1cf6af5fd973f7a3a29f3a91e7a4dc77efce9e4f74d1345b58afe52,btc-up-or-down-5m,"Bitcoin Up or Down - June 15, 1:40PM-1:45PM ET",up_or_down,"Bitcoin Up or Down - June 15, 1:40PM-1:45PM ET",Up|Down,Up,2026-06-15T17:40:00Z,2026-06-15T17:45:00Z,2026-06-15T17:46:43Z,45.02,2026-06-15T17:43:05Z,2026-06-15T17:46:39Z,history-64ae8d8a-bec4-584d-937c-e78a388371ad-compact.parquet
611dd6b8-2c82-5db3-9cc7-962c8644c2e0,0xfbd1c5ee2648368634e284833eda84aa98e1099a0aae91cd33a1281568b8559a,btc-up-or-down-15m,"Bitcoin Up or Down - June 15, 1:45PM-2:00PM ET",up_or_down,"Bitcoin Up or Down - June 15, 1:45PM-2:00PM ET",Up|Down,Down,2026-06-15T17:45:00Z,2026-06-15T18:00:00Z,2026-06-15T18:01:42Z,9.80,2026-06-15T17:45:00Z,2026-06-15T18:01:41Z,history-611dd6b8-2c82-5db3-9cc7-962c8644c2e0-compact.parquet
ff443a33-170e-5167-afbb-307e5e686dbc,0xc38fcdb265da72b7bcf161626c1a6a401d8b42af3c2845747e4b976633ffd882,btc-up-or-down-5m,"Bitcoin Up or Down - June 15, 1:45PM-1:50PM ET",up_or_down,"Bitcoin Up or Down - June 15, 1:45PM-1:50PM ET",Up|Down,Up,2026-06-15T17:45:00Z,2026-06-15T17:50:00Z,2026-06-15T17:51:33Z,19.69,2026-06-15T17:47:08Z,2026-06-15T17:50:49Z,history-ff443a33-170e-5167-afbb-307e5e686dbc-compact.parquet
24e9ca2f-79dc-56da-aebf-36eb1de665c1,0x1140b87e482c10863f15cbbca12bcdc6d99b130e80d20e00bfae8a9583a44a70,btc-up-or-down-5m,"Bitcoin Up or Down - June 15, 1:50PM-1:55PM ET",up_or_down,"Bitcoin Up or Down - June 15, 1:50PM-1:55PM ET",Up|Down,Up,2026-06-15T17:50:00Z,2026-06-15T17:55:00Z,2026-06-15T17:56:22Z,7.28,2026-06-15T17:50:00Z,2026-06-15T17:55:10Z,history-24e9ca2f-79dc-56da-aebf-36eb1de665c1-compact.parquet
2558e2eb-78ba-56c2-8388-c89c2f11934b,0xeec1f39c365c2c9b2c485c40f980da2386906f69a284a09a9dbe935d2ac88fc5,btc-up-or-down-5m,"Bitcoin Up or Down - June 15, 1:55PM-2:00PM ET",up_or_down,"Bitcoin Up or Down - June 15, 1:55PM-2:00PM ET",Up|Down,Down,2026-06-15T17:55:00Z,2026-06-15T18:00:00Z,2026-06-15T18:01:32Z,23.88,2026-06-15T17:56:14Z,2026-06-15T18:01:31Z,history-2558e2eb-78ba-56c2-8388-c89c2f11934b-compact.parquet
08577dd1-bd11-5148-b40d-c59864e7e50b,0x9bbf8d674a2632794c33a49c1cffe70257fedeabea68ba467a0dfc56f028e808,btc-up-or-down-hourly,"Bitcoin Up or Down - June 15, 2PM ET",up_or_down,"Bitcoin Up or Down - June 15, 2PM ET",Up|Down,Down,2026-06-15T18:00:00Z,2026-06-15T19:00:00Z,2026-06-15T19:07:59Z,0.00,2026-06-15T18:00:00Z,2026-06-15T19:07:59Z,history-08577dd1-bd11-5148-b40d-c59864e7e50b-compact.parquet
2f541182-3f1a-50d5-8ba8-a08e3041e921,0x08607bd3483fe1ee4647576cb6ac56ee43c863ff0bb71235248ed5aef6706307,btc-up-or-down-15m,"Bitcoin Up or Down - June 15, 2:00PM-2:15PM ET",up_or_down,"Bitcoin Up or Down - June 15, 2:00PM-2:15PM ET",Up|Down,Down,2026-06-15T18:00:00Z,2026-06-15T18:15:00Z,2026-06-15T18:16:33Z,5.00,2026-06-15T18:00:00Z,2026-06-15T18:16:16Z,history-2f541182-3f1a-50d5-8ba8-a08e3041e921-compact.parquet
5a97cb40-261b-5e42-ad8f-b172848f65f1,0x262b42ac2be8d4476fcab63fa23f686682dd4f93853c2bded68c335bf56f0794,btc-up-or-down-5m,"Bitcoin Up or Down - June 15, 2:00PM-2:05PM ET",up_or_down,"Bitcoin Up or Down - June 15, 2:00PM-2:05PM ET",Up|Down,Down,2026-06-15T18:00:00Z,2026-06-15T18:05:00Z,2026-06-15T18:06:37Z,17.88,2026-06-15T18:00:00Z,2026-06-15T18:06:13Z,history-5a97cb40-261b-5e42-ad8f-b172848f65f1-compact.parquet
ca72516f-6fb4-55f2-97f6-3bcb79a206a4,0x409e201abd355a25c8163bd69aa0496cc7f08a5acc6449f74a6dfcc15465cc53,btc-up-or-down-5m,"Bitcoin Up or Down - June 15, 2:05PM-2:10PM ET",up_or_down,"Bitcoin Up or Down - June 15, 2:05PM-2:10PM ET",Up|Down,Down,2026-06-15T18:05:00Z,2026-06-15T18:10:00Z,2026-06-15T18:11:33Z,8.35,2026-06-15T18:05:00Z,2026-06-15T18:10:22Z,history-ca72516f-6fb4-55f2-97f6-3bcb79a206a4-compact.parquet
79f73c7f-a2d2-559c-a131-b81c1970d9e7,0xbb6a3edbdc6b33f34020a2b3611cba57ba4a270fdaf79ebcdef2a6cd1051ddbd,btc-up-or-down-5m,"Bitcoin Up or Down - June 15, 2:10PM-2:15PM ET",up_or_down,"Bitcoin Up or Down - June 15, 2:10PM-2:15PM ET",Up|Down,Up,2026-06-15T18:10:00Z,2026-06-15T18:15:00Z,2026-06-15T18:16:38Z,26.71,2026-06-15T18:11:43Z,2026-06-15T18:16:33Z,history-79f73c7f-a2d2-559c-a131-b81c1970d9e7-compact.parquet
be0e56fc-35f0-5ce7-b7b4-92ffea973ad7,0xb9202bd9949654f45763fb3f6a4a041692deb0180476de2452e713cd9cf64590,btc-up-or-down-5m,"Bitcoin Up or Down - June 15, 2:15PM-2:20PM ET",up_or_down,"Bitcoin Up or Down - June 15, 2:15PM-2:20PM ET",Up|Down,Up,2026-06-15T18:15:00Z,2026-06-15T18:20:00Z,2026-06-15T18:21:38Z,33.71,2026-06-15T18:15:00Z,2026-06-15T18:21:14Z,history-be0e56fc-35f0-5ce7-b7b4-92ffea973ad7-compact.parquet
c2377cd7-779e-531d-871a-90f57c8cef8c,0x45f52752b26aa3bcfc80c9d412c1e752d426a2b0e2c276bb21b5949973a92899,btc-up-or-down-15m,"Bitcoin Up or Down - June 15, 2:15PM-2:30PM ET",up_or_down,"Bitcoin Up or Down - June 15, 2:15PM-2:30PM ET",Up|Down,Up,2026-06-15T18:15:00Z,2026-06-15T18:30:00Z,2026-06-15T18:31:33Z,31.00,2026-06-15T18:15:00Z,2026-06-15T18:30:22Z,history-c2377cd7-779e-531d-871a-90f57c8cef8c-compact.parquet
a2ddbd91-44fa-5117-80d8-b5bddd2f4c9c,0x73578fa4a57de8a7df6371d08c778bf73c6be169dd40f43524a62e5b28e0e501,btc-up-or-down-5m,"Bitcoin Up or Down - June 15, 2:20PM-2:25PM ET",up_or_down,"Bitcoin Up or Down - June 15, 2:20PM-2:25PM ET",Up|Down,Up,2026-06-15T18:20:00Z,2026-06-15T18:25:00Z,2026-06-15T18:27:02Z,12.40,2026-06-15T18:20:00Z,2026-06-15T18:26:42Z,history-a2ddbd91-44fa-5117-80d8-b5bddd2f4c9c-compact.parquet
fe1a1e37-b8d1-59b9-aa71-14f2dc3e4fe6,0x928da8912ed73ad2b2ac5fe1f30c17ba3cc8773ede124b48896bfcbc883a09ef,btc-up-or-down-5m,"Bitcoin Up or Down - June 15, 2:25PM-2:30PM ET",up_or_down,"Bitcoin Up or Down - June 15, 2:25PM-2:30PM ET",Up|Down,Down,2026-06-15T18:25:00Z,2026-06-15T18:30:00Z,2026-06-15T18:31:32Z,11.96,2026-06-15T18:27:39Z,2026-06-15T18:31:05Z,history-fe1a1e37-b8d1-59b9-aa71-14f2dc3e4fe6-compact.parquet
1dfbc645-3341-51a6-9db6-679cf89385b7,0x0a336ae9808beae1db2b1ee537691975b6c2060c819dc12a9481a6cc42e79bb1,btc-up-or-down-5m,"Bitcoin Up or Down - June 15, 2:30PM-2:35PM ET",up_or_down,"Bitcoin Up or Down - June 15, 2:30PM-2:35PM ET",Up|Down,Up,2026-06-15T18:30:00Z,2026-06-15T18:35:00Z,2026-06-15T18:37:00Z,12.16,2026-06-15T18:30:00Z,2026-06-15T18:36:16Z,history-1dfbc645-3341-51a6-9db6-679cf89385b7-compact.parquet
e7b74747-f4e4-50b4-b685-2df63d9c12f6,0x524643b67a67c346b22f59e5adb25fbd0e979721134c9736700d2a232204381f,btc-up-or-down-15m,"Bitcoin Up or Down - June 15, 2:30PM-2:45PM ET",up_or_down,"Bitcoin Up or Down - June 15, 2:30PM-2:45PM ET",Up|Down,Down,2026-06-15T18:30:00Z,2026-06-15T18:45:00Z,2026-06-15T18:46:37Z,78.43,2026-06-15T18:30:00Z,2026-06-15T18:46:08Z,history-e7b74747-f4e4-50b4-b685-2df63d9c12f6-compact.parquet
3aa77c5c-dcbe-50e8-a1cd-f2ecac3f8c28,0x67045f2748998d322305a8cc79b5b673e503c426635c23af98769370f3d2ba5e,btc-up-or-down-5m,"Bitcoin Up or Down - June 15, 2:35PM-2:40PM ET",up_or_down,"Bitcoin Up or Down - June 15, 2:35PM-2:40PM ET",Up|Down,Down,2026-06-15T18:35:00Z,2026-06-15T18:40:00Z,2026-06-15T18:41:59Z,11.96,2026-06-15T18:35:11Z,2026-06-15T18:41:59Z,history-3aa77c5c-dcbe-50e8-a1cd-f2ecac3f8c28-compact.parquet
7588bceb-e84c-56e9-948f-50bd1eea4766,0x365e7c9214cbcff2a5833c4d2f7e5af172051a4c9b1dd546b8c9bb622e227147,btc-up-or-down-5m,"Bitcoin Up or Down - June 15, 2:40PM-2:45PM ET",up_or_down,"Bitcoin Up or Down - June 15, 2:40PM-2:45PM ET",Up|Down,Down,2026-06-15T18:40:00Z,2026-06-15T18:45:00Z,2026-06-15T18:46:32Z,13.08,2026-06-15T18:40:00Z,2026-06-15T18:46:29Z,history-7588bceb-e84c-56e9-948f-50bd1eea4766-compact.parquet
55cec7ed-34ca-5299-a914-fb51548a14f8,0xefe9e5d4bcb69c4ba033a5169e6abae7a64687bcec9c1f67f31049c9fa70441b,btc-up-or-down-15m,"Bitcoin Up or Down - June 15, 2:45PM-3:00PM ET",up_or_down,"Bitcoin Up or Down - June 15, 2:45PM-3:00PM ET",Up|Down,Down,2026-06-15T18:45:00Z,2026-06-15T19:00:00Z,2026-06-15T19:01:33Z,10.00,2026-06-15T18:45:00Z,2026-06-15T19:01:22Z,history-55cec7ed-34ca-5299-a914-fb51548a14f8-compact.parquet
c0cdee7c-624e-51fd-ab20-b2766fe3e2df,0xdea3453380889fd73299ee3689326552ee3af92411c45f3d8c114a4276ba5551,btc-up-or-down-5m,"Bitcoin Up or Down - June 15, 2:45PM-2:50PM ET",up_or_down,"Bitcoin Up or Down - June 15, 2:45PM-2:50PM ET",Up|Down,Up,2026-06-15T18:45:00Z,2026-06-15T18:50:00Z,2026-06-15T18:51:33Z,19.28,2026-06-15T18:45:00Z,2026-06-15T18:50:37Z,history-c0cdee7c-624e-51fd-ab20-b2766fe3e2df-compact.parquet
ee23bbf5-ccf3-58b3-88d0-226f64147104,0xe197c52c94ae095c4d1202f9db44039fc81a84e4ca10c005d7dc2ce9e43eba87,btc-up-or-down-5m,"Bitcoin Up or Down - June 15, 2:50PM-2:55PM ET",up_or_down,"Bitcoin Up or Down - June 15, 2:50PM-2:55PM ET",Up|Down,Down,2026-06-15T18:50:00Z,2026-06-15T18:55:00Z,2026-06-15T18:56:34Z,11.96,2026-06-15T18:50:02Z,2026-06-15T18:56:02Z,history-ee23bbf5-ccf3-58b3-88d0-226f64147104-compact.parquet
9af52139-f489-563e-baa6-9a349fd4cee7,0xda34f098ce483a4fbe10f2c266f47780967b9d4d42efa59cd1aa9b94ea78249b,btc-up-or-down-5m,"Bitcoin Up or Down - June 15, 2:55PM-3:00PM ET",up_or_down,"Bitcoin Up or Down - June 15, 2:55PM-3:00PM ET",Up|Down,Down,2026-06-15T18:55:00Z,2026-06-15T19:00:00Z,2026-06-15T19:01:33Z,27.28,2026-06-15T18:58:20Z,2026-06-15T19:01:21Z,history-9af52139-f489-563e-baa6-9a349fd4cee7-compact.parquet
9f3597c6-f189-54f9-a81d-21c19b9856f4,0xf3182ee2e02716a33531b4a0a61c583c679b19c42e1b72e7b9c84b0b467c3744,btc-up-or-down-5m,"Bitcoin Up or Down - June 15, 3:00PM-3:05PM ET",up_or_down,"Bitcoin Up or Down - June 15, 3:00PM-3:05PM ET",Up|Down,Up,2026-06-15T19:00:00Z,2026-06-15T19:05:00Z,2026-06-15T19:06:32Z,11.92,2026-06-15T19:01:17Z,2026-06-15T19:05:58Z,history-9f3597c6-f189-54f9-a81d-21c19b9856f4-compact.parquet
a3e755ac-115f-5664-89a6-92cd8bd95ab0,0x1070ee4c151f628773e00163ce7537c563526770de21253ced3edf4ebea001a0,btc-up-or-down-15m,"Bitcoin Up or Down - June 15, 3:00PM-3:15PM ET",up_or_down,"Bitcoin Up or Down - June 15, 3:00PM-3:15PM ET",Up|Down,Up,2026-06-15T19:00:00Z,2026-06-15T19:15:00Z,2026-06-15T19:16:36Z,54.00,2026-06-15T19:00:00Z,2026-06-15T19:16:27Z,history-a3e755ac-115f-5664-89a6-92cd8bd95ab0-compact.parquet
c73d25c1-97cb-5e59-a8b8-d6fdcb095911,0x30a85c0468db7073f6cbc087490d30386654cfeab4f5d9ec2388572e19e02cae,btc-up-or-down-hourly,"Bitcoin Up or Down - June 15, 3PM ET",up_or_down,"Bitcoin Up or Down - June 15, 3PM ET",Up|Down,Down,2026-06-15T19:00:00Z,2026-06-15T20:00:00Z,2026-06-15T20:10:55Z,19.61,2026-06-15T19:00:00Z,2026-06-15T20:10:55Z,history-c73d25c1-97cb-5e59-a8b8-d6fdcb095911-compact.parquet
b46bc427-848d-5590-828d-1752fb04fd3b,0x0d394f1a63e6460b8571b7e24451069e6ac79a71db69761ae89d91859dc200a0,btc-up-or-down-5m,"Bitcoin Up or Down - June 15, 3:05PM-3:10PM ET",up_or_down,"Bitcoin Up or Down - June 15, 3:05PM-3:10PM ET",Up|Down,Up,2026-06-15T19:05:00Z,2026-06-15T19:10:00Z,2026-06-15T19:11:31Z,71.29,2026-06-15T19:05:00Z,2026-06-15T19:11:25Z,history-b46bc427-848d-5590-828d-1752fb04fd3b-compact.parquet
f8ecb235-a827-56e7-b1c4-a212e95942e4,0x67d6dc7cd304762220d405b518e5575206dd35165d6c363f108ee0ef2489de83,btc-up-or-down-5m,"Bitcoin Up or Down - June 15, 3:10PM-3:15PM ET",up_or_down,"Bitcoin Up or Down - June 15, 3:10PM-3:15PM ET",Up|Down,Down,2026-06-15T19:10:00Z,2026-06-15T19:15:00Z,2026-06-15T19:16:32Z,21.85,2026-06-15T19:10:00Z,2026-06-15T19:16:17Z,history-f8ecb235-a827-56e7-b1c4-a212e95942e4-compact.parquet
316b640e-38a4-53d2-beb5-188211db29b1,0xc7b55ca95b6b98fede45097a0c63e62c5c03384a8fa96ae1dc1dd963e7a1ac81,btc-up-or-down-15m,"Bitcoin Up or Down - June 15, 3:15PM-3:30PM ET",up_or_down,"Bitcoin Up or Down - June 15, 3:15PM-3:30PM ET",Up|Down,Down,2026-06-15T19:15:00Z,2026-06-15T19:30:00Z,2026-06-15T19:31:38Z,10.00,2026-06-15T19:15:00Z,2026-06-15T19:30:43Z,history-316b640e-38a4-53d2-beb5-188211db29b1-compact.parquet
a31b42ac-6662-5247-be2a-c7ae1b4fe808,0xc7a5a523de634bbb2d0133db1b8afcb476a018814a7140c7fdfafadc249cb546,btc-up-or-down-5m,"Bitcoin Up or Down - June 15, 3:15PM-3:20PM ET",up_or_down,"Bitcoin Up or Down - June 15, 3:15PM-3:20PM ET",Up|Down,Down,2026-06-15T19:15:00Z,2026-06-15T19:20:00Z,2026-06-15T19:22:31Z,6.12,2026-06-15T19:15:00Z,2026-06-15T19:22:11Z,history-a31b42ac-6662-5247-be2a-c7ae1b4fe808-compact.parquet
32dcd54e-c46a-5dd6-816b-efaefde915f3,0x14067a95e45f62ff2f182dcfe322615dff3933e89c90c1b77a01796087f3f9a6,btc-up-or-down-5m,"Bitcoin Up or Down - June 15, 3:20PM-3:25PM ET",up_or_down,"Bitcoin Up or Down - June 15, 3:20PM-3:25PM ET",Up|Down,Up,2026-06-15T19:20:00Z,2026-06-15T19:25:00Z,2026-06-15T19:26:28Z,6.12,2026-06-15T19:20:52Z,2026-06-15T19:25:39Z,history-32dcd54e-c46a-5dd6-816b-efaefde915f3-compact.parquet
877e47f3-0674-5007-a20f-43888acadc9f,0x5af53f05d281a0ed9527b8865e4d6eca766a9731cfc95df00574cd5074d6dee2,btc-up-or-down-5m,"Bitcoin Up or Down - June 15, 3:25PM-3:30PM ET",up_or_down,"Bitcoin Up or Down - June 15, 3:25PM-3:30PM ET",Up|Down,Down,2026-06-15T19:25:00Z,2026-06-15T19:30:00Z,2026-06-15T19:31:38Z,6.08,2026-06-15T19:25:00Z,2026-06-15T19:30:37Z,history-877e47f3-0674-5007-a20f-43888acadc9f-compact.parquet
3b8d916d-a536-5262-a474-8da82d10dcd5,0x077cb97d4cb695ead989c78bf43fd0708077302bdb32b894e4455a74f562aeb2,btc-up-or-down-15m,"Bitcoin Up or Down - June 15, 3:30PM-3:45PM ET",up_or_down,"Bitcoin Up or Down - June 15, 3:30PM-3:45PM ET",Up|Down,Up,2026-06-15T19:30:00Z,2026-06-15T19:45:00Z,2026-06-15T19:46:22Z,10.00,2026-06-15T19:30:00Z,2026-06-15T19:45:50Z,history-3b8d916d-a536-5262-a474-8da82d10dcd5-compact.parquet
f051e1fc-26e7-5b64-9705-8cf8fc19ce14,0x85022936b68ae5b6be0d95a0dbe560fa3e1d4af38227e8ec9f7d03a1e82b2188,btc-up-or-down-5m,"Bitcoin Up or Down - June 15, 3:30PM-3:35PM ET",up_or_down,"Bitcoin Up or Down - June 15, 3:30PM-3:35PM ET",Up|Down,Up,2026-06-15T19:30:00Z,2026-06-15T19:35:00Z,2026-06-15T19:37:02Z,22.92,2026-06-15T19:30:00Z,2026-06-15T19:36:44Z,history-f051e1fc-26e7-5b64-9705-8cf8fc19ce14-compact.parquet
86be6f45-2c26-503c-9045-98c75423d3dc,0x6d842b82870fb5138cf930b93a825733f12e4d6683f8c2bafaff848e0d88efc1,btc-up-or-down-5m,"Bitcoin Up or Down - June 15, 3:35PM-3:40PM ET",up_or_down,"Bitcoin Up or Down - June 15, 3:35PM-3:40PM ET",Up|Down,Up,2026-06-15T19:35:00Z,2026-06-15T19:40:00Z,2026-06-15T19:42:31Z,23.36,2026-06-15T19:35:00Z,2026-06-15T19:41:51Z,history-86be6f45-2c26-503c-9045-98c75423d3dc-compact.parquet
ce5218df-a31a-5e0d-a3ba-7586f89625e0,0x60a9f367a360eef1156d65c67b7d1da3125f30d4202827eb2e3077f5c92f1976,btc-up-or-down-5m,"Bitcoin Up or Down - June 15, 3:40PM-3:45PM ET",up_or_down,"Bitcoin Up or Down - June 15, 3:40PM-3:45PM ET",Up|Down,Up,2026-06-15T19:40:00Z,2026-06-15T19:45:00Z,2026-06-15T19:46:22Z,14.28,2026-06-15T19:40:00Z,2026-06-15T19:46:17Z,history-ce5218df-a31a-5e0d-a3ba-7586f89625e0-compact.parquet
4b1afc70-7896-5732-b1ea-cfe20a3c239f,0xd8dfb750aeae8226a8bef623ed1391e0d9e2bbaa165c9fc9f5bd74d918daa23f,btc-up-or-down-15m,"Bitcoin Up or Down - June 15, 3:45PM-4:00PM ET",up_or_down,"Bitcoin Up or Down - June 15, 3:45PM-4:00PM ET",Up|Down,Down,2026-06-15T19:45:00Z,2026-06-15T20:00:00Z,2026-06-15T20:02:41Z,56.00,2026-06-15T19:45:00Z,2026-06-15T20:02:05Z,history-4b1afc70-7896-5732-b1ea-cfe20a3c239f-compact.parquet
cc9647e6-6931-5bd8-a479-d03861dbcd12,0xb6722f67ca424ff25564758a7369b1d0b9a472e082c68c4931f679601c5a8d8d,btc-up-or-down-5m,"Bitcoin Up or Down - June 15, 3:45PM-3:50PM ET",up_or_down,"Bitcoin Up or Down - June 15, 3:45PM-3:50PM ET",Up|Down,Down,2026-06-15T19:45:00Z,2026-06-15T19:50:00Z,2026-06-15T19:51:32Z,18.24,2026-06-15T19:45:57Z,2026-06-15T19:51:21Z,history-cc9647e6-6931-5bd8-a479-d03861dbcd12-compact.parquet
197c911c-9a36-5312-817e-5f4ed37fec21,0x23889a1bb489c1031f9bff47bdeb92bcf954980a00e562e7459afe048efa6122,btc-up-or-down-5m,"Bitcoin Up or Down - June 15, 3:50PM-3:55PM ET",up_or_down,"Bitcoin Up or Down - June 15, 3:50PM-3:55PM ET",Up|Down,Up,2026-06-15T19:50:00Z,2026-06-15T19:55:00Z,2026-06-15T19:56:31Z,19.18,2026-06-15T19:50:00Z,2026-06-15T19:56:14Z,history-197c911c-9a36-5312-817e-5f4ed37fec21-compact.parquet
151e6afe-2ba7-5c6e-9eea-8c4bd3654016,0xb327b5265b02d45ce930041b6f27fa5f435b9d2727f58702357a979f392909c7,btc-up-or-down-5m,"Bitcoin Up or Down - June 15, 3:55PM-4:00PM ET",up_or_down,"Bitcoin Up or Down - June 15, 3:55PM-4:00PM ET",Up|Down,Down,2026-06-15T19:55:00Z,2026-06-15T20:00:00Z,2026-06-15T20:02:36Z,29.72,2026-06-15T19:55:00Z,2026-06-15T20:02:18Z,history-151e6afe-2ba7-5c6e-9eea-8c4bd3654016-compact.parquet
0e705093-29a6-5a73-9582-566fd41e642e,0x736ad08c208277b2daa36c6a25a807386ab092c5044740ba16d56fc84df284ec,btc-up-or-down-15m,"Bitcoin Up or Down - June 15, 4:00PM-4:15PM ET",up_or_down,"Bitcoin Up or Down - June 15, 4:00PM-4:15PM ET",Up|Down,Down,2026-06-15T20:00:00Z,2026-06-15T20:15:00Z,2026-06-15T20:16:36Z,0.00,2026-06-15T20:00:00Z,2026-06-15T20:16:11Z,history-0e705093-29a6-5a73-9582-566fd41e642e-compact.parquet
d9c6ca2e-117a-52d2-8982-53c3cf0e352d,0x3eda81a3eba76a2df9e684de3e822e7650e06478a724935a6ddc0fe9ede1c4eb,btc-up-or-down-5m,"Bitcoin Up or Down - June 15, 4:00PM-4:05PM ET",up_or_down,"Bitcoin Up or Down - June 15, 4:00PM-4:05PM ET",Up|Down,Down,2026-06-15T20:00:00Z,2026-06-15T20:05:00Z,2026-06-15T20:06:33Z,72.46,2026-06-15T20:00:00Z,2026-06-15T20:05:42Z,history-d9c6ca2e-117a-52d2-8982-53c3cf0e352d-compact.parquet
e50e0648-4e56-5eed-b506-51c194926d6f,0x624f0632905a1ef2ae82e73764fd46f3cd78d9ccf70c5457a8c690b8fce33879,btc-up-or-down-hourly,"Bitcoin Up or Down - June 15, 4PM ET",up_or_down,"Bitcoin Up or Down - June 15, 4PM ET",Up|Down,Down,2026-06-15T20:00:00Z,2026-06-15T21:00:00Z,2026-06-15T21:05:34Z,20.00,2026-06-15T20:00:00Z,2026-06-15T21:05:34Z,history-e50e0648-4e56-5eed-b506-51c194926d6f-compact.parquet
5d1216fe-c5cd-5e49-b333-7b768478423f,0xa0dae77eecd9008e1a52b7949df458a12644aeb1922df53c6946af4c8f495063,btc-up-or-down-5m,"Bitcoin Up or Down - June 15, 4:05PM-4:10PM ET",up_or_down,"Bitcoin Up or Down - June 15, 4:05PM-4:10PM ET",Up|Down,Up,2026-06-15T20:05:00Z,2026-06-15T20:10:00Z,2026-06-15T20:11:32Z,13.76,2026-06-15T20:05:00Z,2026-06-15T20:11:13Z,history-5d1216fe-c5cd-5e49-b333-7b768478423f-compact.parquet
49115530-6fd4-56bd-9909-722a51ea9c72,0x7932491b0f41e983232ef2373a5c65a0cc78e887c070055f54fa103d30dd0d4f,btc-up-or-down-5m,"Bitcoin Up or Down - June 15, 4:10PM-4:15PM ET",up_or_down,"Bitcoin Up or Down - June 15, 4:10PM-4:15PM ET",Up|Down,Down,2026-06-15T20:10:00Z,2026-06-15T20:15:00Z,2026-06-15T20:16:41Z,253.14,2026-06-15T20:10:49Z,2026-06-15T20:16:28Z,history-49115530-6fd4-56bd-9909-722a51ea9c72-compact.parquet
5126f3c2-cd39-58eb-832f-dbf2795319fb,0x6b50c25348bae60f6b555ac28077f0cbf186dc67006bb827113b71af4778ebc7,btc-up-or-down-15m,"Bitcoin Up or Down - June 15, 4:15PM-4:30PM ET",up_or_down,"Bitcoin Up or Down - June 15, 4:15PM-4:30PM ET",Up|Down,Up,2026-06-15T20:15:00Z,2026-06-15T20:30:00Z,2026-06-15T20:32:01Z,0.00,2026-06-15T20:15:00Z,2026-06-15T20:31:37Z,history-5126f3c2-cd39-58eb-832f-dbf2795319fb-compact.parquet
62362ad2-ed42-5151-bfb7-d9193cd37a28,0x8d44fe801653322bdef490cbc38f7dc524f0cbd9334038519c62ee34766bdc26,btc-up-or-down-5m,"Bitcoin Up or Down - June 15, 4:15PM-4:20PM ET",up_or_down,"Bitcoin Up or Down - June 15, 4:15PM-4:20PM ET",Up|Down,Down,2026-06-15T20:15:00Z,2026-06-15T20:20:00Z,2026-06-15T20:22:31Z,13.76,2026-06-15T20:15:00Z,2026-06-15T20:22:29Z,history-62362ad2-ed42-5151-bfb7-d9193cd37a28-compact.parquet
e3f7d6e1-b941-5990-8d4f-acad6c8800c7,0x42683d4fbc8491df94c112c20af392f1e892569fd797d52588b4e4d022315446,btc-up-or-down-5m,"Bitcoin Up or Down - June 15, 4:20PM-4:25PM ET",up_or_down,"Bitcoin Up or Down - June 15, 4:20PM-4:25PM ET",Up|Down,Up,2026-06-15T20:20:00Z,2026-06-15T20:25:00Z,2026-06-15T20:26:42Z,13.76,2026-06-15T20:20:00Z,2026-06-15T20:26:32Z,history-e3f7d6e1-b941-5990-8d4f-acad6c8800c7-compact.parquet
f65813f3-e80d-5d2c-beff-08afe952d040,0x1f45b04d5550f225897cf22d7794e4835c8274e5da06eb4215d4e48f8ec260c5,btc-up-or-down-5m,"Bitcoin Up or Down - June 15, 4:25PM-4:30PM ET",up_or_down,"Bitcoin Up or Down - June 15, 4:25PM-4:30PM ET",Up|Down,Up,2026-06-15T20:25:00Z,2026-06-15T20:30:00Z,2026-06-15T20:32:02Z,3.96,2026-06-15T20:25:00Z,2026-06-15T20:31:12Z,history-f65813f3-e80d-5d2c-beff-08afe952d040-compact.parquet
35b20a3a-65e9-5fed-80a5-e901ab6ea2c9,0x4bc25a9f90511b2c274a69a4be79bcce55355b4bcfbc77a0a5784cc3ae9e1271,btc-up-or-down-5m,"Bitcoin Up or Down - June 15, 4:30PM-4:35PM ET",up_or_down,"Bitcoin Up or Down - June 15, 4:30PM-4:35PM ET",Up|Down,Up,2026-06-15T20:30:00Z,2026-06-15T20:35:00Z,2026-06-15T20:36:32Z,5.96,2026-06-15T20:30:00Z,2026-06-15T20:36:08Z,history-35b20a3a-65e9-5fed-80a5-e901ab6ea2c9-compact.parquet
78827904-8762-554e-967c-a349c47fdb64,0x0b113217d53d7af9a22ddb6e8813acc13b48665c24a9b10713c263148d19196a,btc-up-or-down-15m,"Bitcoin Up or Down - June 15, 4:30PM-4:45PM ET",up_or_down,"Bitcoin Up or Down - June 15, 4:30PM-4:45PM ET",Up|Down,Up,2026-06-15T20:30:00Z,2026-06-15T20:45:00Z,2026-06-15T20:46:19Z,5.00,2026-06-15T20:30:00Z,2026-06-15T20:46:14Z,history-78827904-8762-554e-967c-a349c47fdb64-compact.parquet
20508632-a6c9-51e4-a8fa-02ed6ceaaa75,0x8f856dfab909f9cf7a33a272281ce068daa4c2122cb021b36949d54a24b36110,btc-up-or-down-5m,"Bitcoin Up or Down - June 15, 4:35PM-4:40PM ET",up_or_down,"Bitcoin Up or Down - June 15, 4:35PM-4:40PM ET",Up|Down,Down,2026-06-15T20:35:00Z,2026-06-15T20:40:00Z,2026-06-15T20:41:29Z,93.20,2026-06-15T20:35:25Z,2026-06-15T20:40:47Z,history-20508632-a6c9-51e4-a8fa-02ed6ceaaa75-compact.parquet
d6359b47-51ac-5b6d-9bdf-ece3d2734e66,0x50f902cbb34fe4cc8ae207c6401b58401dd6ef6f107dc75435a7851953d93cc8,btc-up-or-down-5m,"Bitcoin Up or Down - June 15, 4:40PM-4:45PM ET",up_or_down,"Bitcoin Up or Down - June 15, 4:40PM-4:45PM ET",Up|Down,Down,2026-06-15T20:40:00Z,2026-06-15T20:45:00Z,2026-06-15T20:46:19Z,3.96,2026-06-15T20:40:00Z,2026-06-15T20:45:33Z,history-d6359b47-51ac-5b6d-9bdf-ece3d2734e66-compact.parquet
461ebad2-a937-5337-8080-6742353c5d14,0xef2e4df48dddd0636bd6a3f70877ed024b003c134edf01e9c58925ef7beab295,btc-up-or-down-5m,"Bitcoin Up or Down - June 15, 4:45PM-4:50PM ET",up_or_down,"Bitcoin Up or Down - June 15, 4:45PM-4:50PM ET",Up|Down,Down,2026-06-15T20:45:00Z,2026-06-15T20:50:00Z,2026-06-15T20:51:19Z,15.69,2026-06-15T20:45:00Z,2026-06-15T20:50:54Z,history-461ebad2-a937-5337-8080-6742353c5d14-compact.parquet
92efe0ec-19ac-5fc0-b972-2dd802544997,0x1835367ab6a2dbc7b60f73182aeb7c49f8396902a9f8556d9dd41b3a640bb833,btc-up-or-down-15m,"Bitcoin Up or Down - June 15, 4:45PM-5:00PM ET",up_or_down,"Bitcoin Up or Down - June 15, 4:45PM-5:00PM ET",Up|Down,Down,2026-06-15T20:45:00Z,2026-06-15T21:00:00Z,2026-06-15T21:02:29Z,0.00,2026-06-15T20:45:00Z,2026-06-15T21:01:36Z,history-92efe0ec-19ac-5fc0-b972-2dd802544997-compact.parquet
86468ebc-9ec8-5208-944b-e1e96d5a6f47,0xaf4a2f8a48bbaa623a3595d686b7e482a1729a3f4df7b56304e13a6a0c9c229b,btc-up-or-down-5m,"Bitcoin Up or Down - June 15, 4:50PM-4:55PM ET",up_or_down,"Bitcoin Up or Down - June 15, 4:50PM-4:55PM ET",Up|Down,Up,2026-06-15T20:50:00Z,2026-06-15T20:55:00Z,2026-06-15T20:57:30Z,0.00,2026-06-15T20:50:00Z,2026-06-15T20:57:11Z,history-86468ebc-9ec8-5208-944b-e1e96d5a6f47-compact.parquet
a4c92016-a3c8-5d3f-9552-3c4e7b099fd4,0xe88c1fb8c477e9b7cd84a843772599f932e0a3b7dac38bd3697a647e392fe171,btc-up-or-down-5m,"Bitcoin Up or Down - June 15, 4:55PM-5:00PM ET",up_or_down,"Bitcoin Up or Down - June 15, 4:55PM-5:00PM ET",Up|Down,Down,2026-06-15T20:55:00Z,2026-06-15T21:00:00Z,2026-06-15T21:02:29Z,13.80,2026-06-15T20:55:00Z,2026-06-15T21:01:45Z,history-a4c92016-a3c8-5d3f-9552-3c4e7b099fd4-compact.parquet
1be838ca-905a-553e-ab69-30ef684a0122,0x21b4df4006202862e5f864514317f4d85ff746e7efbb659569fb7d6829eaa43a,btc-up-or-down-hourly,"Bitcoin Up or Down - June 15, 5PM ET",up_or_down,"Bitcoin Up or Down - June 15, 5PM ET",Up|Down,Down,2026-06-15T21:00:00Z,2026-06-15T22:00:00Z,2026-06-15T22:05:43Z,25.00,2026-06-15T21:00:00Z,2026-06-15T22:05:43Z,history-1be838ca-905a-553e-ab69-30ef684a0122-compact.parquet
223594df-190a-52c2-aeea-368ce6e5353c,0x61a41ddc1192881cb06c808fb8267e9e54f9fee77594e6476332cfa8f90ad395,btc-up-or-down-5m,"Bitcoin Up or Down - June 15, 5:00PM-5:05PM ET",up_or_down,"Bitcoin Up or Down - June 15, 5:00PM-5:05PM ET",Up|Down,Down,2026-06-15T21:00:00Z,2026-06-15T21:05:00Z,2026-06-15T21:06:29Z,9.80,2026-06-15T21:00:00Z,2026-06-15T21:06:17Z,history-223594df-190a-52c2-aeea-368ce6e5353c-compact.parquet
c7a460e3-1919-5595-b601-c3d778eed5cf,0x5be02f1799c6b1b1b06ba30fcb7d58854fcc8eefd23e9063c01c4be53f828e0e,btc-up-or-down-15m,"Bitcoin Up or Down - June 15, 5:00PM-5:15PM ET",up_or_down,"Bitcoin Up or Down - June 15, 5:00PM-5:15PM ET",Up|Down,Down,2026-06-15T21:00:00Z,2026-06-15T21:15:00Z,2026-06-15T21:16:20Z,0.00,2026-06-15T21:00:00Z,2026-06-15T21:15:56Z,history-c7a460e3-1919-5595-b601-c3d778eed5cf-compact.parquet
ba4d0036-d460-5ce4-bb65-1cfb61d26fca,0x4ea35f95cf1cbbacfb73a1318c56f4bb5d0b1a796249fa8c9734bbd7e121f2e9,btc-up-or-down-5m,"Bitcoin Up or Down - June 15, 5:05PM-5:10PM ET",up_or_down,"Bitcoin Up or Down - June 15, 5:05PM-5:10PM ET",Up|Down,Down,2026-06-15T21:05:00Z,2026-06-15T21:10:00Z,2026-06-15T21:12:29Z,65.10,2026-06-15T21:05:28Z,2026-06-15T21:11:30Z,history-ba4d0036-d460-5ce4-bb65-1cfb61d26fca-compact.parquet
1b9e8d15-c228-54c1-9537-6487dc4911e7,0x33b26d971de7801d218f0d1da6f7915e0f476c4ab293d6ab4d6917c903f1d65f,btc-up-or-down-5m,"Bitcoin Up or Down - June 15, 5:10PM-5:15PM ET",up_or_down,"Bitcoin Up or Down - June 15, 5:10PM-5:15PM ET",Up|Down,Up,2026-06-15T21:10:00Z,2026-06-15T21:15:00Z,2026-06-15T21:16:19Z,19.80,2026-06-15T21:10:00Z,2026-06-15T21:15:28Z,history-1b9e8d15-c228-54c1-9537-6487dc4911e7-compact.parquet
b6f5f467-bd6c-58b5-914a-5578df32e2d0,0xe7d1a79c7537ee63948f7b1cf860f4b6f115383354a56b81c716bcf40c349747,btc-up-or-down-15m,"Bitcoin Up or Down - June 15, 5:15PM-5:30PM ET",up_or_down,"Bitcoin Up or Down - June 15, 5:15PM-5:30PM ET",Up|Down,Down,2026-06-15T21:15:00Z,2026-06-15T21:30:00Z,2026-06-15T21:31:32Z,23.61,2026-06-15T21:15:00Z,2026-06-15T21:31:25Z,history-b6f5f467-bd6c-58b5-914a-5578df32e2d0-compact.parquet
fc0b8e06-b17b-5130-bf59-bb2f90d33f7d,0x58152c87986f0d77b91d9ffa843c22002245f8320b142575a8528fb16b11c06e,btc-up-or-down-5m,"Bitcoin Up or Down - June 15, 5:15PM-5:20PM ET",up_or_down,"Bitcoin Up or Down - June 15, 5:15PM-5:20PM ET",Up|Down,Up,2026-06-15T21:15:00Z,2026-06-15T21:20:00Z,2026-06-15T21:21:59Z,9.80,2026-06-15T21:15:00Z,2026-06-15T21:21:12Z,history-fc0b8e06-b17b-5130-bf59-bb2f90d33f7d-compact.parquet
644e0d4a-6b28-58da-af89-79cfa3ef1d0b,0x12dd2cb29a76083799616871d0027765d98129895c145c5c72f379a4a7963174,btc-up-or-down-5m,"Bitcoin Up or Down - June 15, 5:20PM-5:25PM ET",up_or_down,"Bitcoin Up or Down - June 15, 5:20PM-5:25PM ET",Up|Down,Up,2026-06-15T21:20:00Z,2026-06-15T21:25:00Z,2026-06-15T21:26:59Z,15.76,2026-06-15T21:20:00Z,2026-06-15T21:26:10Z,history-644e0d4a-6b28-58da-af89-79cfa3ef1d0b-compact.parquet
04c31369-e9fd-5b21-8afe-72bca922fe4c,0xfcca3d136e63c50f04b2640c235f79e67e547614728e620a84d8f77209ad09c4,btc-up-or-down-5m,"Bitcoin Up or Down - June 15, 5:25PM-5:30PM ET",up_or_down,"Bitcoin Up or Down - June 15, 5:25PM-5:30PM ET",Up|Down,Down,2026-06-15T21:25:00Z,2026-06-15T21:30:00Z,2026-06-15T21:31:32Z,5.96,2026-06-15T21:25:00Z,2026-06-15T21:30:57Z,history-04c31369-e9fd-5b21-8afe-72bca922fe4c-compact.parquet
04be33a1-29a7-527a-86fe-18ecbf13aa15,0xac9fbd6602c1e12ea6e8cd22e9ddbfdd3b4c9ad2206ccd7bb96c3229330ac2d9,btc-up-or-down-5m,"Bitcoin Up or Down - June 15, 5:30PM-5:35PM ET",up_or_down,"Bitcoin Up or Down - June 15, 5:30PM-5:35PM ET",Up|Down,Up,2026-06-15T21:30:00Z,2026-06-15T21:35:00Z,2026-06-15T21:36:32Z,18.81,2026-06-15T21:30:00Z,2026-06-15T21:36:30Z,history-04be33a1-29a7-527a-86fe-18ecbf13aa15-compact.parquet
bfd29172-15ae-5b4d-8b79-98e5fd843ebc,0x29e45ed52e2e4881bc6cbc8cce8a8b643c14e7f89f7811dd4cf746d8344bfeb1,btc-up-or-down-15m,"Bitcoin Up or Down - June 15, 5:30PM-5:45PM ET",up_or_down,"Bitcoin Up or Down - June 15, 5:30PM-5:45PM ET",Up|Down,Up,2026-06-15T21:30:00Z,2026-06-15T21:45:00Z,2026-06-15T21:47:07Z,10.00,2026-06-15T21:30:00Z,2026-06-15T21:47:02Z,history-bfd29172-15ae-5b4d-8b79-98e5fd843ebc-compact.parquet
9fd286d9-eb5a-570f-a255-91f7eb315a6d,0xfe1b90f76d4ebf9220a67ce69e43935d6ee6c904f385a37b5da54594caa093ab,btc-up-or-down-5m,"Bitcoin Up or Down - June 15, 5:35PM-5:40PM ET",up_or_down,"Bitcoin Up or Down - June 15, 5:35PM-5:40PM ET",Up|Down,Down,2026-06-15T21:35:00Z,2026-06-15T21:40:00Z,2026-06-15T21:41:22Z,15.76,2026-06-15T21:35:23Z,2026-06-15T21:41:08Z,history-9fd286d9-eb5a-570f-a255-91f7eb315a6d-compact.parquet
298aed46-9f85-5a68-802d-8e8992cd746c,0xa05d33f4ecb5fb9339560834392be76ddc803499597298831fb8d0bb251c0125,btc-up-or-down-5m,"Bitcoin Up or Down - June 15, 5:40PM-5:45PM ET",up_or_down,"Bitcoin Up or Down - June 15, 5:40PM-5:45PM ET",Up|Down,Up,2026-06-15T21:40:00Z,2026-06-15T21:45:00Z,2026-06-15T21:47:03Z,19.76,2026-06-15T21:40:00Z,2026-06-15T21:46:09Z,history-298aed46-9f85-5a68-802d-8e8992cd746c-compact.parquet
915cf4dc-8e7b-52e7-973a-dfebf4ef2a89,0xa6f4af54ac0470e552832233e9b8f180d3ec9bc8d934d1bb40107468e340c60f,btc-up-or-down-5m,"Bitcoin Up or Down - June 15, 5:45PM-5:50PM ET",up_or_down,"Bitcoin Up or Down - June 15, 5:45PM-5:50PM ET",Up|Down,Down,2026-06-15T21:45:00Z,2026-06-15T21:50:00Z,2026-06-15T21:51:19Z,5.96,2026-06-15T21:45:00Z,2026-06-15T21:50:41Z,history-915cf4dc-8e7b-52e7-973a-dfebf4ef2a89-compact.parquet
b3f16794-16d4-5f7c-95c5-54c25c333c9a,0x9b505f8d311de709cb9d11053cfc0c65db63d684ef578bb929c24b2ced37e852,btc-up-or-down-15m,"Bitcoin Up or Down - June 15, 5:45PM-6:00PM ET",up_or_down,"Bitcoin Up or Down - June 15, 5:45PM-6:00PM ET",Up|Down,Down,2026-06-15T21:45:00Z,2026-06-15T22:00:00Z,2026-06-15T22:01:44Z,0.00,2026-06-15T21:45:00Z,2026-06-15T22:01:09Z,history-b3f16794-16d4-5f7c-95c5-54c25c333c9a-compact.parquet
87c87b44-a181-51de-a5b6-0fcc7e6753de,0xc655afded198ff9e9f831c2c131aad7e2f11bc2bd30bc4f7a8fb227857a0c304,btc-up-or-down-5m,"Bitcoin Up or Down - June 15, 5:50PM-5:55PM ET",up_or_down,"Bitcoin Up or Down - June 15, 5:50PM-5:55PM ET",Up|Down,Up,2026-06-15T21:50:00Z,2026-06-15T21:55:00Z,2026-06-15T21:56:19Z,15.76,2026-06-15T21:50:00Z,2026-06-15T21:56:02Z,history-87c87b44-a181-51de-a5b6-0fcc7e6753de-compact.parquet
71756c48-9da1-547e-b24f-864d95db534c,0x6d88143f02972cf4648c1ddc2716d416d1344d8cd06fa0f6f6a2b129d62b9f63,btc-up-or-down-5m,"Bitcoin Up or Down - June 15, 5:55PM-6:00PM ET",up_or_down,"Bitcoin Up or Down - June 15, 5:55PM-6:00PM ET",Up|Down,Down,2026-06-15T21:55:00Z,2026-06-15T22:00:00Z,2026-06-15T22:01:40Z,102.94,2026-06-15T21:55:00Z,2026-06-15T22:01:14Z,history-71756c48-9da1-547e-b24f-864d95db534c-compact.parquet
34a9b06e-5c51-50f5-9345-da95696bc935,0xdeb701d8487d68b619a7d726ff273c3f4e6a4c1c76c09dffe8ca6b1cb0e3c0ed,btc-up-or-down-5m,"Bitcoin Up or Down - June 15, 6:00PM-6:05PM ET",up_or_down,"Bitcoin Up or Down - June 15, 6:00PM-6:05PM ET",Up|Down,Up,2026-06-15T22:00:00Z,2026-06-15T22:05:00Z,2026-06-15T22:06:19Z,34.76,2026-06-15T22:00:00Z,2026-06-15T22:05:58Z,history-34a9b06e-5c51-50f5-9345-da95696bc935-compact.parquet
5c13cb43-3852-569a-8d22-a1a6abbe8fe1,0xa7ed4561a5081e1ed8092636f562104e67ae534ef2771de5d5b958df354efc43,btc-up-or-down-hourly,"Bitcoin Up or Down - June 15, 6PM ET",up_or_down,"Bitcoin Up or Down - June 15, 6PM ET",Up|Down,Down,2026-06-15T22:00:00Z,2026-06-15T23:00:00Z,2026-06-15T23:05:25Z,20.00,2026-06-15T22:00:00Z,2026-06-15T23:05:25Z,history-5c13cb43-3852-569a-8d22-a1a6abbe8fe1-compact.parquet
d93d7bbd-029b-5767-a96b-1cfb5ec8d704,0x3008d5afe36ece489672f84a19ebc08a0688d9798b09cc9a2833afea244c85a5,btc-up-or-down-15m,"Bitcoin Up or Down - June 15, 6:00PM-6:15PM ET",up_or_down,"Bitcoin Up or Down - June 15, 6:00PM-6:15PM ET",Up|Down,Down,2026-06-15T22:00:00Z,2026-06-15T22:15:00Z,2026-06-15T22:16:23Z,44.00,2026-06-15T22:00:00Z,2026-06-15T22:15:25Z,history-d93d7bbd-029b-5767-a96b-1cfb5ec8d704-compact.parquet
a7b67e69-148f-5b09-ab68-054768468520,0xaafa5827d5fe2d69d3b8d89012df3b237fef4d4593be6f4645d48e2f40ac6451,btc-up-or-down-5m,"Bitcoin Up or Down - June 15, 6:05PM-6:10PM ET",up_or_down,"Bitcoin Up or Down - June 15, 6:05PM-6:10PM ET",Up|Down,Down,2026-06-15T22:05:00Z,2026-06-15T22:10:00Z,2026-06-15T22:11:30Z,25.80,2026-06-15T22:05:41Z,2026-06-15T22:11:09Z,history-a7b67e69-148f-5b09-ab68-054768468520-compact.parquet
703f32a9-ac32-58aa-96ff-3702d2c588ca,0xebe06c8179c69f2861f5ede408a5fdafbb5d409a7f9ae8bce7cf25325ff7b8d1,btc-up-or-down-5m,"Bitcoin Up or Down - June 15, 6:10PM-6:15PM ET",up_or_down,"Bitcoin Up or Down - June 15, 6:10PM-6:15PM ET",Up|Down,Down,2026-06-15T22:10:00Z,2026-06-15T22:15:00Z,2026-06-15T22:16:32Z,99.08,2026-06-15T22:10:00Z,2026-06-15T22:16:08Z,history-703f32a9-ac32-58aa-96ff-3702d2c588ca-compact.parquet
680a7e13-05a6-5da8-8ec2-38bc46bd6ea1,0xb725c439621ca71f1ad275c70ea1ff8e0ce4c3f78ed83087e978cc22c9917de3,btc-up-or-down-5m,"Bitcoin Up or Down - June 15, 6:15PM-6:20PM ET",up_or_down,"Bitcoin Up or Down - June 15, 6:15PM-6:20PM ET",Up|Down,Up,2026-06-15T22:15:00Z,2026-06-15T22:20:00Z,2026-06-15T22:21:33Z,16.00,2026-06-15T22:15:00Z,2026-06-15T22:21:13Z,history-680a7e13-05a6-5da8-8ec2-38bc46bd6ea1-compact.parquet
b88e2ee9-7f27-5b9a-b481-19fedf21150b,0xa0bc36be7d0085ae4697cdd726871136633f18678a43889c769f405f6d7bbd17,btc-up-or-down-15m,"Bitcoin Up or Down - June 15, 6:15PM-6:30PM ET",up_or_down,"Bitcoin Up or Down - June 15, 6:15PM-6:30PM ET",Up|Down,Down,2026-06-15T22:15:00Z,2026-06-15T22:30:00Z,2026-06-15T22:32:29Z,30.00,2026-06-15T22:15:00Z,2026-06-15T22:31:33Z,history-b88e2ee9-7f27-5b9a-b481-19fedf21150b-compact.parquet
8421d23e-b646-5a4d-ae40-be73b7c402e1,0x30096337daa883ebfb966c329c8548683e78dbf952c6a8e0e3c714ae49681976,btc-up-or-down-5m,"Bitcoin Up or Down - June 15, 6:20PM-6:25PM ET",up_or_down,"Bitcoin Up or Down - June 15, 6:20PM-6:25PM ET",Up|Down,Down,2026-06-15T22:20:00Z,2026-06-15T22:25:00Z,2026-06-15T22:26:33Z,15.69,2026-06-15T22:20:00Z,2026-06-15T22:26:04Z,history-8421d23e-b646-5a4d-ae40-be73b7c402e1-compact.parquet
9f9087ee-2f18-56f0-b101-26a20587ca10,0xc05bebeca91e69ff116896938dbe491c116e55d626c28a7518465f5e43bc27eb,btc-up-or-down-5m,"Bitcoin Up or Down - June 15, 6:25PM-6:30PM ET",up_or_down,"Bitcoin Up or Down - June 15, 6:25PM-6:30PM ET",Up|Down,Down,2026-06-15T22:25:00Z,2026-06-15T22:30:00Z,2026-06-15T22:32:29Z,31.45,2026-06-15T22:25:00Z,2026-06-15T22:31:48Z,history-9f9087ee-2f18-56f0-b101-26a20587ca10-compact.parquet
cf60c80a-2a42-5970-8706-4f2b892a4824,0x7a37b741e988be7d84327bd34e6a1f92c9cc34917ad087fa54e40bb152bf84ab,btc-up-or-down-15m,"Bitcoin Up or Down - June 15, 6:30PM-6:45PM ET",up_or_down,"Bitcoin Up or Down - June 15, 6:30PM-6:45PM ET",Up|Down,Up,2026-06-15T22:30:00Z,2026-06-15T22:45:00Z,2026-06-15T22:47:07Z,0.00,2026-06-15T22:30:00Z,2026-06-15T22:46:31Z,history-cf60c80a-2a42-5970-8706-4f2b892a4824-compact.parquet
e59d0c3a-e8c3-5263-a9b6-fdb49b478dba,0xfc29acdaacd69406338fad8803dc16e095a59e4bab5b3b1027dae1a6e6f3315d,btc-up-or-down-5m,"Bitcoin Up or Down - June 15, 6:30PM-6:35PM ET",up_or_down,"Bitcoin Up or Down - June 15, 6:30PM-6:35PM ET",Up|Down,Up,2026-06-15T22:30:00Z,2026-06-15T22:35:00Z,2026-06-15T22:36:58Z,13.76,2026-06-15T22:30:00Z,2026-06-15T22:36:11Z,history-e59d0c3a-e8c3-5263-a9b6-fdb49b478dba-compact.parquet
f32034d8-e6a8-5020-b72b-bd3de6af26c4,0xe063e0503fcc538a8974b24625894a7469a96d67d3cd5b8080c55df6af2928ea,btc-up-or-down-5m,"Bitcoin Up or Down - June 15, 6:35PM-6:40PM ET",up_or_down,"Bitcoin Up or Down - June 15, 6:35PM-6:40PM ET",Up|Down,Up,2026-06-15T22:35:00Z,2026-06-15T22:40:00Z,2026-06-15T22:42:00Z,13.76,2026-06-15T22:35:25Z,2026-06-15T22:41:36Z,history-f32034d8-e6a8-5020-b72b-bd3de6af26c4-compact.parquet
9fb17d5f-d18f-5091-a282-58af413ec5ce,0xe80bc3a4727dafa228c5315fdc8b23c2c0e7d4af6d19d6fd4b433f5463dea968,btc-up-or-down-5m,"Bitcoin Up or Down - June 15, 6:40PM-6:45PM ET",up_or_down,"Bitcoin Up or Down - June 15, 6:40PM-6:45PM ET",Up|Down,Down,2026-06-15T22:40:00Z,2026-06-15T22:45:00Z,2026-06-15T22:47:12Z,47.80,2026-06-15T22:40:00Z,2026-06-15T22:46:29Z,history-9fb17d5f-d18f-5091-a282-58af413ec5ce-compact.parquet
26b7cde2-942e-5bda-a550-4ea5b6b7b76e,0x9f9cc84e9f349f4391a50d01adc9bddbca278115326af267cdb94dd7cb36ed9d,btc-up-or-down-15m,"Bitcoin Up or Down - June 15, 6:45PM-7:00PM ET",up_or_down,"Bitcoin Up or Down - June 15, 6:45PM-7:00PM ET",Up|Down,Down,2026-06-15T22:45:00Z,2026-06-15T23:00:00Z,2026-06-15T23:01:36Z,16.54,2026-06-15T22:45:00Z,2026-06-15T23:00:56Z,history-26b7cde2-942e-5bda-a550-4ea5b6b7b76e-compact.parquet
bfc1cbe3-0c13-5ecf-baee-5ad87074dd09,0xbedd67e1bc78cce82020500afb68ac90d73884a2ef90d8b42924e542545ab3e6,btc-up-or-down-5m,"Bitcoin Up or Down - June 15, 6:45PM-6:50PM ET",up_or_down,"Bitcoin Up or Down - June 15, 6:45PM-6:50PM ET",Up|Down,Down,2026-06-15T22:45:00Z,2026-06-15T22:50:00Z,2026-06-15T22:51:28Z,3.96,2026-06-15T22:45:00Z,2026-06-15T22:50:31Z,history-bfc1cbe3-0c13-5ecf-baee-5ad87074dd09-compact.parquet
1fa8012a-c712-50d1-9fac-946c717acca0,0xdc51737d1ad231184aaa6ae6cff2546dd04f6c5c4d80e329292b401e1d39160a,btc-up-or-down-5m,"Bitcoin Up or Down - June 15, 6:50PM-6:55PM ET",up_or_down,"Bitcoin Up or Down - June 15, 6:50PM-6:55PM ET",Up|Down,Up,2026-06-15T22:50:00Z,2026-06-15T22:55:00Z,2026-06-15T22:56:29Z,3.96,2026-06-15T22:50:00Z,2026-06-15T22:56:27Z,history-1fa8012a-c712-50d1-9fac-946c717acca0-compact.parquet
d6562b3a-0d5d-561c-8790-0370a15d0559,0xc6850e07b85fdb8456783f227a1a4fed79b00273bdbb974308fcbd0c396ebfa1,btc-up-or-down-5m,"Bitcoin Up or Down - June 15, 6:55PM-7:00PM ET",up_or_down,"Bitcoin Up or Down - June 15, 6:55PM-7:00PM ET",Up|Down,Down,2026-06-15T22:55:00Z,2026-06-15T23:00:00Z,2026-06-15T23:01:35Z,5.96,2026-06-15T22:55:00Z,2026-06-15T23:01:02Z,history-d6562b3a-0d5d-561c-8790-0370a15d0559-compact.parquet
24832317-c32b-59df-8664-0cb13679a5f6,0xea937be92440e9aba975b65ad4d1c4eb5c42e869c8a7aac753e851e6776be57e,btc-up-or-down-hourly,"Bitcoin Up or Down - June 15, 7PM ET",up_or_down,"Bitcoin Up or Down - June 15, 7PM ET",Up|Down,Up,2026-06-15T23:00:00Z,2026-06-16T00:00:00Z,2026-06-16T00:07:24Z,61.92,2026-06-15T23:00:00Z,2026-06-16T00:07:24Z,history-24832317-c32b-59df-8664-0cb13679a5f6-compact.parquet
6a1c512a-285f-5abe-81b0-51be0da57ef8,0xd769671424d25d1598ec318dde3c016c51fe85e1115a470efe483cd883b6fd1a,btc-up-or-down-15m,"Bitcoin Up or Down - June 15, 7:00PM-7:15PM ET",up_or_down,"Bitcoin Up or Down - June 15, 7:00PM-7:15PM ET",Up|Down,Up,2026-06-15T23:00:00Z,2026-06-15T23:15:00Z,2026-06-15T23:16:57Z,74.26,2026-06-15T23:00:00Z,2026-06-15T23:16:48Z,history-6a1c512a-285f-5abe-81b0-51be0da57ef8-compact.parquet
fa8dda59-4615-51f8-9268-b8f7a3557846,0x9c0791beed742561521320fb81f64c11ee923b91ac20b6959da0fb5b4aee5e77,btc-up-or-down-5m,"Bitcoin Up or Down - June 15, 7:00PM-7:05PM ET",up_or_down,"Bitcoin Up or Down - June 15, 7:00PM-7:05PM ET",Up|Down,Up,2026-06-15T23:00:00Z,2026-06-15T23:05:00Z,2026-06-15T23:06:31Z,14.84,2026-06-15T23:00:00Z,2026-06-15T23:06:15Z,history-fa8dda59-4615-51f8-9268-b8f7a3557846-compact.parquet
bc69bd70-3e71-5bea-8239-297957516669,0x11bba437bcee2458df1359572792a2df0a2ed25f876c5c14750a7433d1dad373,btc-up-or-down-5m,"Bitcoin Up or Down - June 15, 7:05PM-7:10PM ET",up_or_down,"Bitcoin Up or Down - June 15, 7:05PM-7:10PM ET",Up|Down,Up,2026-06-15T23:05:00Z,2026-06-15T23:10:00Z,2026-06-15T23:11:54Z,3.96,2026-06-15T23:05:21Z,2026-06-15T23:11:39Z,history-bc69bd70-3e71-5bea-8239-297957516669-compact.parquet
ac0e1ee2-ad07-50cd-b065-e9b04fca3b0c,0x23ef72d4b3f295f91c5a2f38f3bd5e09d3007903f885598d757df78b46561613,btc-up-or-down-5m,"Bitcoin Up or Down - June 15, 7:10PM-7:15PM ET",up_or_down,"Bitcoin Up or Down - June 15, 7:10PM-7:15PM ET",Up|Down,Up,2026-06-15T23:10:00Z,2026-06-15T23:15:00Z,2026-06-15T23:16:57Z,3.96,2026-06-15T23:10:00Z,2026-06-15T23:16:30Z,history-ac0e1ee2-ad07-50cd-b065-e9b04fca3b0c-compact.parquet
224d0b13-3b63-53eb-b331-a570b6771abd,0xebbfe1f243ef1928a2e66e12b950183070d460538ea58d955f8bead72c1bb7c5,btc-up-or-down-15m,"Bitcoin Up or Down - June 15, 7:15PM-7:30PM ET",up_or_down,"Bitcoin Up or Down - June 15, 7:15PM-7:30PM ET",Up|Down,Down,2026-06-15T23:15:00Z,2026-06-15T23:30:00Z,2026-06-15T23:31:32Z,34.00,2026-06-15T23:15:00Z,2026-06-15T23:31:21Z,history-224d0b13-3b63-53eb-b331-a570b6771abd-compact.parquet
4debef2e-575e-5518-95c7-30751307758c,0xa84c2240a3e5fa332839cf1e3ede4fe698820a1b7a9ff6ba198d53b92c64689a,btc-up-or-down-5m,"Bitcoin Up or Down - June 15, 7:15PM-7:20PM ET",up_or_down,"Bitcoin Up or Down - June 15, 7:15PM-7:20PM ET",Up|Down,Down,2026-06-15T23:15:00Z,2026-06-15T23:20:00Z,2026-06-15T23:21:59Z,3.96,2026-06-15T23:15:00Z,2026-06-15T23:21:48Z,history-4debef2e-575e-5518-95c7-30751307758c-compact.parquet
5dc7420f-3e30-59fb-867d-b733712456b4,0x0685724863469c2ce5f436489963c2393c44eb2f3fde0979a24ac3d8688a5558,btc-up-or-down-5m,"Bitcoin Up or Down - June 15, 7:20PM-7:25PM ET",up_or_down,"Bitcoin Up or Down - June 15, 7:20PM-7:25PM ET",Up|Down,Down,2026-06-15T23:20:00Z,2026-06-15T23:25:00Z,2026-06-15T23:26:20Z,3.96,2026-06-15T23:20:00Z,2026-06-15T23:25:50Z,history-5dc7420f-3e30-59fb-867d-b733712456b4-compact.parquet
44a6a9e0-2c62-5019-8250-67bfedd95c3e,0x9bce43a822d54f0bf85a1cde6b51aad7c9e8a0375f52e394f4dab472fcc7a3a1,btc-up-or-down-5m,"Bitcoin Up or Down - June 15, 7:25PM-7:30PM ET",up_or_down,"Bitcoin Up or Down - June 15, 7:25PM-7:30PM ET",Up|Down,Up,2026-06-15T23:25:00Z,2026-06-15T23:30:00Z,2026-06-15T23:31:38Z,0.00,2026-06-15T23:25:00Z,2026-06-15T23:31:32Z,history-44a6a9e0-2c62-5019-8250-67bfedd95c3e-compact.parquet
2de73553-f04c-5f95-8e4d-9ac4f298cc63,0xbb01857e34a46d00204947c2a8f55486546198bc837fc4bdd0d40e30a45d3436,btc-up-or-down-15m,"Bitcoin Up or Down - June 15, 7:30PM-7:45PM ET",up_or_down,"Bitcoin Up or Down - June 15, 7:30PM-7:45PM ET",Up|Down,Up,2026-06-15T23:30:00Z,2026-06-15T23:45:00Z,2026-06-15T23:47:03Z,5.00,2026-06-15T23:30:00Z,2026-06-15T23:46:46Z,history-2de73553-f04c-5f95-8e4d-9ac4f298cc63-compact.parquet
6da0f0b5-24eb-5159-8b9e-50afe961f0f8,0x815a67f81af03b2c046a7f3f430c945155b8da174bbbbb241ee0fb7f10b82912,btc-up-or-down-5m,"Bitcoin Up or Down - June 15, 7:30PM-7:35PM ET",up_or_down,"Bitcoin Up or Down - June 15, 7:30PM-7:35PM ET",Up|Down,Down,2026-06-15T23:30:00Z,2026-06-15T23:35:00Z,2026-06-15T23:36:28Z,5.96,2026-06-15T23:30:08Z,2026-06-15T23:36:17Z,history-6da0f0b5-24eb-5159-8b9e-50afe961f0f8-compact.parquet
5ff89589-4eb4-5e5a-a947-26c2b2d88b8b,0x3defce3307cce32443b1f69567e9b60cd6691e0f8facbd2d5d19f1399550f49c,btc-up-or-down-5m,"Bitcoin Up or Down - June 15, 7:35PM-7:40PM ET",up_or_down,"Bitcoin Up or Down - June 15, 7:35PM-7:40PM ET",Up|Down,Up,2026-06-15T23:35:00Z,2026-06-15T23:40:00Z,2026-06-15T23:41:33Z,3.96,2026-06-15T23:35:00Z,2026-06-15T23:40:46Z,history-5ff89589-4eb4-5e5a-a947-26c2b2d88b8b-compact.parquet
b7527ffd-890d-56b1-9b14-1b1dd23a47cd,0x033f9b3e8cf28937b1db9e554b4aad5ab8be51769ebf2ef7a0298c14d860a7e3,btc-up-or-down-5m,"Bitcoin Up or Down - June 15, 7:40PM-7:45PM ET",up_or_down,"Bitcoin Up or Down - June 15, 7:40PM-7:45PM ET",Up|Down,Up,2026-06-15T23:40:00Z,2026-06-15T23:45:00Z,2026-06-15T23:47:08Z,3.96,2026-06-15T23:40:00Z,2026-06-15T23:46:50Z,history-b7527ffd-890d-56b1-9b14-1b1dd23a47cd-compact.parquet
67aed651-fa12-569e-97b8-d452a9938725,0xe6bf68ee7ca3fa896f88f565ff8d9062f41d652d22e513002b39bd89cd54079f,btc-up-or-down-15m,"Bitcoin Up or Down - June 15, 7:45PM-8:00PM ET",up_or_down,"Bitcoin Up or Down - June 15, 7:45PM-8:00PM ET",Up|Down,Up,2026-06-15T23:45:00Z,2026-06-16T00:00:00Z,2026-06-16T00:01:27Z,0.00,2026-06-15T23:45:00Z,2026-06-16T00:00:56Z,history-67aed651-fa12-569e-97b8-d452a9938725-compact.parquet
b02cb6bd-6e1d-5830-a268-b5552785e9bd,0x30e36844d74e87cc95be2c786df8d64338a4f484546944e138b1083acce589a1,btc-up-or-down-5m,"Bitcoin Up or Down - June 15, 7:45PM-7:50PM ET",up_or_down,"Bitcoin Up or Down - June 15, 7:45PM-7:50PM ET",Up|Down,Up,2026-06-15T23:45:00Z,2026-06-15T23:50:00Z,2026-06-15T23:52:09Z,3.96,2026-06-15T23:45:00Z,2026-06-15T23:51:59Z,history-b02cb6bd-6e1d-5830-a268-b5552785e9bd-compact.parquet
3ed0caec-90be-57b7-afed-07b896f77508,0xef2c0e624e8e004a36b26718914cd5d53f4234dcb304be976e45d001e64ccb0b,btc-up-or-down-5m,"Bitcoin Up or Down - June 15, 7:50PM-7:55PM ET",up_or_down,"Bitcoin Up or Down - June 15, 7:50PM-7:55PM ET",Up|Down,Up,2026-06-15T23:50:00Z,2026-06-15T23:55:00Z,2026-06-15T23:56:42Z,3.96,2026-06-15T23:50:00Z,2026-06-15T23:56:30Z,history-3ed0caec-90be-57b7-afed-07b896f77508-compact.parquet
a41a34a9-6ec2-5cf7-b2e0-4ad5f9e7b17e,0x5e41bd9f1cd11594d41cd319574d8cf0988bfaa6e41e799b791792dac34f54db,btc-up-or-down-5m,"Bitcoin Up or Down - June 15, 7:55PM-8:00PM ET",up_or_down,"Bitcoin Up or Down - June 15, 7:55PM-8:00PM ET",Up|Down,Down,2026-06-15T23:55:00Z,2026-06-16T00:00:00Z,2026-06-16T00:01:23Z,5.96,2026-06-15T23:55:00Z,2026-06-16T00:01:07Z,history-a41a34a9-6ec2-5cf7-b2e0-4ad5f9e7b17e-compact.parquet
