market_id,condition_id,series,event,subtype,question,outcomes,winning_outcome,open_time,close_time,resolved_at,volume_usd,data_start,data_end,file
0001cbf5-1e18-5ee3-ad21-0b2072303f98,0xf86980b09331c8a8e11a99e493d126c1011f403851745f574c874fc40b0bddca,soccer-fifwc,France vs. England - Exact Score,rest,Exact Score: France 3 - 1 England?,Yes|No,No,2026-07-18T21:00:00Z,2026-07-19T05:00:00Z,2026-07-19T06:01:11Z,1727690.36,2026-07-18T21:00:00Z,2026-07-18T21:32:09Z,history-0001cbf5-1e18-5ee3-ad21-0b2072303f98-compact.parquet
005aa65f-58ef-5be4-9ac5-b437147f4e27,0x0c0b5eeb0ec892eb6cecc0a13f41aad74c0342c4315cecd3fccaeeabfeea4e4a,soccer-fifwc,France vs. England - Player Props,rest,Adrien Rabiot: 3+ shots,Yes|No,No,2026-07-18T21:00:00Z,2026-07-19T05:00:00Z,2026-07-19T06:11:45Z,981.94,2026-07-18T21:00:00Z,2026-07-18T21:32:39Z,history-005aa65f-58ef-5be4-9ac5-b437147f4e27-compact.parquet
0261782d-52f3-5e41-83ac-4daf0451cf06,0xe82ed275438eab6b8775bf309ff6cc6fdf27694f9842dcee1d31b327a2d21949,soccer-fifwc,France vs. England - Player Props,rest,Marcus Rashford: 1+ goals,Yes|No,No,2026-07-18T21:00:00Z,2026-07-19T05:00:00Z,2026-07-19T06:11:38Z,5636.05,2026-07-18T21:00:00Z,2026-07-18T21:32:22Z,history-0261782d-52f3-5e41-83ac-4daf0451cf06-compact.parquet
03d507c5-e5b4-51f0-b74e-5d09ba405f2c,0x3e92c840c2133ff60d73f179dfad92894753e41de198e1f3f5d791a6adb2e22e,soccer-fifwc,France vs. England - Player Props,rest,Eberechi Eze: 1+ goals + assists,Yes|No,Yes,2026-07-18T21:00:00Z,2026-07-19T05:00:00Z,2026-07-19T06:27:45Z,0.00,2026-07-18T21:00:00Z,2026-07-18T21:32:36Z,history-03d507c5-e5b4-51f0-b74e-5d09ba405f2c-compact.parquet
0409774a-1fa2-57d2-b3b3-b1b4efe75c76,0x1d3b3c0ae1c40db894ef21e48b090ad67bba42db679e4544053e79cbd1766865,soccer-fifwc,France vs. England - Player Props,rest,Noni Madueke: 2+ goals,Yes|No,No,2026-07-18T21:00:00Z,2026-07-19T05:00:00Z,2026-07-19T06:11:43Z,0.00,2026-07-18T21:00:00Z,2026-07-18T21:32:49Z,history-0409774a-1fa2-57d2-b3b3-b1b4efe75c76-compact.parquet
0467263e-c64e-5498-9959-b4a58641ddcb,0x3e76f005b1b31c54561507f5c3979c0bccc1eab229676da4d381b78897ffcf8d,soccer-fifwc,France vs. England - Player Props,rest,Anthony Gordon: 1+ goals,Yes|No,No,2026-07-18T21:00:00Z,2026-07-19T05:00:00Z,2026-07-19T06:06:26Z,2777.24,2026-07-18T21:00:00Z,2026-07-18T21:33:04Z,history-0467263e-c64e-5498-9959-b4a58641ddcb-compact.parquet
05b5a78b-47e5-5605-bc7c-fd463b6f73b6,0xebd16af8463a3ee0c6b2af289002973ade69c610df538ba0fd9a67c45a205429,soccer-fifwc,France vs. England - Player Props,rest,Kylian Mbappé: 3+ goals,Yes|No,No,2026-07-18T21:00:00Z,2026-07-19T05:00:00Z,2026-07-19T06:11:37Z,255663.32,2026-07-18T21:00:00Z,2026-07-18T21:32:21Z,history-05b5a78b-47e5-5605-bc7c-fd463b6f73b6-compact.parquet
07720d10-c9ff-51bf-92df-f4d4899d2b1b,0xacbc73aad8891543634928c34478fccc8beb3450b155a7cd062cd3b253e86bb8,soccer-fifwc,France vs. England - Exact Score,rest,Exact Score: France 0 - 1 England?,Yes|No,No,2026-07-18T21:00:00Z,2026-07-19T05:00:00Z,2026-07-19T06:01:06Z,600897.63,2026-07-18T21:00:00Z,2026-07-18T21:32:49Z,history-07720d10-c9ff-51bf-92df-f4d4899d2b1b-compact.parquet
0792e12e-5479-5384-a048-a2cc1d2d30cc,0xc2361b40bd073d4da3c89267e563393729ef5f5013398841031559e281052117,soccer-fifwc,France vs. England - Player Props,rest,Bukayo Saka: 1+ goals + assists,Yes|No,Yes,2026-07-18T21:00:00Z,2026-07-19T05:00:00Z,2026-07-19T06:27:44Z,170.00,2026-07-18T21:00:00Z,2026-07-18T21:32:46Z,history-0792e12e-5479-5384-a048-a2cc1d2d30cc-compact.parquet
09128379-ea60-58d0-b038-0aaa3140a3f8,0x6259acd491385b770c4578a460d2ec58b9fdb2b30808bc1fcab69ceea4fb97ca,soccer-fifwc,France vs. England - Player Props,rest,Anthony Gordon: 2+ shots,Yes|No,No,2026-07-18T21:00:00Z,2026-07-19T05:00:00Z,2026-07-19T06:11:46Z,3906.01,2026-07-18T21:00:00Z,2026-07-18T21:32:20Z,history-09128379-ea60-58d0-b038-0aaa3140a3f8-compact.parquet
0b3d3f04-6fae-509d-b261-f732dd8341de,0x4604206fed54b406c3f45efae4cd9d06085ff2ee8c479e94b7faa02edb17c205,soccer-fifwc,France vs. England - Player Props,rest,Eberechi Eze: 1+ assists,Yes|No,Yes,2026-07-18T21:00:00Z,2026-07-19T05:00:00Z,2026-07-19T06:22:20Z,2515.91,2026-07-18T21:00:00Z,2026-07-18T21:32:08Z,history-0b3d3f04-6fae-509d-b261-f732dd8341de-compact.parquet
0be15e19-3f32-5ba9-9cd0-08350ee5111e,0x5c82e3bec689ee879fb408adc7a3d1d57e57b07bc20040994bc101a2a178017b,soccer-fifwc,France vs. England - Player Props,rest,Jude Bellingham: 3+ goals,Yes|No,No,2026-07-18T21:00:00Z,2026-07-19T05:00:00Z,2026-07-19T06:11:37Z,4900.72,2026-07-18T21:00:00Z,2026-07-18T21:32:20Z,history-0be15e19-3f32-5ba9-9cd0-08350ee5111e-compact.parquet
0c3c45d7-bee8-5489-ac04-59309a0e8539,0x71c79fff723b8b8f0739be874202894fc23eb07a5f1d3402a08395c861cd8744,soccer-fifwc,France vs. England - Player Props,rest,Manu Koné: 1+ shots,Yes|No,No,2026-07-18T21:00:00Z,2026-07-19T05:00:00Z,2026-07-19T06:16:53Z,1221.89,2026-07-18T21:00:00Z,2026-07-18T21:32:26Z,history-0c3c45d7-bee8-5489-ac04-59309a0e8539-compact.parquet
0cacf583-1f4d-5ff3-843b-aa514194a1d1,0xc41f543ccb7a1a35a200c28096cc2e5c2351c54546087f4f6cf5c4ef3e0c1aa5,soccer-fifwc,France vs. England,rest,Will France win on 2026-07-18?,Yes|No,No,2026-07-18T21:00:00Z,2026-07-19T05:00:00Z,2026-07-19T06:22:05Z,6969082.66,2026-07-18T21:00:00Z,2026-07-18T21:32:59Z,history-0cacf583-1f4d-5ff3-843b-aa514194a1d1-compact.parquet
0caf3001-d4a9-533b-a0dd-e15c4cde8ddc,0x7d4a9785eda13f529a38dd0f224de63d986fec3e1eb61866571e5710b4390e48,soccer-fifwc,France vs. England - More Markets,rest,France vs. England: Will the Match Go to Extra Time?,Yes|No,No,2026-07-18T21:00:00Z,2026-07-19T05:00:00Z,2026-07-19T06:01:02Z,82550.56,2026-07-18T21:00:00Z,2026-07-18T21:32:23Z,history-0caf3001-d4a9-533b-a0dd-e15c4cde8ddc-compact.parquet
0f2a83b6-62b2-58e3-8622-bc886b3ab15c,0xe9e7bd23b90187e2e7e91770e682a70c3a54497b932416bfc3573fd4f1661555,soccer-fifwc,France vs. England - Player Props,rest,Michael Olise: 2+ goals,Yes|No,No,2026-07-18T21:00:00Z,2026-07-19T05:00:00Z,2026-07-19T06:11:39Z,8128.21,2026-07-18T21:00:00Z,2026-07-18T21:32:08Z,history-0f2a83b6-62b2-58e3-8622-bc886b3ab15c-compact.parquet
10ba7677-de4d-59ec-9401-d228639941d9,0xde314c6bb5c63ecd1ac1234588dd1ad99071b7e8c5d98becc34ebbde2caf7f66,soccer-fifwc,France vs. England - Player Props,rest,Bradley Barcola: 2+ shots,Yes|No,Yes,2026-07-18T21:00:00Z,2026-07-19T05:00:00Z,2026-07-19T06:27:24Z,1122.10,2026-07-18T21:00:00Z,2026-07-18T21:33:00Z,history-10ba7677-de4d-59ec-9401-d228639941d9-compact.parquet
112ecaf3-0add-5ff1-92a1-40fd702f88ba,0x23262e0d9dc5947b0c6df9fdd78a37a2d47a1c50ad212e96cf7492e5ee93f452,soccer-fifwc,France vs. England - Player Props,rest,Bukayo Saka: 2+ goals,Yes|No,Yes,2026-07-18T21:00:00Z,2026-07-19T05:00:00Z,2026-07-19T06:06:29Z,91.01,2026-07-18T21:00:00Z,2026-07-18T21:32:38Z,history-112ecaf3-0add-5ff1-92a1-40fd702f88ba-compact.parquet
15358c11-d6d0-5e09-a099-2959319d23b4,0xdb658b14e433635ac333efb8ac165f1c59b3a08dcf405885cb17bcde7c2445b1,soccer-fifwc,France vs. England - Player Props,rest,Anthony Gordon: 3+ shots on target,Yes|No,No,2026-07-18T21:00:00Z,2026-07-19T05:00:00Z,2026-07-19T06:16:48Z,0.00,2026-07-18T21:00:00Z,2026-07-18T21:32:57Z,history-15358c11-d6d0-5e09-a099-2959319d23b4-compact.parquet
1647a205-0a1f-589a-aac6-cb23db41039e,0x76caebfff217063fd3f811d821148ed4f3ee8f857d88eae399bc823368e70846,soccer-fifwc,France vs. England - Player Props,rest,Adrien Rabiot: 2+ assists,Yes|No,No,2026-07-18T21:00:00Z,2026-07-19T05:00:00Z,2026-07-19T06:22:17Z,35.10,2026-07-18T21:00:00Z,2026-07-18T21:32:55Z,history-1647a205-0a1f-589a-aac6-cb23db41039e-compact.parquet
16a39db8-4ec7-5610-a898-a209b5d68741,0xa85305b0d38ba79b09289cf9774d1c45d1d11115ac2182b41308ad0481f72e8e,soccer-fifwc,France vs. England - Player Props,rest,Ousmane Dembélé: 2+ assists,Yes|No,No,2026-07-18T21:00:00Z,2026-07-19T05:00:00Z,2026-07-19T06:27:38Z,1138.99,2026-07-18T21:00:00Z,2026-07-18T21:33:04Z,history-16a39db8-4ec7-5610-a898-a209b5d68741-compact.parquet
16bc5f4c-b60e-5d72-9bdb-821ee71f30da,0x2f346670a181300227184ca721183c50171df067e94ac6e21582f727b7bcdb8c,soccer-fifwc,France vs. England - Total Corners,total:corners:h2,France vs. England: 2nd Half O/U 5.5 Total Corners,Over|Under,Under,2026-07-18T21:00:00Z,2026-07-19T05:00:00Z,2026-07-19T06:06:25Z,652.42,2026-07-18T21:00:00Z,2026-07-18T21:32:49Z,history-16bc5f4c-b60e-5d72-9bdb-821ee71f30da-compact.parquet
188b8da3-b3e6-5fec-8c51-526d3c792bb3,0xe10c0179057fd0b23a125211031dec37780394f1abda96c91f2c4ece68948bf9,soccer-fifwc,France vs. England - Player Props,rest,Adrien Rabiot: 1+ goals + assists,Yes|No,No,2026-07-18T21:00:00Z,2026-07-19T05:00:00Z,2026-07-19T06:01:03Z,0.00,2026-07-18T21:00:00Z,2026-07-18T21:32:52Z,history-188b8da3-b3e6-5fec-8c51-526d3c792bb3-compact.parquet
1957f23c-475d-5d8d-9828-2319e603d029,0x1e2e5a20fcfa2b1fa6401d7c7322a055cf2c2e23f8379174c2214d8ba73ddf47,soccer-fifwc,France vs. England - More Markets,spread,Spread: England (-1.5),England|France,England,2026-07-18T21:00:00Z,2026-07-19T05:00:00Z,2026-07-19T06:01:14Z,161185.20,2026-07-18T21:00:00Z,2026-07-18T21:32:59Z,history-1957f23c-475d-5d8d-9828-2319e603d029-compact.parquet
19ad758b-ff81-53d3-b314-8326f093bbc8,0xfa393cffa0b7e2d62f0140562f65760a27bbcaaa871b120d827b020599fcf203,soccer-fifwc,France vs. England - Player Props,rest,Jude Bellingham: 2+ goals,Yes|No,No,2026-07-18T21:00:00Z,2026-07-19T05:00:00Z,2026-07-19T06:11:37Z,69885.42,2026-07-18T21:00:00Z,2026-07-18T21:33:04Z,history-19ad758b-ff81-53d3-b314-8326f093bbc8-compact.parquet
1a074c8e-b8a2-5f9d-83c5-cf6f6ca6a252,0xa4d9a50554b44fcb2610d831895234378f3f3203bd95657f2cb5c7667a1053a9,soccer-fifwc,France vs. England - Player Props,rest,Jude Bellingham: 1+ goals,Yes|No,Yes,2026-07-18T21:00:00Z,2026-07-19T05:00:00Z,2026-07-19T06:11:36Z,100849.61,2026-07-18T21:00:00Z,2026-07-18T21:32:11Z,history-1a074c8e-b8a2-5f9d-83c5-cf6f6ca6a252-compact.parquet
1a15d99f-4eec-563d-a31c-01b037a795a7,0xdd2542c041dac1f7215c7293b6d38d8e17b7a639b386e5f450993fb66cbbc70b,soccer-fifwc,France vs. England - Player Props,rest,Kylian Mbappé: 3+ goals + assists,Yes|No,Yes,2026-07-18T21:00:00Z,2026-07-19T05:00:00Z,2026-07-19T06:01:03Z,110.86,2026-07-18T21:00:00Z,2026-07-18T21:32:08Z,history-1a15d99f-4eec-563d-a31c-01b037a795a7-compact.parquet
1a694629-6274-5d30-882d-b01518c7ae90,0x18daa16e0c4d25c52c2920189743eb3886b3ee98b8088f40d221325ae50faa19,soccer-fifwc,France vs. England - More Markets,total:h2,France vs. England: 2nd Half O/U 2.5,Over|Under,Over,2026-07-18T21:00:00Z,2026-07-19T05:00:00Z,2026-07-19T06:22:07Z,144.22,2026-07-18T21:00:00Z,2026-07-18T21:32:55Z,history-1a694629-6274-5d30-882d-b01518c7ae90-compact.parquet
1b58747d-20ef-5063-9a56-5edd3e2fac4b,0xece83c3e51da332e2f1dcbe7c704b2eb10a6bb71c2a112e688027ffa97111170,soccer-fifwc,France vs. England - Player Props,rest,Désiré Doué: 1+ goals + assists,Yes|No,No,2026-07-18T21:00:00Z,2026-07-19T05:00:00Z,2026-07-19T06:27:45Z,0.00,2026-07-18T21:00:00Z,2026-07-18T21:32:20Z,history-1b58747d-20ef-5063-9a56-5edd3e2fac4b-compact.parquet
1b6bda43-9799-5a2a-b3b7-ede8c0205c7b,0xc0e69d75d4770ad0dd024e94e9cb366266276796efe4808d0036380407d6b50d,soccer-fifwc,France vs. England - Player Props,rest,Morgan Rogers: 1+ assists,Yes|No,No,2026-07-18T21:00:00Z,2026-07-19T05:00:00Z,2026-07-19T06:27:37Z,1267.18,2026-07-18T21:00:00Z,2026-07-18T21:32:38Z,history-1b6bda43-9799-5a2a-b3b7-ede8c0205c7b-compact.parquet
1cf66e61-91a3-5506-9832-a3d0f3f054fe,0x4fdcda9ed5b3d825b1bf14a3e559ec2abca5cc53d98a652f29e5d744063cdbc8,soccer-fifwc,France vs. England - Player Props,rest,Bradley Barcola: 2+ goals,Yes|No,No,2026-07-18T21:00:00Z,2026-07-19T05:00:00Z,2026-07-19T06:06:28Z,59.99,2026-07-18T21:00:00Z,2026-07-18T21:32:08Z,history-1cf66e61-91a3-5506-9832-a3d0f3f054fe-compact.parquet
1e97b069-3bbf-53b7-8e00-5d40d799cbdb,0x16d06cdbfd41cc88d6299695890565b800a6b45d9c9fd4e5d44087f6c55ba23b,soccer-fifwc,France vs. England - Player Props,rest,Anthony Gordon: 3+ shots,Yes|No,No,2026-07-18T21:00:00Z,2026-07-19T05:00:00Z,2026-07-19T06:16:46Z,366.90,2026-07-18T21:00:00Z,2026-07-18T21:32:08Z,history-1e97b069-3bbf-53b7-8e00-5d40d799cbdb-compact.parquet
1f23feef-b664-57ed-8ce0-5288f3273595,0x50db4911ca9f61970a90ca9e962c3c1a3c82c7930f6b246f789d8054cf64abaf,soccer-fifwc,France vs. England - Player Props,rest,Michael Olise: 2+ goals + assists,Yes|No,Yes,2026-07-18T21:00:00Z,2026-07-19T05:00:00Z,2026-07-19T06:27:48Z,0.00,2026-07-18T21:00:00Z,2026-07-18T21:32:36Z,history-1f23feef-b664-57ed-8ce0-5288f3273595-compact.parquet
207bb33d-4495-55d3-85e7-971d716568f1,0x5fc98b34be24b54df471eb60ce2ae3e73edaf39f66e52707833485d08432bd46,soccer-fifwc,France vs. England - Player Props,rest,Marcus Rashford: 1+ goals + assists,Yes|No,Yes,2026-07-18T21:00:00Z,2026-07-19T05:00:00Z,2026-07-19T06:27:47Z,0.00,2026-07-18T21:00:00Z,2026-07-18T21:32:44Z,history-207bb33d-4495-55d3-85e7-971d716568f1-compact.parquet
2183c476-e8df-53aa-9bb4-156a43bbb709,0xebcee0a13f929914611ebf7a06252a58ffcc957165cc6fa643ca90a4ffea118f,soccer-fifwc,France vs. England - Player Props,rest,Jude Bellingham: 1+ goals + assists,Yes|No,Yes,2026-07-18T21:00:00Z,2026-07-19T05:00:00Z,2026-07-19T06:16:58Z,0.00,2026-07-18T21:00:00Z,2026-07-18T21:32:08Z,history-2183c476-e8df-53aa-9bb4-156a43bbb709-compact.parquet
22d37882-f991-52ed-a805-f785b46d3683,0xa429ba34e27860c4ca80d51a6f0c1e454f4cb8236797c0fcceb0f422170a431f,soccer-fifwc,France vs. England - Player Props,rest,Harry Kane: 2+ assists,Yes|No,No,2026-07-18T21:00:00Z,2026-07-19T05:00:00Z,2026-07-19T06:27:33Z,0.00,2026-07-18T21:00:00Z,2026-07-18T21:32:56Z,history-22d37882-f991-52ed-a805-f785b46d3683-compact.parquet
22fa60a2-ac09-57cc-a181-1cbb2f4aa31b,0xc4d5b2b8045315dc9f7604a748c3893d35b50c53bc65308a136563038496f22e,soccer-fifwc,France vs. England - Player Props,rest,Bradley Barcola: 5+ shots,Yes|No,No,2026-07-18T21:00:00Z,2026-07-19T05:00:00Z,2026-07-19T06:16:57Z,0.00,2026-07-18T21:00:00Z,2026-07-18T21:32:36Z,history-22fa60a2-ac09-57cc-a181-1cbb2f4aa31b-compact.parquet
23df93c5-3a59-5cf6-bc26-e98200f5810f,0x450ba56c01e00d8a10c6371a463c4f82bae564ff468c0e609acebc702ef2aaed,soccer-fifwc,France vs. England - Total Corners,total:corners,France vs. England: France O/U 3.5 Corners,Over|Under,Under,2026-07-18T21:00:00Z,2026-07-19T05:00:00Z,2026-07-19T06:27:49Z,9388.83,2026-07-18T21:00:00Z,2026-07-18T21:32:55Z,history-23df93c5-3a59-5cf6-bc26-e98200f5810f-compact.parquet
248a37b0-75c5-54b4-bd76-025bdf516a8e,0x03f0f661d706ca13b46d7e267d269e0152b0f3bb69940b79662285634e614fe6,soccer-fifwc,France vs. England - Player Props,rest,Désiré Doué: 3+ goals,Yes|No,No,2026-07-18T21:00:00Z,2026-07-19T05:00:00Z,2026-07-19T06:11:33Z,10.00,2026-07-18T21:00:00Z,2026-07-18T21:32:08Z,history-248a37b0-75c5-54b4-bd76-025bdf516a8e-compact.parquet
24f48048-92e0-5a8c-86fe-531175148ce7,0x0ab136962d75c43ed3f6b8d5c5f713541a826a64cf7a0a89e1987d061fa72007,soccer-fifwc,France vs. England - Player Props,rest,Jude Bellingham: 2+ shots,Yes|No,Yes,2026-07-18T21:00:00Z,2026-07-19T05:00:00Z,2026-07-19T06:16:52Z,9303.06,2026-07-18T21:00:00Z,2026-07-18T21:32:56Z,history-24f48048-92e0-5a8c-86fe-531175148ce7-compact.parquet
25c72b19-62d2-59ee-851c-73844a5cdbd3,0x358bfe2cffc3a0a505399d2e9102ec3ebf99c4b07a7d13a9a148d4cbe1094644,soccer-fifwc,France vs. England - Player Props,rest,Morgan Rogers: 2+ goals,Yes|No,No,2026-07-18T21:00:00Z,2026-07-19T05:00:00Z,2026-07-19T06:11:43Z,40.00,2026-07-18T21:00:00Z,2026-07-18T21:32:16Z,history-25c72b19-62d2-59ee-851c-73844a5cdbd3-compact.parquet
25f0142b-9d45-5bd7-90c3-f61f164c44cc,0x9a7d92dc7f30cf66076f31131d8ea1f8e6588566c04907306bc8767eb418b831,soccer-fifwc,France vs. England - Player Props,rest,Rayan Cherki: 2+ goals,Yes|No,No,2026-07-18T21:00:00Z,2026-07-19T05:00:00Z,2026-07-19T06:11:44Z,1.01,2026-07-18T21:00:00Z,2026-07-18T21:32:11Z,history-25f0142b-9d45-5bd7-90c3-f61f164c44cc-compact.parquet
261a17e1-6105-567b-a775-00efdcd1189f,0x6e868e95d189ea836392051b74555937801af2c051e20e111091c326b2da6779,soccer-fifwc,France vs. England - Player Props,rest,Harry Kane: 1+ goals + assists,Yes|No,No,2026-07-18T21:00:00Z,2026-07-19T05:00:00Z,2026-07-19T06:27:45Z,31.00,2026-07-18T21:00:00Z,2026-07-18T21:32:43Z,history-261a17e1-6105-567b-a775-00efdcd1189f-compact.parquet
289c04c4-a0cd-5911-93a6-d0081e396076,0x9f2590691f9aa89cc39a46ffb58b1bf056b0e36d8b608a5315e5f580d1a779a9,soccer-fifwc,France vs. England - Player Props,rest,Elliot Anderson: 4+ shots,Yes|No,No,2026-07-18T21:00:00Z,2026-07-19T05:00:00Z,2026-07-19T06:16:51Z,5.00,2026-07-18T21:00:00Z,2026-07-18T21:32:30Z,history-289c04c4-a0cd-5911-93a6-d0081e396076-compact.parquet
2959304e-033d-5692-8ae8-284a995e436d,0x79e8a0e391f34437a34f37666f48d703b80afde5b1fafc3625786fd37d50cd30,soccer-fifwc,France vs. England - Player Props,rest,Manu Koné: 4+ shots,Yes|No,No,2026-07-18T21:00:00Z,2026-07-19T05:00:00Z,2026-07-19T06:16:54Z,5.00,2026-07-18T21:00:00Z,2026-07-18T21:32:22Z,history-2959304e-033d-5692-8ae8-284a995e436d-compact.parquet
2a986fc3-aa49-5f97-b6fa-a414ecd7cdf4,0x7cc974d7993ee1139ff732a423393a75e133c49f30badf32515cf2466b9fccab,soccer-fifwc,France vs. England - Player Props,rest,Marc Guéhi: 1+ shots on target,Yes|No,No,2026-07-18T21:00:00Z,2026-07-19T05:00:00Z,2026-07-19T06:16:48Z,41.66,2026-07-18T21:00:00Z,2026-07-18T21:32:16Z,history-2a986fc3-aa49-5f97-b6fa-a414ecd7cdf4-compact.parquet
2c3bd279-2c70-5840-aedb-49703ce07201,0xef01ec024015b3831238a4e3eb41ca0c794e73a1026f4428d26f01433f70a180,soccer-fifwc,France vs. England - Player Props,rest,Désiré Doué: 4+ shots,Yes|No,No,2026-07-18T21:00:00Z,2026-07-19T05:00:00Z,2026-07-19T06:22:10Z,596.72,2026-07-18T21:00:00Z,2026-07-18T21:32:08Z,history-2c3bd279-2c70-5840-aedb-49703ce07201-compact.parquet
2e45a3bd-58b3-53eb-aa10-3e02e5fb5076,0x7a1733de537ce13393202d84bae059a2c187452c4dfebfda3bc3ede5f06ce21f,soccer-fifwc,France vs. England - Player Props,rest,Kylian Mbappé: 2+ goals + assists,Yes|No,Yes,2026-07-18T21:00:00Z,2026-07-19T05:00:00Z,2026-07-19T06:11:32Z,15.01,2026-07-18T21:00:00Z,2026-07-18T21:32:57Z,history-2e45a3bd-58b3-53eb-aa10-3e02e5fb5076-compact.parquet
2f72eb6f-2487-593b-806e-d199d8f8a63b,0x34606b60d318a9c61f5ffce07403e383c8e2c67fcc3ffb94393d48f502ca1624,soccer-fifwc,France vs. England - Player Props,rest,Declan Rice: 2+ shots,Yes|No,No,2026-07-18T21:00:00Z,2026-07-19T05:00:00Z,2026-07-19T06:01:00Z,2670.93,2026-07-18T21:00:00Z,2026-07-18T21:32:51Z,history-2f72eb6f-2487-593b-806e-d199d8f8a63b-compact.parquet
2fdc6e7e-c4fb-544a-82a3-8fcdeb0e7611,0x4acea55659415578549dfe2e9ca55c063f33f557b06248292be9c03626825db7,soccer-fifwc,France vs. England - Total Corners,total:corners:h2,France vs. England: 2nd Half O/U 3.5 Total Corners,Over|Under,Under,2026-07-18T21:00:00Z,2026-07-19T05:00:00Z,2026-07-19T06:06:24Z,1889.12,2026-07-18T21:00:00Z,2026-07-18T21:32:51Z,history-2fdc6e7e-c4fb-544a-82a3-8fcdeb0e7611-compact.parquet
309b57dd-9f4c-59dc-9c9b-0e9f7e2e89cb,0x12e12585c2c580d72b322345609893bc416340420f128813df80db41c790e703,soccer-fifwc,France vs. England - Exact Score,rest,Exact Score: Any Other Score?,Yes|No,Yes,2026-07-18T21:00:00Z,2026-07-19T05:00:00Z,2026-07-19T06:01:13Z,401279.11,2026-07-18T21:00:00Z,2026-07-18T21:32:21Z,history-309b57dd-9f4c-59dc-9c9b-0e9f7e2e89cb-compact.parquet
31689c59-3698-5eac-9080-6790ca173785,0xfd955bd8e4bf6f9169c0852ff909560936869a1ad99daa9f1f8c9b12e8ad091e,soccer-fifwc,France vs. England - Player Props,rest,Michael Olise: 3+ goals,Yes|No,No,2026-07-18T21:00:00Z,2026-07-19T05:00:00Z,2026-07-19T06:11:43Z,809.99,2026-07-18T21:00:00Z,2026-07-18T21:32:43Z,history-31689c59-3698-5eac-9080-6790ca173785-compact.parquet
31c1c1e2-2a01-5d5a-a3ae-90971377a84b,0xe9d810b843647fe59da78612f120abac5f39b55ad3948cfe7d7e178d96e40446,soccer-fifwc,France vs. England - Player Props,rest,Ousmane Dembélé: 5+ shots,Yes|No,No,2026-07-18T21:00:00Z,2026-07-19T05:00:00Z,2026-07-19T06:22:17Z,197.45,2026-07-18T21:00:00Z,2026-07-18T21:32:08Z,history-31c1c1e2-2a01-5d5a-a3ae-90971377a84b-compact.parquet
32c66c16-798d-5869-b182-5e150bc5b640,0xd625bf68b55eb2319c02dfbcd4ad2c6cd4bb8a548f25983de64ca85a0cbecc2e,soccer-fifwc,France vs. England - Player Props,rest,Anthony Gordon: 4+ shots,Yes|No,No,2026-07-18T21:00:00Z,2026-07-19T05:00:00Z,2026-07-19T06:16:48Z,429.75,2026-07-18T21:00:00Z,2026-07-18T21:32:43Z,history-32c66c16-798d-5869-b182-5e150bc5b640-compact.parquet
33124cdd-4805-54b1-b64a-e826f939919d,0xfd565955b77aa7d5dc969e740eaf052dba31b9ceed59b5bdaeec9b5d37a16542,soccer-fifwc,France vs. England - More Markets,total,France vs. England: O/U 4.5,Over|Under,Over,2026-07-18T21:00:00Z,2026-07-19T05:00:00Z,2026-07-19T06:06:19Z,373196.15,2026-07-18T21:00:00Z,2026-07-18T21:32:50Z,history-33124cdd-4805-54b1-b64a-e826f939919d-compact.parquet
33ae6f04-d261-54cc-ad92-0ab4fb6b984d,0xec606d61543ae8114f1e77f9fed83344df71d515451b1859ca030acd028385d0,soccer-fifwc,France vs. England - Player Props,rest,Elliot Anderson: 2+ shots,Yes|No,No,2026-07-18T21:00:00Z,2026-07-19T05:00:00Z,2026-07-19T06:16:51Z,0.00,2026-07-18T21:00:00Z,2026-07-18T21:32:55Z,history-33ae6f04-d261-54cc-ad92-0ab4fb6b984d-compact.parquet
3473b88b-2a02-5557-903c-e25ee0d5c670,0xf6da240f26a27f3712d285459c0a4d237059942fbc132bb1e97625d360ead519,soccer-fifwc,France vs. England - Exact Score,rest,Exact Score: France 1 - 0 England?,Yes|No,No,2026-07-18T21:00:00Z,2026-07-19T05:00:00Z,2026-07-19T06:01:07Z,399088.63,2026-07-18T21:00:00Z,2026-07-18T21:32:55Z,history-3473b88b-2a02-5557-903c-e25ee0d5c670-compact.parquet
355ebd08-a24d-5b63-a2b2-81606864bc98,0x28af1ca1d40fc8c920ee738b0044c1806c868e10b5f185940d8776a7a56ab333,soccer-fifwc,France vs. England - Player Props,rest,Adrien Rabiot: 1+ shots,Yes|No,Yes,2026-07-18T21:00:00Z,2026-07-19T05:00:00Z,2026-07-19T06:11:45Z,1257.34,2026-07-18T21:00:00Z,2026-07-18T21:32:16Z,history-355ebd08-a24d-5b63-a2b2-81606864bc98-compact.parquet
372189e9-173a-597a-abca-63759044bb38,0x9a4597316a6631f78a3d4fa56777ebf328bb49fc48a74665bc5d6f92a8fca0d8,soccer-fifwc,France vs. England - Player Props,rest,Manu Koné: 1+ goals,Yes|No,No,2026-07-18T21:00:00Z,2026-07-19T05:00:00Z,2026-07-19T06:11:38Z,1132.66,2026-07-18T21:00:00Z,2026-07-18T21:32:08Z,history-372189e9-173a-597a-abca-63759044bb38-compact.parquet
375d470e-20a3-5488-a8a7-9a337f79b801,0x4e7de1ec41bc8451e928e0a35c9c17d4be665c9543a64f197202a09608eb441d,soccer-fifwc,France vs. England - Player Props,rest,Declan Rice: 1+ assists,Yes|No,Yes,2026-07-18T21:00:00Z,2026-07-19T05:00:00Z,2026-07-19T06:22:19Z,1989.66,2026-07-18T21:00:00Z,2026-07-18T21:32:08Z,history-375d470e-20a3-5488-a8a7-9a337f79b801-compact.parquet
398ad2c1-ba24-5c62-8683-adc319fbb53a,0x6681298ab2cf752f03a4a04bf5b5ba92948066c8001d77e226618f55a40faae8,soccer-fifwc,France vs. England - Total Corners,total:corners,France vs. England: France O/U 5.5 Corners,Over|Under,Under,2026-07-18T21:00:00Z,2026-07-19T05:00:00Z,2026-07-19T06:27:49Z,15458.31,2026-07-18T21:00:00Z,2026-07-18T21:32:21Z,history-398ad2c1-ba24-5c62-8683-adc319fbb53a-compact.parquet
3b412e9a-744e-5c7f-a5df-f0ff9232505a,0xf71621ee8824fe4f595d5d53fe32274a6a4dcbfeea0534c55873d6c9b8daea5f,soccer-fifwc,France vs. England - Player Props,rest,Harry Kane: 2+ shots,Yes|No,No,2026-07-18T21:00:00Z,2026-07-19T05:00:00Z,2026-07-19T06:22:11Z,3704.04,2026-07-18T21:00:00Z,2026-07-18T21:32:08Z,history-3b412e9a-744e-5c7f-a5df-f0ff9232505a-compact.parquet
3ba1c1ba-2109-5df1-a09b-4793f68f7552,0x1a0d232022fd42e69bc7557f6d23a030c1eeea41b9da2680a418bbdc759d179d,soccer-fifwc,France vs. England - Player Props,rest,Noni Madueke: 2+ assists,Yes|No,No,2026-07-18T21:00:00Z,2026-07-19T05:00:00Z,2026-07-19T06:27:38Z,25.00,2026-07-18T21:00:00Z,2026-07-18T21:32:56Z,history-3ba1c1ba-2109-5df1-a09b-4793f68f7552-compact.parquet
4009dffb-f0ac-56db-a6fa-3e1fea743d5f,0x8a690f1221bffdd9b3f3e48159f4abf5d66deddf1d0b51f8a52f2745c401b226,soccer-fifwc,France vs. England - Player Props,rest,Manu Koné: 1+ goals + assists,Yes|No,No,2026-07-18T21:00:00Z,2026-07-19T05:00:00Z,2026-07-19T06:27:47Z,0.00,2026-07-18T21:00:00Z,2026-07-18T21:32:51Z,history-4009dffb-f0ac-56db-a6fa-3e1fea743d5f-compact.parquet
43018e00-90b0-5e9e-ae52-db249a835df8,0x87843def08de63e732ac82074d93324717898551d2114882feb670b331d822da,soccer-fifwc,France vs. England - Player Props,rest,Désiré Doué: 2+ goals,Yes|No,No,2026-07-18T21:00:00Z,2026-07-19T05:00:00Z,2026-07-19T06:11:33Z,1021.63,2026-07-18T21:00:00Z,2026-07-18T21:32:08Z,history-43018e00-90b0-5e9e-ae52-db249a835df8-compact.parquet
4340d2a0-2295-5112-8a36-be063bcb96f3,0xd1fff80d8ac7f58e6b76abe5f570602b15b7cfda8e47a8e41e7ea36273072f85,soccer-fifwc,France vs. England - Player Props,rest,Jude Bellingham: 1+ shots,Yes|No,Yes,2026-07-18T21:00:00Z,2026-07-19T05:00:00Z,2026-07-19T06:16:52Z,3005.55,2026-07-18T21:00:00Z,2026-07-18T21:32:14Z,history-4340d2a0-2295-5112-8a36-be063bcb96f3-compact.parquet
44916665-681f-5af5-8c66-55a7d91b4c17,0xc896047c33713491bb75e6966ace2eb920653dab5de6ffd2c0cf4718a1667f3e,soccer-fifwc,France vs. England - Player Props,rest,Elliot Anderson: 2+ goals,Yes|No,No,2026-07-18T21:00:00Z,2026-07-19T05:00:00Z,2026-07-19T06:11:34Z,5.00,2026-07-18T21:00:00Z,2026-07-18T21:32:55Z,history-44916665-681f-5af5-8c66-55a7d91b4c17-compact.parquet
44cfc672-bf30-5374-b259-513fa7d073d8,0x6811e65ff8f949ff8bab5dc3938f163f86066058f7456ce8983bc436b4f55bad,soccer-fifwc,France vs. England - Player Props,rest,Harry Kane: 4+ shots,Yes|No,No,2026-07-18T21:00:00Z,2026-07-19T05:00:00Z,2026-07-19T06:22:12Z,1828.93,2026-07-18T21:00:00Z,2026-07-18T21:32:57Z,history-44cfc672-bf30-5374-b259-513fa7d073d8-compact.parquet
456ccdfb-a38b-5e44-8e59-b986cdb5e67b,0xe0345e8afda8a5f679bb29e148d2a94a0b423c01b7a6b3f6480921aedfc5bc1d,soccer-fifwc,France vs. England - Player Props,rest,Adrien Rabiot: 1+ goals,Yes|No,No,2026-07-18T21:00:00Z,2026-07-19T05:00:00Z,2026-07-19T06:01:00Z,1440.48,2026-07-18T21:00:00Z,2026-07-18T21:32:10Z,history-456ccdfb-a38b-5e44-8e59-b986cdb5e67b-compact.parquet
456daec2-2319-5647-81ba-fd819ab23d5d,0x4ceea27e0be205caef144f55a2b4bfde8a8afd8a19a2958f66d928ef587d056a,soccer-fifwc,France vs. England - More Markets,spread,Spread: France (-2.5),France|England,England,2026-07-18T21:00:00Z,2026-07-19T05:00:00Z,2026-07-19T06:01:14Z,93053.06,2026-07-18T21:00:00Z,2026-07-18T21:32:45Z,history-456daec2-2319-5647-81ba-fd819ab23d5d-compact.parquet
46d86d0d-de72-57e0-bcef-8f8b7c2b9bd2,0x3aef92b9c8d28c78a3ef567a60d2d6367d6e97167bdebf212871cf8285de75a2,soccer-fifwc,France vs. England - Halftime Result,rest,England leading at halftime?,Yes|No,Yes,2026-07-18T21:00:00Z,2026-07-19T05:00:00Z,2026-07-19T06:01:05Z,26245.77,2026-07-18T21:00:00Z,2026-07-18T21:32:50Z,history-46d86d0d-de72-57e0-bcef-8f8b7c2b9bd2-compact.parquet
4738889f-70b4-5063-978e-4858b221c927,0x7a3ad1d4798a8d63b1ab465d09a712a3d5b48b9f6062a9068d23114d96893745,soccer-fifwc,France vs. England - Player Props,rest,Nico O’Reilly: 3+ shots,Yes|No,No,2026-07-18T21:00:00Z,2026-07-19T05:00:00Z,2026-07-19T06:16:55Z,5.00,2026-07-18T21:00:00Z,2026-07-18T21:32:38Z,history-4738889f-70b4-5063-978e-4858b221c927-compact.parquet
4796acc1-530f-56ba-a3d5-7ed42e60656a,0xb7667cad3d234d3e62c1683a64c47ae7bdd1e01ff2f553f60f5f729541d3ca24,soccer-fifwc,France vs. England - Exact Score,rest,Exact Score: France 0 - 2 England?,Yes|No,No,2026-07-18T21:00:00Z,2026-07-19T05:00:00Z,2026-07-19T06:01:07Z,442686.54,2026-07-18T21:00:00Z,2026-07-18T21:32:21Z,history-4796acc1-530f-56ba-a3d5-7ed42e60656a-compact.parquet
47f80cca-b427-57a5-8b2b-8202513cfb54,0x57c34b346c2cbb7e36232b4d20be36f12c206a02639a37f8049f89f2346a5d79,soccer-fifwc,France vs. England - Player Props,rest,Declan Rice: 2+ assists,Yes|No,No,2026-07-18T21:00:00Z,2026-07-19T05:00:00Z,2026-07-19T06:22:19Z,35.10,2026-07-18T21:00:00Z,2026-07-18T21:33:04Z,history-47f80cca-b427-57a5-8b2b-8202513cfb54-compact.parquet
494ad945-74e7-5ab9-822a-93027d8430be,0x70d5ac133ea6359592872ccdace33893309f595cec6345acaa173316d1291954,soccer-fifwc,France vs. England - Player Props,rest,Noni Madueke: 1+ goals + assists,Yes|No,No,2026-07-18T21:00:00Z,2026-07-19T05:00:00Z,2026-07-19T06:11:33Z,0.00,2026-07-18T21:00:00Z,2026-07-18T21:32:49Z,history-494ad945-74e7-5ab9-822a-93027d8430be-compact.parquet
496e2d17-f5ef-5448-8109-f2e708246691,0xaa86fbd6278c5e3e54c87137e1c78c8dd54fe1f817fb76aa06909617a4e9eab9,soccer-fifwc,France vs. England - Total Corners,total:corners:h1,France vs. England: 1st Half O/U 4.5 Total Corners,Over|Under,Over,2026-07-18T21:00:00Z,2026-07-19T05:00:00Z,2026-07-19T06:06:24Z,14451.72,2026-07-18T21:00:00Z,2026-07-18T21:32:45Z,history-496e2d17-f5ef-5448-8109-f2e708246691-compact.parquet
4e865f4c-1c97-591f-8a03-7c2f5e983c6f,0xe476bfe22d55240e9697d9a515c4d5b8187adbb50363b2169ffc7fead8c9dddf,soccer-fifwc,France vs. England - Player Props,rest,Ousmane Dembélé: 4+ shots on target,Yes|No,No,2026-07-18T21:00:00Z,2026-07-19T05:00:00Z,2026-07-19T06:16:49Z,0.00,2026-07-18T21:00:00Z,2026-07-18T21:33:04Z,history-4e865f4c-1c97-591f-8a03-7c2f5e983c6f-compact.parquet
4f4ada4b-2928-51cf-b282-09a835100fe1,0xa92e80bd3425d5ca99eb422d75cdb5618c9ac13cd5afaecdbe630dd522cfbc4a,soccer-fifwc,France vs. England - More Markets,total:h2,France vs. England: France 2nd Half O/U 0.5,Over|Under,Over,2026-07-18T21:00:00Z,2026-07-19T05:00:00Z,2026-07-19T06:22:08Z,125.09,2026-07-18T21:00:00Z,2026-07-18T21:32:43Z,history-4f4ada4b-2928-51cf-b282-09a835100fe1-compact.parquet
4fbb3dec-d3b7-55ae-9739-4c63f6fb9acc,0x9af221332fcddfd9a6e1bd33706d8c524b992fc082412901ef44a93b9c92ee7b,soccer-fifwc,France vs. England - Player Props,rest,Rayan Cherki: 1+ goals + assists,Yes|No,No,2026-07-18T21:00:00Z,2026-07-19T05:00:00Z,2026-07-19T06:27:48Z,0.00,2026-07-18T21:00:00Z,2026-07-18T21:32:36Z,history-4fbb3dec-d3b7-55ae-9739-4c63f6fb9acc-compact.parquet
50927733-5534-51fd-a696-35e9dd04cf1b,0x5848ffd1ed0bc073178f4ebf37152625ad26ff2b0cf1307742e42851492aacd7,soccer-fifwc,France vs. England - Total Corners,total:corners,France vs. England: O/U 11.5 Total Corners,Over|Under,Under,2026-07-18T21:00:00Z,2026-07-19T05:00:00Z,2026-07-19T06:06:23Z,10359.63,2026-07-18T21:00:00Z,2026-07-18T21:32:53Z,history-50927733-5534-51fd-a696-35e9dd04cf1b-compact.parquet
5149d97d-3b42-59be-81c0-1dd388878d64,0xb6c6c125436cbf3f35e3938ed8d83b1c40e519cd6f2bb4241873b1a8fa83c98d,soccer-fifwc,France vs. England - Player Props,rest,Michael Olise: 1+ shots on target,Yes|No,No,2026-07-18T21:00:00Z,2026-07-19T05:00:00Z,2026-07-19T06:16:49Z,0.00,2026-07-18T21:00:00Z,2026-07-18T21:32:11Z,history-5149d97d-3b42-59be-81c0-1dd388878d64-compact.parquet
52354642-3ffb-54b0-b428-699b72b93d6a,0xca9dde22f3fa88b696c74cc3402d21c6d2808aaa89ca31b9f5cc05b60d33bdbd,soccer-fifwc,France vs. England - Second Half Result,segment_winner:h2,France to win the second half?,Yes|No,Yes,2026-07-18T21:00:00Z,2026-07-19T05:00:00Z,2026-07-19T06:01:06Z,33924.93,2026-07-18T21:00:00Z,2026-07-18T21:32:20Z,history-52354642-3ffb-54b0-b428-699b72b93d6a-compact.parquet
5303423a-8c71-5d4b-91a8-2ebaac2ef31e,0xa0da5019b3e3e161c9a18eb73a24435216c63ea471ad6aca0177befae0311cad,soccer-fifwc,France vs. England - More Markets,spread,Spread: France (-5.5),France|England,England,2026-07-18T21:00:00Z,2026-07-19T05:00:00Z,2026-07-19T06:06:18Z,23059.24,2026-07-18T21:00:00Z,2026-07-18T21:32:49Z,history-5303423a-8c71-5d4b-91a8-2ebaac2ef31e-compact.parquet
53264133-1acb-500e-92b6-db314f3263bf,0xf3e0cd6d623aa1f65c41e431ced4180f834a89b5b0c7d4eb6083a6dde26178a2,soccer-fifwc,France vs. England - Player Props,rest,Aurélien Tchouameni: 2+ goals,Yes|No,No,2026-07-18T21:00:00Z,2026-07-19T05:00:00Z,2026-07-19T06:06:27Z,5.00,2026-07-18T21:00:00Z,2026-07-18T21:32:43Z,history-53264133-1acb-500e-92b6-db314f3263bf-compact.parquet
5346c6d6-6b1d-552c-9ec3-71afa3fca636,0x58903d0fc0257c0f13111c4f4dede0206f225ec0aa55c8fe7c91ef6d37bdc331,soccer-fifwc,France vs. England - Player Props,rest,Declan Rice: 4+ shots,Yes|No,No,2026-07-18T21:00:00Z,2026-07-19T05:00:00Z,2026-07-19T06:16:51Z,15.00,2026-07-18T21:00:00Z,2026-07-18T21:32:44Z,history-5346c6d6-6b1d-552c-9ec3-71afa3fca636-compact.parquet
538eb032-c1f6-5433-9e16-e4f369ef05de,0xcd461597fa8a71e4d225c5afc6ed7f4f5a5d162bc5b643244cd1ac72a7ebbe6d,soccer-fifwc,France vs. England - Player Props,rest,Rayan Cherki: 2+ assists,Yes|No,No,2026-07-18T21:00:00Z,2026-07-19T05:00:00Z,2026-07-19T06:27:43Z,110.00,2026-07-18T21:00:00Z,2026-07-18T21:32:43Z,history-538eb032-c1f6-5433-9e16-e4f369ef05de-compact.parquet
53deb141-fbb6-566e-92cc-3be52e806396,0x4881047421af62ded957705ebeda847f8079dcc1bf3985ee58d5b34909557fcb,soccer-fifwc,France vs. England - Exact Score,rest,Exact Score: France 1 - 3 England?,Yes|No,No,2026-07-18T21:00:00Z,2026-07-19T05:00:00Z,2026-07-19T06:01:10Z,465075.28,2026-07-18T21:00:00Z,2026-07-18T21:32:11Z,history-53deb141-fbb6-566e-92cc-3be52e806396-compact.parquet
53f3dd32-52e8-5e5a-b8ce-e296c9a7389d,0x8d5f6054b2e59b336c20c7452f45c04f4770b54a7a54e211e95ed243035d74c9,soccer-fifwc,France vs. England - More Markets,total:h1,France vs. England: England 1st Half O/U 0.5,Over|Under,Over,2026-07-18T21:00:00Z,2026-07-19T05:00:00Z,2026-07-19T06:22:05Z,75464.93,2026-07-18T21:00:00Z,2026-07-18T21:32:29Z,history-53f3dd32-52e8-5e5a-b8ce-e296c9a7389d-compact.parquet
54f36f76-104b-5654-836e-37ee84db7451,0xb4493132feea829c5d01b4aa2f85177b5050be28e341f8afc7996b26f9451e73,soccer-fifwc,France vs. England - Player Props,rest,Théo Hernández: 1+ assists,Yes|No,No,2026-07-18T21:00:00Z,2026-07-19T05:00:00Z,2026-07-19T06:27:43Z,51.29,2026-07-18T21:00:00Z,2026-07-18T21:32:55Z,history-54f36f76-104b-5654-836e-37ee84db7451-compact.parquet
5783c82e-df8e-5eab-b520-b6abde275fa8,0x010570c52d29b9fdfbde9673e0b58725377bf0b002dd72d308726665d8347021,soccer-fifwc,France vs. England - Player Props,rest,Michael Olise: 1+ assists,Yes|No,Yes,2026-07-18T21:00:00Z,2026-07-19T05:00:00Z,2026-07-19T06:06:29Z,11979.77,2026-07-18T21:00:00Z,2026-07-18T21:32:09Z,history-5783c82e-df8e-5eab-b520-b6abde275fa8-compact.parquet
58a6b5f2-65f6-5272-8250-41311498c090,0x43038a69d7182a5f19dd0081c03d086fa396237b7edc0d685b31f9cbb13df9eb,soccer-fifwc,France vs. England - Player Props,rest,Bradley Barcola: 1+ shots on target,Yes|No,Yes,2026-07-18T21:00:00Z,2026-07-19T05:00:00Z,2026-07-19T06:16:58Z,751.88,2026-07-18T21:00:00Z,2026-07-18T21:32:49Z,history-58a6b5f2-65f6-5272-8250-41311498c090-compact.parquet
5c61f5f7-cc17-52fb-bc9a-f0d26be3446d,0x98c2ba2dbdd324906f8c88fec610ba77b8b600808e6fe9d91433a3cea68e2894,soccer-fifwc,France vs. England - Player Props,rest,Théo Hernández: 2+ goals,Yes|No,No,2026-07-18T21:00:00Z,2026-07-19T05:00:00Z,2026-07-19T06:11:45Z,0.00,2026-07-18T21:00:00Z,2026-07-18T21:32:30Z,history-5c61f5f7-cc17-52fb-bc9a-f0d26be3446d-compact.parquet
5d14cd5a-344c-5513-9e3c-ce5a71d46bb3,0xb60fa0545a833fdf3e5e1292fb97e23d69d78e5df6a99faa10a6493b471d72b9,soccer-fifwc,France vs. England - Player Props,rest,Ousmane Dembélé: 2+ shots,Yes|No,Yes,2026-07-18T21:00:00Z,2026-07-19T05:00:00Z,2026-07-19T06:22:16Z,17076.27,2026-07-18T21:00:00Z,2026-07-18T21:32:44Z,history-5d14cd5a-344c-5513-9e3c-ce5a71d46bb3-compact.parquet
5d55afe2-47d2-51e8-9bd7-a4d8b8880e85,0x8bbb448dbd05b7e6f40858d15c861e5f0bbccfd427749318b709d5bba2523e14,soccer-fifwc,France vs. England - Player Props,rest,Morgan Rogers: 1+ goals,Yes|No,No,2026-07-18T21:00:00Z,2026-07-19T05:00:00Z,2026-07-19T06:11:43Z,1298.29,2026-07-18T21:00:00Z,2026-07-18T21:32:44Z,history-5d55afe2-47d2-51e8-9bd7-a4d8b8880e85-compact.parquet
5dbbee24-bfd9-50de-bcb5-a4f3cb42a69a,0x6ba7970c77599cd66224aa33ac898fc4bb97bc060d693213ace4e45e19ed390f,soccer-fifwc,France vs. England - Total Corners,total:corners,France vs. England: O/U 8.5 Total Corners,Over|Under,Under,2026-07-18T21:00:00Z,2026-07-19T05:00:00Z,2026-07-19T06:06:23Z,116949.79,2026-07-18T21:00:00Z,2026-07-18T21:32:11Z,history-5dbbee24-bfd9-50de-bcb5-a4f3cb42a69a-compact.parquet
5e64258c-e0fd-549e-abfc-29d89a6a487e,0xc0e81d801dd2c1fff35ee8ef6b3b6b9e618ce676ac83cd32087a7802fb756857,soccer-fifwc,France vs. England - Player Props,rest,Adrien Rabiot: 2+ shots on target,Yes|No,No,2026-07-18T21:00:00Z,2026-07-19T05:00:00Z,2026-07-19T06:06:17Z,0.00,2026-07-18T21:00:00Z,2026-07-18T21:33:04Z,history-5e64258c-e0fd-549e-abfc-29d89a6a487e-compact.parquet
5e819601-993c-5cf7-a70f-be3da0482120,0xaa207ccdf9f47df4ff3ce785e6fa1c8b6eb08624197dbebf82c4ab7b26734e25,soccer-fifwc,France vs. England - More Markets,spread,Spread: France (-3.5),France|England,England,2026-07-18T21:00:00Z,2026-07-19T05:00:00Z,2026-07-19T06:06:18Z,167182.58,2026-07-18T21:00:00Z,2026-07-18T21:32:50Z,history-5e819601-993c-5cf7-a70f-be3da0482120-compact.parquet
61c03c45-5cb0-5865-80ba-65a95e5d5dfd,0x6154989fd74aaefc506755512abcacb140bcff823991d0e106986b4110a2f636,soccer-fifwc,France vs. England - Player Props,rest,Anthony Gordon: 2+ goals,Yes|No,No,2026-07-18T21:00:00Z,2026-07-19T05:00:00Z,2026-07-19T06:06:26Z,918.19,2026-07-18T21:00:00Z,2026-07-18T21:32:46Z,history-61c03c45-5cb0-5865-80ba-65a95e5d5dfd-compact.parquet
625b42a7-0937-53ec-a134-20859000e3b0,0x6305ecd7daf99884bcac6e4a27a75309fa8d9695f95b8ecb2af2cc444f5cc78d,soccer-fifwc,France vs. England - More Markets,total,France vs. England: O/U 1.5,Over|Under,Over,2026-07-18T21:00:00Z,2026-07-19T05:00:00Z,2026-07-19T06:06:19Z,493301.77,2026-07-18T21:00:00Z,2026-07-18T21:32:59Z,history-625b42a7-0937-53ec-a134-20859000e3b0-compact.parquet
62afbce9-bf0b-564d-9c32-cb783ad9b974,0xe517cfaa2edd1b35a54e6a78b0593fe41a6f7ee9d5052c7bbd097372ed4ee2d9,soccer-fifwc,France vs. England - Player Props,rest,William Saliba: 1+ shots,Yes|No,No,2026-07-18T21:00:00Z,2026-07-19T05:00:00Z,2026-07-19T06:16:56Z,21434.79,2026-07-18T21:00:00Z,2026-07-18T21:32:44Z,history-62afbce9-bf0b-564d-9c32-cb783ad9b974-compact.parquet
635b7151-f4c3-582f-ad11-96e71a75cc27,0xd983a51fe03a4c59c2261e5ab2a83531eca2c9e4ed43493c0e5f622cb711da1e,soccer-fifwc,France vs. England - Player Props,rest,Adrien Rabiot: 4+ goals + assists,Yes|No,No,2026-07-18T21:00:00Z,2026-07-19T05:00:00Z,2026-07-19T06:27:25Z,35.00,2026-07-18T21:00:00Z,2026-07-18T21:32:49Z,history-635b7151-f4c3-582f-ad11-96e71a75cc27-compact.parquet
63dcc09c-3ed5-564b-a0f0-a74099befe17,0x58786613e56b1497b29ab6ce5731aa962ab7376a62bf508ec09ee264f3c0f571,soccer-fifwc,France vs. England - Player Props,rest,Théo Hernández: 1+ goals + assists,Yes|No,No,2026-07-18T21:00:00Z,2026-07-19T05:00:00Z,2026-07-19T06:01:03Z,0.00,2026-07-18T21:00:00Z,2026-07-18T21:32:20Z,history-63dcc09c-3ed5-564b-a0f0-a74099befe17-compact.parquet
647f2470-dbed-557a-825e-c7f8414c5bc2,0x2119922f6e33c930b5ca15f582590242f26143cceb6ea6a427150f2dab0c5fe9,soccer-fifwc,France vs. England - Player Props,rest,Morgan Rogers: 2+ assists,Yes|No,No,2026-07-18T21:00:00Z,2026-07-19T05:00:00Z,2026-07-19T06:27:37Z,25.00,2026-07-18T21:00:00Z,2026-07-18T21:32:55Z,history-647f2470-dbed-557a-825e-c7f8414c5bc2-compact.parquet
652789ee-caaa-5b78-959e-06f73660ba0d,0x36e9b49e503941d32a0d2b28700efe4b82e9e5f6211c6d95fea89f9a214ec72e,soccer-fifwc,France vs. England - Exact Score,rest,Exact Score: France 0 - 0 England?,Yes|No,No,2026-07-18T21:00:00Z,2026-07-19T05:00:00Z,2026-07-19T06:01:06Z,1467336.36,2026-07-18T21:00:00Z,2026-07-18T21:33:04Z,history-652789ee-caaa-5b78-959e-06f73660ba0d-compact.parquet
6714e204-30b9-5598-8268-ad7673313c20,0xb10b7432cdec527810ddc4b57a504037b7da413d17f8f64279d0e0ce7a08747e,soccer-fifwc,France vs. England - More Markets,total,France vs. England: France O/U 0.5,Over|Under,Over,2026-07-18T21:00:00Z,2026-07-19T05:00:00Z,2026-07-19T06:11:32Z,208725.91,2026-07-18T21:00:00Z,2026-07-18T21:32:56Z,history-6714e204-30b9-5598-8268-ad7673313c20-compact.parquet
69284c1a-e6e7-5456-96ac-137304116b2d,0x97a1f0e5d10d4097c4f335bd011d338eb5c0145cd2fb6756d01325d40fc0977e,soccer-fifwc,France vs. England - Player Props,rest,Elliot Anderson: 1+ goals,Yes|No,No,2026-07-18T21:00:00Z,2026-07-19T05:00:00Z,2026-07-19T06:11:34Z,1240.47,2026-07-18T21:00:00Z,2026-07-18T21:32:20Z,history-69284c1a-e6e7-5456-96ac-137304116b2d-compact.parquet
69ee37cb-a209-54e8-a2ad-bcc4883d2b94,0x780ecfcc2c6a926fb4b7a54ca7d37a0804a4d1984b0c9c9164b1ac0992684d2e,soccer-fifwc,France vs. England - Player Props,rest,Harry Kane: 4+ shots on target,Yes|No,No,2026-07-18T21:00:00Z,2026-07-19T05:00:00Z,2026-07-19T06:16:48Z,92.75,2026-07-18T21:00:00Z,2026-07-18T21:32:44Z,history-69ee37cb-a209-54e8-a2ad-bcc4883d2b94-compact.parquet
6a931519-5808-5ce7-8578-d240d768a07b,0xe40749caab066344c5a07447c3c1c343fe8e0506a2a2098ccef54e9a1534f088,soccer-fifwc,France vs. England - Player Props,rest,Bukayo Saka: 2+ goals + assists,Yes|No,Yes,2026-07-18T21:00:00Z,2026-07-19T05:00:00Z,2026-07-19T06:27:44Z,0.00,2026-07-18T21:00:00Z,2026-07-18T21:32:38Z,history-6a931519-5808-5ce7-8578-d240d768a07b-compact.parquet
6b1c32e4-2b57-53cd-8c80-9792cd69421b,0xd6a4f53c46dce7508477b393cd1c2c0888164e2dfdf1935192f105a6f99713ab,soccer-fifwc,France vs. England - Player Props,rest,Marcus Rashford: 2+ goals,Yes|No,No,2026-07-18T21:00:00Z,2026-07-19T05:00:00Z,2026-07-19T06:11:38Z,187.39,2026-07-18T21:00:00Z,2026-07-18T21:33:03Z,history-6b1c32e4-2b57-53cd-8c80-9792cd69421b-compact.parquet
6baf5da3-9268-5cc8-bf1a-801b1b5d23da,0xe62e8efd3d9f5ff27ddb73b168cf81da338227749a6a357bac06fced256e7fbe,soccer-fifwc,France vs. England - Exact Score,rest,Exact Score: France 2 - 0 England?,Yes|No,No,2026-07-18T21:00:00Z,2026-07-19T05:00:00Z,2026-07-19T06:01:09Z,618749.84,2026-07-18T21:00:00Z,2026-07-18T21:32:56Z,history-6baf5da3-9268-5cc8-bf1a-801b1b5d23da-compact.parquet
6d22b2ba-f8e6-54db-b2c5-4b634c8874d4,0xc69d4782ad01d89635d4a4140edc12a5db11434cc42fc275b16fc8e04a98cc83,soccer-fifwc,France vs. England - Exact Score,rest,Exact Score: France 2 - 1 England?,Yes|No,No,2026-07-18T21:00:00Z,2026-07-19T05:00:00Z,2026-07-19T06:01:10Z,1567254.59,2026-07-18T21:00:00Z,2026-07-18T21:32:57Z,history-6d22b2ba-f8e6-54db-b2c5-4b634c8874d4-compact.parquet
6da43e8d-5f1e-530e-af97-448d641d21cf,0x93b49c1683f4c78e11ce341fb8cde70eb104419da5d3ec536e5f8faa810cd1b0,soccer-fifwc,France vs. England - Exact Score,rest,Exact Score: France 1 - 1 England?,Yes|No,No,2026-07-18T21:00:00Z,2026-07-19T05:00:00Z,2026-07-19T06:01:09Z,528610.45,2026-07-18T21:00:00Z,2026-07-18T21:32:20Z,history-6da43e8d-5f1e-530e-af97-448d641d21cf-compact.parquet
6def2627-e8db-5fe2-abef-17b7669ea0ed,0x709dbd300213fb55155db27ebd22c7065e0c9dc26c0092cf4d175f49e5543f3a,soccer-fifwc,France vs. England - Player Props,rest,Harry Kane: 5+ shots,Yes|No,No,2026-07-18T21:00:00Z,2026-07-19T05:00:00Z,2026-07-19T06:22:12Z,252.38,2026-07-18T21:00:00Z,2026-07-18T21:33:03Z,history-6def2627-e8db-5fe2-abef-17b7669ea0ed-compact.parquet
6e07a316-29ff-584f-b1ce-5511685aa59c,0x0c58ba76771fa91fc53478b21e0144e6b9a98e535aaf4c97f98b870b36815bd3,soccer-fifwc,France vs. England - Player Props,rest,Aurélien Tchouameni: 1+ shots,Yes|No,No,2026-07-18T21:00:00Z,2026-07-19T05:00:00Z,2026-07-19T06:16:50Z,116.32,2026-07-18T21:00:00Z,2026-07-18T21:32:29Z,history-6e07a316-29ff-584f-b1ce-5511685aa59c-compact.parquet
6e281899-68a9-5224-ba5e-2297b17e0908,0xbeeb5de10a12d7116c111dbca1bec317d94731990cc260a547a2689ce901da19,soccer-fifwc,France vs. England - Player Props,rest,Declan Rice: 1+ goals + assists,Yes|No,Yes,2026-07-18T21:00:00Z,2026-07-19T05:00:00Z,2026-07-19T06:06:16Z,0.00,2026-07-18T21:00:00Z,2026-07-18T21:32:49Z,history-6e281899-68a9-5224-ba5e-2297b17e0908-compact.parquet
6eecdb8a-46b1-55ba-b653-6619b103db59,0x5a6de551636e79e0880095cc4fc71fbc02c97e155ba5bd8cd361945b3cb5924f,soccer-fifwc,France vs. England - Player Props,rest,Ousmane Dembélé: 1+ assists,Yes|No,No,2026-07-18T21:00:00Z,2026-07-19T05:00:00Z,2026-07-19T06:27:38Z,12872.81,2026-07-18T21:00:00Z,2026-07-18T21:33:00Z,history-6eecdb8a-46b1-55ba-b653-6619b103db59-compact.parquet
706b019a-a9d2-5198-ad86-74f4cbc81bfb,0x3bb95eeb2edd64787cce22d6fa59c98b0bae5d86dc8389d37fd940e2d75a89fe,soccer-fifwc,France vs. England - Player Props,rest,Bradley Barcola: 4+ shots on target,Yes|No,No,2026-07-18T21:00:00Z,2026-07-19T05:00:00Z,2026-07-19T06:01:01Z,10.41,2026-07-18T21:00:00Z,2026-07-18T21:32:44Z,history-706b019a-a9d2-5198-ad86-74f4cbc81bfb-compact.parquet
70dabb51-b68e-508a-879b-bb238469b072,0xc154d88238c4cf3fda192b0f990e7aba802748ba98ca5693025d03e78bbe4c59,soccer-fifwc,France vs. England - More Markets,spread,Spread: England (-5.5),England|France,France,2026-07-18T21:00:00Z,2026-07-19T05:00:00Z,2026-07-19T06:06:19Z,14047.75,2026-07-18T21:00:00Z,2026-07-18T21:33:04Z,history-70dabb51-b68e-508a-879b-bb238469b072-compact.parquet
712a791f-13ad-571a-9a59-955b06f94add,0x550ac4785e71e3bdcfecd3ea1c3f30acaf8ae164dbb9ebd65d19d071a81b89d5,soccer-fifwc,France vs. England - More Markets,total:h2,France vs. England: France 2nd Half O/U 1.5,Over|Under,Over,2026-07-18T21:00:00Z,2026-07-19T05:00:00Z,2026-07-19T06:22:09Z,756.24,2026-07-18T21:00:00Z,2026-07-18T21:32:37Z,history-712a791f-13ad-571a-9a59-955b06f94add-compact.parquet
71a5fb36-3c00-58c3-bb2a-ad7f23c8175c,0xd81b8c2ef602861e762f2d26a740cd7850d70ea0d18dff941d6500163504b24f,soccer-fifwc,France vs. England - Player Props,rest,Jude Bellingham: 5+ shots,Yes|No,No,2026-07-18T21:00:00Z,2026-07-19T05:00:00Z,2026-07-19T06:16:53Z,172.50,2026-07-18T21:00:00Z,2026-07-18T21:32:49Z,history-71a5fb36-3c00-58c3-bb2a-ad7f23c8175c-compact.parquet
71ee137d-4a60-5bf9-811a-a21bcbc84238,0xb9de22125fc49a478c6dbb2afcc50e09526283513e02cd788978a262759c8590,soccer-fifwc,France vs. England - Player Props,rest,Elliot Anderson: 2+ assists,Yes|No,No,2026-07-18T21:00:00Z,2026-07-19T05:00:00Z,2026-07-19T06:22:20Z,25.00,2026-07-18T21:00:00Z,2026-07-18T21:33:00Z,history-71ee137d-4a60-5bf9-811a-a21bcbc84238-compact.parquet
7287ffe3-39f0-54f6-8846-5808c56657eb,0x148cd4a6cccaa8f238e6e0cdc8280e03784363d2730bc8aa3a38e35ceccb78f6,soccer-fifwc,France vs. England - Player Props,rest,Anthony Gordon: 1+ shots,Yes|No,No,2026-07-18T21:00:00Z,2026-07-19T05:00:00Z,2026-07-19T06:11:45Z,1859.77,2026-07-18T21:00:00Z,2026-07-18T21:32:51Z,history-7287ffe3-39f0-54f6-8846-5808c56657eb-compact.parquet
73779f0c-b76f-5038-a103-b7938c5bcee1,0xaf79b551c1757dc2e3edc8906042d54326f9a0743004bfac491c5c82031e48bb,soccer-fifwc,France vs. England - Player Props,rest,William Saliba: 2+ shots,Yes|No,No,2026-07-18T21:00:00Z,2026-07-19T05:00:00Z,2026-07-19T06:16:57Z,7394.27,2026-07-18T21:00:00Z,2026-07-18T21:33:02Z,history-73779f0c-b76f-5038-a103-b7938c5bcee1-compact.parquet
7492035e-d437-5bd5-ba6b-29da8ade9a1d,0x98a188db53231ed69eb27903e54fd10f34758093cba576a87f1eb1a74680cfd8,soccer-fifwc,France vs. England - Player Props,rest,Manu Koné: 2+ goals,Yes|No,No,2026-07-18T21:00:00Z,2026-07-19T05:00:00Z,2026-07-19T06:11:38Z,15.00,2026-07-18T21:00:00Z,2026-07-18T21:32:20Z,history-7492035e-d437-5bd5-ba6b-29da8ade9a1d-compact.parquet
75b0195a-93e9-5c8e-90e3-ac8c03146de3,0xc267f4078fe041824c97b576e47c42ef76d0ef908349fc181d375ae21c71adb1,soccer-fifwc,France vs. England - Player Props,rest,Declan Rice: 1+ shots,Yes|No,Yes,2026-07-18T21:00:00Z,2026-07-19T05:00:00Z,2026-07-19T06:16:50Z,7840.78,2026-07-18T21:00:00Z,2026-07-18T21:32:50Z,history-75b0195a-93e9-5c8e-90e3-ac8c03146de3-compact.parquet
75ef7ff8-7e92-541d-9860-c407a1dd450a,0xd78987cb40f37578afd691b8ca7327db06506dc4a2da2e18b06cf354208204e1,soccer-fifwc,France vs. England - Player Props,rest,Marcus Rashford: 1+ assists,Yes|No,Yes,2026-07-18T21:00:00Z,2026-07-19T05:00:00Z,2026-07-19T06:27:36Z,4092.25,2026-07-18T21:00:00Z,2026-07-18T21:33:01Z,history-75ef7ff8-7e92-541d-9860-c407a1dd450a-compact.parquet
77463122-6184-54ba-9eb1-01c3d65ddabf,0xada45344e83746dfe2f19d839658378f7231cee45b90f16f4b09cac833095e35,soccer-fifwc,France vs. England - Player Props,rest,Elliot Anderson: 2+ goals + assists,Yes|No,No,2026-07-18T21:00:00Z,2026-07-19T05:00:00Z,2026-07-19T06:22:07Z,0.00,2026-07-18T21:00:00Z,2026-07-18T21:32:26Z,history-77463122-6184-54ba-9eb1-01c3d65ddabf-compact.parquet
7758ffab-6807-5dfe-bcf8-b454e11c23fc,0x4711d7ec46e581f25c5cc42ffcec94d2bc348a460eb74ad98c0a733ecdf587fc,soccer-fifwc,France vs. England - Player Props,rest,Bradley Barcola: 3+ goals,Yes|No,No,2026-07-18T21:00:00Z,2026-07-19T05:00:00Z,2026-07-19T06:06:28Z,10.10,2026-07-18T21:00:00Z,2026-07-18T21:32:20Z,history-7758ffab-6807-5dfe-bcf8-b454e11c23fc-compact.parquet
793695ef-e496-54c6-9da2-f0886738cad9,0x8b7079f0a4c86f90439c6bc73f93eda83a8eeb9ff272ed0c9be1ff293f34d761,soccer-fifwc,France vs. England - Total Corners,rest,France vs. England: Team to Take First Corner,France|England,England,2026-07-18T21:00:00Z,2026-07-19T05:00:00Z,2026-07-19T06:06:25Z,3694.19,2026-07-18T21:00:00Z,2026-07-18T21:32:43Z,history-793695ef-e496-54c6-9da2-f0886738cad9-compact.parquet
7b377336-938d-56d2-9d7f-34bb058f8849,0x9826ae9e9dd419e4cb877b186d21103fea680a39ca58fa07f0d37bea410bc372,soccer-fifwc,France vs. England - Player Props,rest,Marcus Rashford: 3+ goals,Yes|No,No,2026-07-18T21:00:00Z,2026-07-19T05:00:00Z,2026-07-19T06:11:38Z,1615.22,2026-07-18T21:00:00Z,2026-07-18T21:32:49Z,history-7b377336-938d-56d2-9d7f-34bb058f8849-compact.parquet
7cd18f4b-248d-5a40-9965-bc8a2fdb66bb,0x865ced0223efc061270d781e8804b4ad59028d68d419a714b76fbaee2e987f74,soccer-fifwc,France vs. England - More Markets,spread,Spread: France (-4.5),France|England,England,2026-07-18T21:00:00Z,2026-07-19T05:00:00Z,2026-07-19T06:06:18Z,17654.45,2026-07-18T21:00:00Z,2026-07-18T21:32:55Z,history-7cd18f4b-248d-5a40-9965-bc8a2fdb66bb-compact.parquet
7ced46a3-dfc8-54eb-98b3-987558e24305,0x98209e75b11de391f15f5861486a6f16458b6a32016a24095df8d8edf6802271,soccer-fifwc,France vs. England - Player Props,rest,Kylian Mbappé: 2+ assists,Yes|No,No,2026-07-18T21:00:00Z,2026-07-19T05:00:00Z,2026-07-19T06:27:34Z,1774.06,2026-07-18T21:00:00Z,2026-07-18T21:32:50Z,history-7ced46a3-dfc8-54eb-98b3-987558e24305-compact.parquet
7dded15d-ad33-5b61-996e-842bd9d3aaad,0xab981c30ef7da721b2b9ddbc3aba98a4b851f2a5836ba9b9e4646f7b6f9b016c,soccer-fifwc,France vs. England - Player Props,rest,Jude Bellingham: 2+ assists,Yes|No,No,2026-07-18T21:00:00Z,2026-07-19T05:00:00Z,2026-07-19T06:27:33Z,2920.35,2026-07-18T21:00:00Z,2026-07-18T21:32:11Z,history-7dded15d-ad33-5b61-996e-842bd9d3aaad-compact.parquet
7e0bbe63-f349-5750-a412-36462d12b845,0xaf767784230a131d5c4dc31e6b3cc4b4e898e03af20a75d5935a75100a76a46f,soccer-fifwc,France vs. England,rest,Will England win on 2026-07-18?,Yes|No,Yes,2026-07-18T21:00:00Z,2026-07-19T05:00:00Z,2026-07-19T06:01:04Z,2533722.91,2026-07-18T21:00:00Z,2026-07-18T21:32:11Z,history-7e0bbe63-f349-5750-a412-36462d12b845-compact.parquet
7e40e377-025a-550f-8dbe-c1862fd87331,0x5189607aaece36ca3d60a1f2ca68805ae7dcec5402e4a518d4e3ebf15969b087,soccer-fifwc,France vs. England - Halftime Result,rest,France vs. England: Draw at halftime?,Yes|No,No,2026-07-18T21:00:00Z,2026-07-19T05:00:00Z,2026-07-19T06:01:05Z,61583.10,2026-07-18T21:00:00Z,2026-07-18T21:32:50Z,history-7e40e377-025a-550f-8dbe-c1862fd87331-compact.parquet
7ed80f7b-568a-5f06-b25d-7e68a93da1f4,0x24e2cbafb2f68197a35f8e8b2191316fe9910864288e12ba4e05beeaa51568e5,soccer-fifwc,France vs. England - More Markets,total:h1,France vs. England: 1st Half O/U 2.5,Over|Under,Over,2026-07-18T21:00:00Z,2026-07-19T05:00:00Z,2026-07-19T06:16:59Z,55189.97,2026-07-18T21:00:00Z,2026-07-18T21:32:45Z,history-7ed80f7b-568a-5f06-b25d-7e68a93da1f4-compact.parquet
7f42da6c-e92a-5283-ab20-5a5931a18048,0xaeec5397b4ee2ce20555c0099f0dcf4de4648a2f080c2d10b65ceaff9c26d7a8,soccer-fifwc,France vs. England - More Markets,moneyline,France vs. England: Team to Win,France|England,England,2026-07-18T21:00:00Z,2026-07-19T05:00:00Z,2026-07-19T06:06:25Z,6016950.52,2026-07-18T21:00:00Z,2026-07-18T21:32:50Z,history-7f42da6c-e92a-5283-ab20-5a5931a18048-compact.parquet
7fd4a87d-fbf3-56f7-8c85-113bbd37edb2,0x72b6ba8abd2b9eccf14d3afa0c44aabc54868e25b0df86a10c95290682863eb2,soccer-fifwc,France vs. England - Total Corners,total:corners,France vs. England: France O/U 6.5 Corners,Over|Under,Under,2026-07-18T21:00:00Z,2026-07-19T05:00:00Z,2026-07-19T06:01:04Z,2360.25,2026-07-18T21:00:00Z,2026-07-18T21:32:20Z,history-7fd4a87d-fbf3-56f7-8c85-113bbd37edb2-compact.parquet
834acce2-ba81-5629-8581-b6edfc5bd531,0xb0ac20387972a6a052f9bec95e17903f5f1878433a36d6580ed39a209b18c147,soccer-fifwc,France vs. England - Total Corners,total:corners:h2,France vs. England: 2nd Half O/U 4.5 Total Corners,Over|Under,Under,2026-07-18T21:00:00Z,2026-07-19T05:00:00Z,2026-07-19T06:06:25Z,25509.73,2026-07-18T21:00:00Z,2026-07-18T21:32:22Z,history-834acce2-ba81-5629-8581-b6edfc5bd531-compact.parquet
8423eb6f-25ed-5019-a4d4-ed3700c9e90e,0xbb30bd9e0ddd2be7fb85fa39770066318d5cbcd4a1a10b123189955b21a9401b,soccer-fifwc,France vs. England - Player Props,rest,Harry Kane: 2+ goals,Yes|No,No,2026-07-18T21:00:00Z,2026-07-19T05:00:00Z,2026-07-19T06:11:36Z,12765.72,2026-07-18T21:00:00Z,2026-07-18T21:32:57Z,history-8423eb6f-25ed-5019-a4d4-ed3700c9e90e-compact.parquet
8512772f-62bd-5ac7-817e-818c76d033fc,0x838789d17fcb261998bf52fd27ed0c9d24ab94e63d24e8971cf371ac763b51cd,soccer-fifwc,France vs. England - Exact Score,rest,Exact Score: France 3 - 2 England?,Yes|No,No,2026-07-18T21:00:00Z,2026-07-19T05:00:00Z,2026-07-19T06:01:13Z,1412128.39,2026-07-18T21:00:00Z,2026-07-18T21:32:23Z,history-8512772f-62bd-5ac7-817e-818c76d033fc-compact.parquet
85931f02-1608-5f78-a563-5494f4b0f961,0x4822d1452ba17d280b2c271db0e58df7866c9b494040649ab6c6ae8bb7363b18,soccer-fifwc,France vs. England,moneyline,Will France vs. England end in a draw?,Yes|No,No,2026-07-18T21:00:00Z,2026-07-19T05:00:00Z,2026-07-19T06:01:05Z,1887015.95,2026-07-18T21:00:00Z,2026-07-18T21:32:11Z,history-85931f02-1608-5f78-a563-5494f4b0f961-compact.parquet
8684466b-f54b-5433-bba6-56fcf43c7b15,0x40d2150393aa372eed1fb4735e6fed21e890b4ed9ac7661c0b2cf5ec084b25f6,soccer-fifwc,France vs. England - Player Props,rest,Anthony Gordon: 1+ assists,Yes|No,No,2026-07-18T21:00:00Z,2026-07-19T05:00:00Z,2026-07-19T06:22:17Z,6654.14,2026-07-18T21:00:00Z,2026-07-18T21:32:08Z,history-8684466b-f54b-5433-bba6-56fcf43c7b15-compact.parquet
86bfbe64-9a02-5d77-8261-2cb4ebe411aa,0x0eee94db602c24c426853848ef110e7d8c55824de055c881b21af397079caa9c,soccer-fifwc,France vs. England - More Markets,total:h1,France vs. England: 1st Half O/U 1.5,Over|Under,Over,2026-07-18T21:00:00Z,2026-07-19T05:00:00Z,2026-07-19T06:16:58Z,152049.68,2026-07-18T21:00:00Z,2026-07-18T21:32:23Z,history-86bfbe64-9a02-5d77-8261-2cb4ebe411aa-compact.parquet
86fb2b9e-9e4d-55ec-97ec-0834499635e6,0x1503d8b840c12e33a75bf68c5f72940e91c391029c9096243d92334b5e0210b7,soccer-fifwc,France vs. England - More Markets,rest,France vs. England: Will the Match Go to a Penalty Shootout?,Yes|No,No,2026-07-18T21:00:00Z,2026-07-19T05:00:00Z,2026-07-19T06:06:20Z,80241.49,2026-07-18T21:00:00Z,2026-07-18T21:32:59Z,history-86fb2b9e-9e4d-55ec-97ec-0834499635e6-compact.parquet
8769c9ca-1402-5efd-8e52-38d2e5840387,0xbb682dde35610239a8c0d6e48ac38c28d598adcf08ceff2474135c664843dbd6,soccer-fifwc,France vs. England - Total Corners,total:corners:h1,France vs. England: 1st Half O/U 5.5 Total Corners,Over|Under,Under,2026-07-18T21:00:00Z,2026-07-19T05:00:00Z,2026-07-19T06:06:24Z,4039.99,2026-07-18T21:00:00Z,2026-07-18T21:32:21Z,history-8769c9ca-1402-5efd-8e52-38d2e5840387-compact.parquet
887a1809-1d86-5ba1-b16d-f3f93844f4bc,0x58823ae7233b8a5e7dbe060f0d36aa0fb51e9f023a42be365bc082ab7a800f8c,soccer-fifwc,France vs. England - Player Props,rest,Elliot Anderson: 1+ assists,Yes|No,No,2026-07-18T21:00:00Z,2026-07-19T05:00:00Z,2026-07-19T06:22:20Z,274.67,2026-07-18T21:00:00Z,2026-07-18T21:32:58Z,history-887a1809-1d86-5ba1-b16d-f3f93844f4bc-compact.parquet
8ca4d0ae-c0a2-5083-a668-0b3bebffa1de,0x6691cede71480a1a96334a9d55df157400aea7bc2d0c1f8281c1714e494868a1,soccer-fifwc,France vs. England - Total Corners,total:corners:h1,France vs. England: 1st Half O/U 3.5 Total Corners,Over|Under,Over,2026-07-18T21:00:00Z,2026-07-19T05:00:00Z,2026-07-19T06:06:24Z,9136.85,2026-07-18T21:00:00Z,2026-07-18T21:32:57Z,history-8ca4d0ae-c0a2-5083-a668-0b3bebffa1de-compact.parquet
8d75389b-7bb3-5ec4-8b44-c51c1144144c,0xc6ce8238df15825471367fb0fb42edd309498ee8e2053e7876f1f566699747a7,soccer-fifwc,France vs. England - Player Props,rest,Elliot Anderson: 3+ shots,Yes|No,No,2026-07-18T21:00:00Z,2026-07-19T05:00:00Z,2026-07-19T06:16:51Z,5.00,2026-07-18T21:00:00Z,2026-07-18T21:33:04Z,history-8d75389b-7bb3-5ec4-8b44-c51c1144144c-compact.parquet
8ecfa2b3-3bed-57e6-a261-f177d3a59a39,0x1bfd3afc386fe7fa6bd8fca384f5ed5d4664a12271acc355ecbadb81580fa2a8,soccer-fifwc,France vs. England - Player Props,rest,Jude Bellingham: 1+ assists,Yes|No,No,2026-07-18T21:00:00Z,2026-07-19T05:00:00Z,2026-07-19T06:27:33Z,7805.07,2026-07-18T21:00:00Z,2026-07-18T21:32:38Z,history-8ecfa2b3-3bed-57e6-a261-f177d3a59a39-compact.parquet
90421222-672d-5dc5-a462-2a2b41ba3073,0x4918e78d7f73abf83cff471940965bd9ab64cb4199960ddfdad108bce817b402,soccer-fifwc,France vs. England - Player Props,rest,Eberechi Eze: 1+ goals,Yes|No,No,2026-07-18T21:00:00Z,2026-07-19T05:00:00Z,2026-07-19T06:11:34Z,1231.72,2026-07-18T21:00:00Z,2026-07-18T21:32:09Z,history-90421222-672d-5dc5-a462-2a2b41ba3073-compact.parquet
90c2cfb2-689d-5faa-91ce-ef0832f597d2,0xb2ffee6270fda611acaf2e115d82d8998853231df19412ced52c0770dd2078bd,soccer-fifwc,France vs. England - Player Props,rest,Declan Rice: 1+ goals,Yes|No,Yes,2026-07-18T21:00:00Z,2026-07-19T05:00:00Z,2026-07-19T06:06:29Z,2562.96,2026-07-18T21:00:00Z,2026-07-18T21:32:51Z,history-90c2cfb2-689d-5faa-91ce-ef0832f597d2-compact.parquet
93be7133-1ebc-5beb-9a67-3d149b7cfd04,0xbfd44c653ec36e25c107de2aac703fb6aa35af40279aba47ce20e7681e6774d8,soccer-fifwc,France vs. England - Player Props,rest,Jude Bellingham: 3+ shots,Yes|No,No,2026-07-18T21:00:00Z,2026-07-19T05:00:00Z,2026-07-19T06:16:52Z,644.29,2026-07-18T21:00:00Z,2026-07-18T21:32:39Z,history-93be7133-1ebc-5beb-9a67-3d149b7cfd04-compact.parquet
946fb404-d886-5ac5-b94e-5e0df9ad5602,0x0242ad558b0fa3ee02598f0cf9c8b493b9fc4482135c5c6b3a45b838b396bbe6,soccer-fifwc,France vs. England - Player Props,rest,Lucas Digne: 3+ shots,Yes|No,No,2026-07-18T21:00:00Z,2026-07-19T05:00:00Z,2026-07-19T06:22:06Z,5.00,2026-07-18T21:00:00Z,2026-07-18T21:32:44Z,history-946fb404-d886-5ac5-b94e-5e0df9ad5602-compact.parquet
9701e692-7dae-5d98-98e0-171248665203,0x4a77966ef77fe3633f0ac9daf76207d049603f2eca347cbed935e117e47d4d9d,soccer-fifwc,France vs. England - Player Props,rest,Brice Samba: 2+ saves,Yes|No,No,2026-07-18T21:00:00Z,2026-07-19T05:00:00Z,2026-07-19T06:01:01Z,1329.16,2026-07-18T21:00:00Z,2026-07-18T21:32:55Z,history-9701e692-7dae-5d98-98e0-171248665203-compact.parquet
9ce3660e-3347-53fa-bc1f-0c27ddd34113,0x95f067ca400b84af89a7ae8afd1b1ceb332f1eab6a1a63e6b8927fdca14f6805,soccer-fifwc,France vs. England - Player Props,rest,Elliot Anderson: 1+ shots,Yes|No,No,2026-07-18T21:00:00Z,2026-07-19T05:00:00Z,2026-07-19T06:16:51Z,3151.48,2026-07-18T21:00:00Z,2026-07-18T21:32:57Z,history-9ce3660e-3347-53fa-bc1f-0c27ddd34113-compact.parquet
a0a276d8-009a-5357-81fd-a2b444d2112d,0x5c79f8c2635dda4d5febf466d41440193188064333d8fdd3063cbf086c5634c6,soccer-fifwc,France vs. England - More Markets,total,France vs. England: O/U 0.5,Over|Under,Over,2026-07-18T21:00:00Z,2026-07-19T05:00:00Z,2026-07-19T06:06:18Z,560951.56,2026-07-18T21:00:00Z,2026-07-18T21:32:58Z,history-a0a276d8-009a-5357-81fd-a2b444d2112d-compact.parquet
a0a58c6d-cb34-56e7-bb3d-d4fc46aec4a0,0xee36ca2c3118eb73af5b42636c0c910c0d2599660b3b0feb2fb4d160535e7191,soccer-fifwc,France vs. England - Player Props,rest,Michael Olise: 2+ shots,Yes|No,Yes,2026-07-18T21:00:00Z,2026-07-19T05:00:00Z,2026-07-19T06:22:12Z,912.75,2026-07-18T21:00:00Z,2026-07-18T21:32:58Z,history-a0a58c6d-cb34-56e7-bb3d-d4fc46aec4a0-compact.parquet
a20ecab8-0ffb-5c03-a901-978a6759a0e3,0x68749f41d39a242f354a4a23c68b48f1519a4b141fc843ae8c2285b14eb4b174,soccer-fifwc,France vs. England - Player Props,rest,Morgan Rogers: 1+ goals + assists,Yes|No,No,2026-07-18T21:00:00Z,2026-07-19T05:00:00Z,2026-07-19T06:11:32Z,0.00,2026-07-18T21:00:00Z,2026-07-18T21:32:57Z,history-a20ecab8-0ffb-5c03-a901-978a6759a0e3-compact.parquet
a250ccd1-3922-525a-8f0d-2bd0957abac4,0xebf34afcc9ac78bdbda23d435857230b440d3459ad8971e79d60e60bcbdf72c3,soccer-fifwc,France vs. England - Player Props,rest,Aurélien Tchouameni: 1+ goals + assists,Yes|No,No,2026-07-18T21:00:00Z,2026-07-19T05:00:00Z,2026-07-19T06:27:44Z,0.00,2026-07-18T21:00:00Z,2026-07-18T21:32:50Z,history-a250ccd1-3922-525a-8f0d-2bd0957abac4-compact.parquet
a2d4eec3-af10-5c1d-977b-214de374af0f,0xcd77817376aba0455f761854b003a8b5cafe8ea25c9be658c7b8b06cd25a88f5,soccer-fifwc,France vs. England - More Markets,btts:h2,France vs. England: Both Teams to Score in Second Half,Yes|No,Yes,2026-07-18T21:00:00Z,2026-07-19T05:00:00Z,2026-07-19T06:22:07Z,9727.31,2026-07-18T21:00:00Z,2026-07-18T21:32:49Z,history-a2d4eec3-af10-5c1d-977b-214de374af0f-compact.parquet
a35e173d-0022-5bdc-8fc9-3a264a37de47,0x9fe9ad75d6b60492f2413581d0955dcf6c5a1ae431786999261a123b92bbd488,soccer-fifwc,France vs. England - Total Corners,total:corners,France vs. England: England O/U 3.5 Corners,Over|Under,Over,2026-07-18T21:00:00Z,2026-07-19T05:00:00Z,2026-07-19T06:27:48Z,7148.79,2026-07-18T21:00:00Z,2026-07-18T21:32:57Z,history-a35e173d-0022-5bdc-8fc9-3a264a37de47-compact.parquet
a3f56e03-b57a-5f4b-bd7f-026d9e8b1049,0x04492b84b48132c3efdda5b5f5437c0dc74c65999ac95066ae775836f31e0b74,soccer-fifwc,France vs. England - Player Props,rest,Ousmane Dembélé: 2+ goals,Yes|No,No,2026-07-18T21:00:00Z,2026-07-19T05:00:00Z,2026-07-19T06:11:44Z,11257.63,2026-07-18T21:00:00Z,2026-07-18T21:32:11Z,history-a3f56e03-b57a-5f4b-bd7f-026d9e8b1049-compact.parquet
a419da40-d42f-5a51-9396-fc14ca3ce5de,0x293d4fb55e262d42d34bc42f62dba4fb741cafcdab895dd1527a06587464af79,soccer-fifwc,France vs. England - Player Props,rest,Elliot Anderson: 1+ goals + assists,Yes|No,No,2026-07-18T21:00:00Z,2026-07-19T05:00:00Z,2026-07-19T06:27:45Z,0.00,2026-07-18T21:00:00Z,2026-07-18T21:32:55Z,history-a419da40-d42f-5a51-9396-fc14ca3ce5de-compact.parquet
a5759a76-b2db-5df3-a702-499d97221a4a,0xfb8b2dabcff281c2aef118bc3880f269fa620893fcfb84507700fb2c0b3a9206,soccer-fifwc,France vs. England - More Markets,total:h1,France vs. England: 1st Half O/U 0.5,Over|Under,Over,2026-07-18T21:00:00Z,2026-07-19T05:00:00Z,2026-07-19T06:16:49Z,16767.67,2026-07-18T21:00:00Z,2026-07-18T21:32:43Z,history-a5759a76-b2db-5df3-a702-499d97221a4a-compact.parquet
a62d9007-dcb5-53a2-a9c6-216185854d12,0x9d294ccab4ff2f72964be1c1a3fa87103c45fb626da69d743916eba370d3c065,soccer-fifwc,France vs. England - Total Corners,total:corners,France vs. England: England O/U 4.5 Corners,Over|Under,Under,2026-07-18T21:00:00Z,2026-07-19T05:00:00Z,2026-07-19T06:27:49Z,4142.88,2026-07-18T21:00:00Z,2026-07-18T21:32:49Z,history-a62d9007-dcb5-53a2-a9c6-216185854d12-compact.parquet
a9a61d16-f018-532b-9418-cd411a8c4a0c,0x90ae81a0bbdf30b279e768f2a2481001f5c6ffeb423d38463cb4ce2080cb662f,soccer-fifwc,France vs. England - Halftime Result,rest,France leading at halftime?,Yes|No,No,2026-07-18T21:00:00Z,2026-07-19T05:00:00Z,2026-07-19T06:01:05Z,144047.22,2026-07-18T21:00:00Z,2026-07-18T21:32:21Z,history-a9a61d16-f018-532b-9418-cd411a8c4a0c-compact.parquet
a9e75ea9-c0fe-58c7-92cf-37d310bf22d6,0x8bb015c8301392a1f04ae912027f72658762b29fc8258f720af4be8dd6b17c7b,soccer-fifwc,France vs. England - Player Props,rest,Aurélien Tchouameni: 1+ assists,Yes|No,No,2026-07-18T21:00:00Z,2026-07-19T05:00:00Z,2026-07-19T06:22:18Z,524.88,2026-07-18T21:00:00Z,2026-07-18T21:32:08Z,history-a9e75ea9-c0fe-58c7-92cf-37d310bf22d6-compact.parquet
aa734fad-9fcb-5a4b-9fdb-6d4653c5c8fc,0x8ee99ee9a4b5e2c9ef24d5eadd17890a8961f1bfd9a3f3f321d40cf0f617efc6,soccer-fifwc,France vs. England - More Markets,total,France vs. England: O/U 3.5,Over|Under,Over,2026-07-18T21:00:00Z,2026-07-19T05:00:00Z,2026-07-19T06:06:19Z,1986637.60,2026-07-18T21:00:00Z,2026-07-18T21:32:58Z,history-aa734fad-9fcb-5a4b-9fdb-6d4653c5c8fc-compact.parquet
ab5d6612-faa8-59fb-81e1-b1548fb7df51,0x2654eff20921a122d343274a63b10f03de9282e2eb20220411f11da9132db937,soccer-fifwc,France vs. England - Player Props,rest,Adrien Rabiot: 2+ goals,Yes|No,No,2026-07-18T21:00:00Z,2026-07-19T05:00:00Z,2026-07-19T06:06:26Z,1.01,2026-07-18T21:00:00Z,2026-07-18T21:32:55Z,history-ab5d6612-faa8-59fb-81e1-b1548fb7df51-compact.parquet
abe2b045-f390-5a96-8c6c-617a598ddecd,0x21930e6c94690a65db48899c8fd8d3afd342e7a3cb6bbd84a8a5a82e389668a9,soccer-fifwc,France vs. England - Player Props,rest,Ousmane Dembélé: 2+ goals + assists,Yes|No,No,2026-07-18T21:00:00Z,2026-07-19T05:00:00Z,2026-07-19T06:01:04Z,0.00,2026-07-18T21:00:00Z,2026-07-18T21:32:30Z,history-abe2b045-f390-5a96-8c6c-617a598ddecd-compact.parquet
abe63f45-0a93-5a59-8180-2445e95eab6a,0x9f888b77eb4bb6aa66ed76efbd1cbd344658606bd87d61b2087428ce44836778,soccer-fifwc,France vs. England - Player Props,rest,Kylian Mbappé: 2+ goals,Yes|No,Yes,2026-07-18T21:00:00Z,2026-07-19T05:00:00Z,2026-07-19T06:11:37Z,556796.87,2026-07-18T21:00:00Z,2026-07-18T21:33:00Z,history-abe63f45-0a93-5a59-8180-2445e95eab6a-compact.parquet
ac154503-a37c-5a79-b939-c63252075b11,0x1f131595784e1ebf6c9d67b56002417ff7a3813e7dadc9083a7ef77a4f41ebcb,soccer-fifwc,France vs. England - Exact Score,rest,Exact Score: France 2 - 2 England?,Yes|No,No,2026-07-18T21:00:00Z,2026-07-19T05:00:00Z,2026-07-19T06:01:11Z,702008.87,2026-07-18T21:00:00Z,2026-07-18T21:32:58Z,history-ac154503-a37c-5a79-b939-c63252075b11-compact.parquet
ae9150b5-0974-5342-bfaf-207df38d7eed,0xbf46f9ee718dc675c14c737db3e051a0b7b82b6b5d9b532e29d72a49d825bf1e,soccer-fifwc,France vs. England - Player Props,rest,Harry Kane: 3+ goals,Yes|No,No,2026-07-18T21:00:00Z,2026-07-19T05:00:00Z,2026-07-19T06:11:36Z,12228.66,2026-07-18T21:00:00Z,2026-07-18T21:32:29Z,history-ae9150b5-0974-5342-bfaf-207df38d7eed-compact.parquet
b05827cb-d021-5b8c-b17c-4432508c5cfe,0xa38702fe6dc7973093d5ba72099fcd38547866ed21dad04867817da06047e4fd,soccer-fifwc,France vs. England - Player Props,rest,Nico O’Reilly: 1+ shots,Yes|No,No,2026-07-18T21:00:00Z,2026-07-19T05:00:00Z,2026-07-19T06:16:54Z,197.24,2026-07-18T21:00:00Z,2026-07-18T21:32:38Z,history-b05827cb-d021-5b8c-b17c-4432508c5cfe-compact.parquet
b249442b-31c7-5fce-8682-16d0338a1ff7,0x2ccb4c7331b7e931bd936ee1d98a42b85b09980b46c3fbeb1aedfe8d31c11855,soccer-fifwc,France vs. England - Player Props,rest,Harry Kane: 1+ assists,Yes|No,No,2026-07-18T21:00:00Z,2026-07-19T05:00:00Z,2026-07-19T06:27:33Z,2557.40,2026-07-18T21:00:00Z,2026-07-18T21:32:20Z,history-b249442b-31c7-5fce-8682-16d0338a1ff7-compact.parquet
b5c8c2d2-fbb6-5e34-9b40-4b9134667c59,0xcdcfa28ba4cdc181189d9cb0a1270000527bbbee4be78d56e615888dcc6f22b2,soccer-fifwc,France vs. England - More Markets,total,France vs. England: England O/U 1.5,Over|Under,Over,2026-07-18T21:00:00Z,2026-07-19T05:00:00Z,2026-07-19T06:16:59Z,71563.65,2026-07-18T21:00:00Z,2026-07-18T21:32:11Z,history-b5c8c2d2-fbb6-5e34-9b40-4b9134667c59-compact.parquet
b61ff31b-2264-5836-a7c9-1f738c07c171,0xd80bf2dea1b8afaaeda206533f3b2afc70fcca87908286f6eedb0cda733142de,soccer-fifwc,France vs. England - Total Corners,total:corners,France vs. England: O/U 9.5 Total Corners,Over|Under,Under,2026-07-18T21:00:00Z,2026-07-19T05:00:00Z,2026-07-19T06:06:21Z,88834.58,2026-07-18T21:00:00Z,2026-07-18T21:32:22Z,history-b61ff31b-2264-5836-a7c9-1f738c07c171-compact.parquet
b76381a4-adb7-5435-915c-85c6e2b83650,0x20d408dfb6c429ee64dc3bcfeb17d124987888838214d7a1e7e79ce94157d15e,soccer-fifwc,France vs. England - Player Props,rest,Michael Olise: 1+ goals + assists,Yes|No,Yes,2026-07-18T21:00:00Z,2026-07-19T05:00:00Z,2026-07-19T06:27:48Z,0.00,2026-07-18T21:00:00Z,2026-07-18T21:32:44Z,history-b76381a4-adb7-5435-915c-85c6e2b83650-compact.parquet
b771e0a3-48c2-5efc-ae79-018f3ec93068,0xcdc47ab97b679450c8ee613c6225a070ff528f9806d6e14778e0b51f271e206a,soccer-fifwc,France vs. England - More Markets,spread,Spread: France (-1.5),France|England,England,2026-07-18T21:00:00Z,2026-07-19T05:00:00Z,2026-07-19T06:01:14Z,410080.81,2026-07-18T21:00:00Z,2026-07-18T21:32:49Z,history-b771e0a3-48c2-5efc-ae79-018f3ec93068-compact.parquet
b858cb6f-dffa-52c6-ba8b-985e2df41b56,0x9628d9cfdbe70931f1d1ea8fb16283763a2f2dfbe463dd8bd32993cfa25d3a0e,soccer-fifwc,France vs. England - Player Props,rest,Théo Hernández: 2+ assists,Yes|No,No,2026-07-18T21:00:00Z,2026-07-19T05:00:00Z,2026-07-19T06:27:44Z,25.00,2026-07-18T21:00:00Z,2026-07-18T21:32:52Z,history-b858cb6f-dffa-52c6-ba8b-985e2df41b56-compact.parquet
b8630699-9d93-5a09-a968-4a261568f9d2,0x727ca267ac3c57d258cee201202889f5348d9e10758135f3e8d47d4a8605c7e3,soccer-fifwc,France vs. England - Player Props,rest,Bradley Barcola: 2+ assists,Yes|No,No,2026-07-18T21:00:00Z,2026-07-19T05:00:00Z,2026-07-19T06:22:18Z,115.91,2026-07-18T21:00:00Z,2026-07-18T21:32:08Z,history-b8630699-9d93-5a09-a968-4a261568f9d2-compact.parquet
b9f4eca9-b9c2-566d-87a1-d1db40893f79,0x1b2e2dd88d625a7d8447690b35a8ac61daaba4fb313085323c3386de303ab150,soccer-fifwc,France vs. England - Player Props,rest,Ousmane Dembélé: 1+ goals + assists,Yes|No,Yes,2026-07-18T21:00:00Z,2026-07-19T05:00:00Z,2026-07-19T06:11:32Z,2.43,2026-07-18T21:00:00Z,2026-07-18T21:32:46Z,history-b9f4eca9-b9c2-566d-87a1-d1db40893f79-compact.parquet
ba19cfff-41d3-561f-b7e3-f03f5168cfe1,0x359c9f277e5183a124f66b5826839fba6e9d7c81f95895fd694fc73ff2c1b422,soccer-fifwc,France vs. England - Player Props,rest,Désiré Doué: 5+ shots,Yes|No,No,2026-07-18T21:00:00Z,2026-07-19T05:00:00Z,2026-07-19T06:22:11Z,5.00,2026-07-18T21:00:00Z,2026-07-18T21:32:38Z,history-ba19cfff-41d3-561f-b7e3-f03f5168cfe1-compact.parquet
bc836515-1bfb-5ab7-b01b-318eba21e394,0x17cb82753aabda4aab176d4c72c5d27b030a44785f42937edac5baab3b7c6ab9,soccer-fifwc,France vs. England - Player Props,rest,Aurélien Tchouameni: 4+ shots,Yes|No,No,2026-07-18T21:00:00Z,2026-07-19T05:00:00Z,2026-07-19T06:16:57Z,5.00,2026-07-18T21:00:00Z,2026-07-18T21:33:01Z,history-bc836515-1bfb-5ab7-b01b-318eba21e394-compact.parquet
bd4dc2e1-0041-52eb-9200-99b1815f9ff3,0x1b0e29f025ad28c465d22cad422a728e48d1db94af980d9d2a6521a25a91c830,soccer-fifwc,France vs. England - Player Props,rest,Manu Koné: 2+ assists,Yes|No,No,2026-07-18T21:00:00Z,2026-07-19T05:00:00Z,2026-07-19T06:27:36Z,1960.65,2026-07-18T21:00:00Z,2026-07-18T21:32:50Z,history-bd4dc2e1-0041-52eb-9200-99b1815f9ff3-compact.parquet
c140d1e9-2b74-5661-818c-3748a260df7a,0x6512196f058444f422d4f8ed9a00ba1b48f70ed879fb2fbaac2d36e8f42e9d6b,soccer-fifwc,France vs. England - More Markets,total,France vs. England: O/U 5.5,Over|Under,Over,2026-07-18T21:00:00Z,2026-07-19T05:00:00Z,2026-07-19T06:06:20Z,299340.16,2026-07-18T21:00:00Z,2026-07-18T21:32:11Z,history-c140d1e9-2b74-5661-818c-3748a260df7a-compact.parquet
c151e9c9-d1aa-5c0a-ada4-095bd94a5f69,0xddf5c7aa8df897fb80ca3ad748f06fa341f7e3ff48dd7e850ab721d7bde94637,soccer-fifwc,France vs. England - Player Props,rest,Adrien Rabiot: 2+ shots,Yes|No,No,2026-07-18T21:00:00Z,2026-07-19T05:00:00Z,2026-07-19T06:01:03Z,57.25,2026-07-18T21:00:00Z,2026-07-18T21:32:43Z,history-c151e9c9-d1aa-5c0a-ada4-095bd94a5f69-compact.parquet
c28297d9-a0ff-5052-bbd9-11c2afb7aeaa,0x8d22f77576b97b58ae3bcc456e510da435c933fb327134c8f707eb8bb5701e63,soccer-fifwc,France vs. England - Exact Score,rest,Exact Score: France 2 - 3 England?,Yes|No,No,2026-07-18T21:00:00Z,2026-07-19T05:00:00Z,2026-07-19T06:01:11Z,836501.20,2026-07-18T21:00:00Z,2026-07-18T21:32:58Z,history-c28297d9-a0ff-5052-bbd9-11c2afb7aeaa-compact.parquet
c3c876a8-ad5f-5f12-ba29-0c0b969662e1,0x1e1020bf5e96101cc365ede1141b4d2218fba0198456441be1ed57ffafe54e51,soccer-fifwc,France vs. England - First Team to Score,rest,France vs. England: Neither team to score first?,Yes|No,No,2026-07-18T21:00:00Z,2026-07-19T05:00:00Z,2026-07-19T06:01:13Z,143592.79,2026-07-18T21:00:00Z,2026-07-18T21:32:16Z,history-c3c876a8-ad5f-5f12-ba29-0c0b969662e1-compact.parquet
c40a0315-bcaf-5bb6-b431-2eef43ef87ba,0xfeba56ac903737e9a6a85b011505e09554c510ec6e134570c2bc45cb09f7626e,soccer-fifwc,France vs. England - Player Props,rest,Théo Hernández: 1+ goals,Yes|No,No,2026-07-18T21:00:00Z,2026-07-19T05:00:00Z,2026-07-19T06:11:45Z,525.95,2026-07-18T21:00:00Z,2026-07-18T21:32:08Z,history-c40a0315-bcaf-5bb6-b431-2eef43ef87ba-compact.parquet
c46cb055-e886-5223-8951-6cbd70808295,0xafb3369d5c32dfd63f23685d5d2c46f7a55be9410f5dd72fd381ebd4580f2cb0,soccer-fifwc,France vs. England - More Markets,total:h2,France vs. England: England 2nd Half O/U 0.5,Over|Under,Over,2026-07-18T21:00:00Z,2026-07-19T05:00:00Z,2026-07-19T06:22:09Z,1353.82,2026-07-18T21:00:00Z,2026-07-18T21:32:43Z,history-c46cb055-e886-5223-8951-6cbd70808295-compact.parquet
c6885059-2d23-5441-8b38-1152436ab0a6,0xb0972c849279f1110c7578b13b8607bb4343c1caefe238a6b5e51e97d72d865f,soccer-fifwc,France vs. England - Player Props,rest,Harry Kane: 1+ goals,Yes|No,No,2026-07-18T21:00:00Z,2026-07-19T05:00:00Z,2026-07-19T06:11:36Z,109860.09,2026-07-18T21:00:00Z,2026-07-18T21:32:59Z,history-c6885059-2d23-5441-8b38-1152436ab0a6-compact.parquet
c69e9ce1-9e72-53fb-98fe-87e87512c4d3,0x24d6633c66ad97d63cbef52c7a01289cb4a1a09a827010df285d88f8edff1f00,soccer-fifwc,France vs. England - Player Props,rest,Manu Koné: 1+ assists,Yes|No,No,2026-07-18T21:00:00Z,2026-07-19T05:00:00Z,2026-07-19T06:27:35Z,184.91,2026-07-18T21:00:00Z,2026-07-18T21:33:03Z,history-c69e9ce1-9e72-53fb-98fe-87e87512c4d3-compact.parquet
c7299774-becd-5d5d-a935-ca3f44abd5dc,0x0c5224e969e4b95c8dfd78eb4a00ad9369f47731c41ba2bd5544ea61dcb97005,soccer-fifwc,France vs. England - More Markets,total:h1,France vs. England: France 1st Half O/U 1.5,Over|Under,Under,2026-07-18T21:00:00Z,2026-07-19T05:00:00Z,2026-07-19T06:01:02Z,4556.51,2026-07-18T21:00:00Z,2026-07-18T21:32:09Z,history-c7299774-becd-5d5d-a935-ca3f44abd5dc-compact.parquet
c90887e7-cfb3-513b-93d3-c6294dfdc293,0x34eef9de9d3750d6d585a449b537ae7bca5a7299ca6b0272de7a62c486d99d42,soccer-fifwc,France vs. England - Total Corners,total:corners,France vs. England: France O/U 4.5 Corners,Over|Under,Under,2026-07-18T21:00:00Z,2026-07-19T05:00:00Z,2026-07-19T06:27:49Z,17902.87,2026-07-18T21:00:00Z,2026-07-18T21:33:03Z,history-c90887e7-cfb3-513b-93d3-c6294dfdc293-compact.parquet
c9acc689-b208-51be-8778-dddec0bc099a,0x38d7e4d9f5253e955aba0086c455e26b89da3cf7eb6b997d9507f45b5c2f4956,soccer-fifwc,France vs. England - First Team to Score,rest,France to score first vs. England?,Yes|No,No,2026-07-18T21:00:00Z,2026-07-19T05:00:00Z,2026-07-19T06:01:13Z,45628.07,2026-07-18T21:00:00Z,2026-07-18T21:32:11Z,history-c9acc689-b208-51be-8778-dddec0bc099a-compact.parquet
ca676aa5-61eb-57f2-ae5f-0c3d6406b77d,0xed57ea29e6818aa0cd5936c12acbc934c97919d41563f2442637aadb613e8a74,soccer-fifwc,France vs. England - Total Corners,total:corners,France vs. England: O/U 10.5 Total Corners,Over|Under,Under,2026-07-18T21:00:00Z,2026-07-19T05:00:00Z,2026-07-19T06:06:22Z,23360.24,2026-07-18T21:00:00Z,2026-07-18T21:32:11Z,history-ca676aa5-61eb-57f2-ae5f-0c3d6406b77d-compact.parquet
ca892d08-c43b-51ba-a94e-40a30d3d25b3,0x4d692801d343afe17b96541a77381566cd42ba1e8ec5264535bbe3455dfc318f,soccer-fifwc,France vs. England - Player Props,rest,Kylian Mbappé: 1+ goals + assists,Yes|No,Yes,2026-07-18T21:00:00Z,2026-07-19T05:00:00Z,2026-07-19T06:27:48Z,346.00,2026-07-18T21:00:00Z,2026-07-18T21:32:42Z,history-ca892d08-c43b-51ba-a94e-40a30d3d25b3-compact.parquet
cb4da218-d60f-54b0-9f02-7a8c367a35b6,0x5f8384299bd9aacd0bea749d424b5aaed4a5dee5300e12b01f82b8898d9716c0,soccer-fifwc,France vs. England - Player Props,rest,Jules Koundé: 1+ shots,Yes|No,No,2026-07-18T21:00:00Z,2026-07-19T05:00:00Z,2026-07-19T06:16:53Z,650.82,2026-07-18T21:00:00Z,2026-07-18T21:32:36Z,history-cb4da218-d60f-54b0-9f02-7a8c367a35b6-compact.parquet
cdef2283-3776-5f71-a58f-9afda547594b,0xd4f3dcba6f9fbf73830bce3e237c6a1b14a882286068496f7a9f51141f6179f3,soccer-fifwc,France vs. England - Player Props,rest,Bradley Barcola: 1+ goals + assists,Yes|No,Yes,2026-07-18T21:00:00Z,2026-07-19T05:00:00Z,2026-07-19T06:27:44Z,0.00,2026-07-18T21:00:00Z,2026-07-18T21:32:16Z,history-cdef2283-3776-5f71-a58f-9afda547594b-compact.parquet
d0b05844-7d6b-5340-8704-fd5141d8008c,0x21bae7ea3a10b2b32e52ff642dd0887eecba0876c46a35b8f9b01fb874bc5d25,soccer-fifwc,France vs. England - More Markets,total,France vs. England: O/U 7.5,Over|Under,Over,2026-07-18T21:00:00Z,2026-07-19T05:00:00Z,2026-07-19T06:06:20Z,103806.68,2026-07-18T21:00:00Z,2026-07-18T21:32:45Z,history-d0b05844-7d6b-5340-8704-fd5141d8008c-compact.parquet
d26ff629-90c4-532d-8b34-16f01daefecc,0x0111ee85adc9eac85f926f07912e3efc00a6ca486c03baac9b52d6fec2a6f7da,soccer-fifwc,France vs. England - Player Props,rest,Bukayo Saka: 2+ assists,Yes|No,No,2026-07-18T21:00:00Z,2026-07-19T05:00:00Z,2026-07-19T06:22:19Z,0.00,2026-07-18T21:00:00Z,2026-07-18T21:32:34Z,history-d26ff629-90c4-532d-8b34-16f01daefecc-compact.parquet
d2e16b32-072f-51c1-82f1-2c2d3ee35305,0x708a314d3eca93ce702080cb67dc559894aeed0a9789d6271621c6ec54bafd1d,soccer-fifwc,France vs. England - More Markets,btts:h1,France vs. England: Both Teams to Score in First Half,Yes|No,No,2026-07-18T21:00:00Z,2026-07-19T05:00:00Z,2026-07-19T06:16:49Z,36087.53,2026-07-18T21:00:00Z,2026-07-18T21:32:11Z,history-d2e16b32-072f-51c1-82f1-2c2d3ee35305-compact.parquet
d2f84307-c781-5071-a4a2-04c667e16411,0x583ee771f325860986d0d7be18f62fae0e6748bffa5f56dba63a17427b7cadd1,soccer-fifwc,France vs. England - Exact Score,rest,Exact Score: France 3 - 3 England?,Yes|No,No,2026-07-18T21:00:00Z,2026-07-19T05:00:00Z,2026-07-19T06:01:02Z,1265447.43,2026-07-18T21:00:00Z,2026-07-18T21:32:59Z,history-d2f84307-c781-5071-a4a2-04c667e16411-compact.parquet
d32ccfae-d458-5d73-a518-6027712344c3,0x0fda0800bc4e6b9e17ef98cd2ae6eb7e50940b725195ab8552a74aeb88f9dd73,soccer-fifwc,France vs. England - More Markets,btts,France vs. England: Both Teams to Score,Yes|No,Yes,2026-07-18T21:00:00Z,2026-07-19T05:00:00Z,2026-07-19T06:16:49Z,1340283.30,2026-07-18T21:00:00Z,2026-07-18T21:32:59Z,history-d32ccfae-d458-5d73-a518-6027712344c3-compact.parquet
d62143b2-ea28-5920-931a-6c3e0b54c10e,0xecd2c94378d980da1995d76b08f24ea554a44bcc97d915b4443a07272f3f54c7,soccer-fifwc,France vs. England - Player Props,rest,Jules Koundé: 3+ shots,Yes|No,No,2026-07-18T21:00:00Z,2026-07-19T05:00:00Z,2026-07-19T06:16:53Z,38.14,2026-07-18T21:00:00Z,2026-07-18T21:32:50Z,history-d62143b2-ea28-5920-931a-6c3e0b54c10e-compact.parquet
d85921e1-4392-5823-b889-da548c6b1fcd,0x0b2276f35a36c63f31e66e05aad59bdb50e8d33d938f1e74991bc85880a56459,soccer-fifwc,France vs. England - Player Props,rest,Lucas Digne: 2+ shots,Yes|No,No,2026-07-18T21:00:00Z,2026-07-19T05:00:00Z,2026-07-19T06:16:53Z,2056.14,2026-07-18T21:00:00Z,2026-07-18T21:32:52Z,history-d85921e1-4392-5823-b889-da548c6b1fcd-compact.parquet
d9a4fcf4-a578-502a-960c-2b456269a797,0x23e9c06ec59f111ad31a4d1d3f94d99c8523ee7ea955650981f33c8a3cdba7bd,soccer-fifwc,France vs. England - Player Props,rest,Anthony Gordon: 5+ shots,Yes|No,No,2026-07-18T21:00:00Z,2026-07-19T05:00:00Z,2026-07-19T06:16:50Z,10.00,2026-07-18T21:00:00Z,2026-07-18T21:32:31Z,history-d9a4fcf4-a578-502a-960c-2b456269a797-compact.parquet
daf4a074-f442-5b9f-aa29-7635fb54b2be,0xaeec5d8d21679819fd506e03d24ca920d00f39d025198b06751188c35d242852,soccer-fifwc,France vs. England - More Markets,total,France vs. England: France O/U 2.5,Over|Under,Over,2026-07-18T21:00:00Z,2026-07-19T05:00:00Z,2026-07-19T06:16:59Z,389628.49,2026-07-18T21:00:00Z,2026-07-18T21:32:11Z,history-daf4a074-f442-5b9f-aa29-7635fb54b2be-compact.parquet
dbc4a1f8-b448-594b-9d74-819fb3469970,0x9e933948ae8af00802823f8d087a1822cced29df26faacbfe00229456c81a829,soccer-fifwc,France vs. England - Player Props,rest,Aurélien Tchouameni: 1+ goals,Yes|No,No,2026-07-18T21:00:00Z,2026-07-19T05:00:00Z,2026-07-19T06:22:05Z,2462.83,2026-07-18T21:00:00Z,2026-07-18T21:32:49Z,history-dbc4a1f8-b448-594b-9d74-819fb3469970-compact.parquet
dc1e8e0b-9ca4-5db0-8182-c1770481dd54,0x53ce32706b30b0c484ebf91dbb9042dbdea67838a017c38f8500fbb34babedc9,soccer-fifwc,France vs. England - Player Props,rest,Désiré Doué: 2+ assists,Yes|No,No,2026-07-18T21:00:00Z,2026-07-19T05:00:00Z,2026-07-19T06:22:19Z,0.00,2026-07-18T21:00:00Z,2026-07-18T21:32:43Z,history-dc1e8e0b-9ca4-5db0-8182-c1770481dd54-compact.parquet
dd05aa01-6338-5404-b606-6ac490b875f7,0xdd7db0fc2ee9811a71bb8de8f0e4c97b0ef28b82e6c6a538e6fa4549d86191e6,soccer-fifwc,France vs. England - Total Corners,total:corners,France vs. England: O/U 6.5 Total Corners,Over|Under,Over,2026-07-18T21:00:00Z,2026-07-19T05:00:00Z,2026-07-19T06:06:23Z,19574.89,2026-07-18T21:00:00Z,2026-07-18T21:32:33Z,history-dd05aa01-6338-5404-b606-6ac490b875f7-compact.parquet
dd37ff7a-07df-5fb5-9a5a-3e416ac3b36e,0xca5d9b3c990fea4a1ebb365af8a4dc619661f35b7bf40a672342065c279a1653,soccer-fifwc,France vs. England - Second Half Result,segment_winner:h2,France vs. England: Second half draw?,Yes|No,No,2026-07-18T21:00:00Z,2026-07-19T05:00:00Z,2026-07-19T06:01:06Z,4376.75,2026-07-18T21:00:00Z,2026-07-18T21:32:21Z,history-dd37ff7a-07df-5fb5-9a5a-3e416ac3b36e-compact.parquet
de7c6d68-1d82-5af1-8fa9-7dc025e7e7bd,0x837151e1da6d73bcdba4e39a46748e03f08a8cf5dee5018ae500166c744e979a,soccer-fifwc,France vs. England - Exact Score,rest,Exact Score: France 0 - 3 England?,Yes|No,No,2026-07-18T21:00:00Z,2026-07-19T05:00:00Z,2026-07-19T06:01:10Z,368461.57,2026-07-18T21:00:00Z,2026-07-18T21:33:03Z,history-de7c6d68-1d82-5af1-8fa9-7dc025e7e7bd-compact.parquet
e26019a5-42ee-5238-8b90-486dd3ecb254,0x038efc009860954521b46635d003d89523e277e33beaf57697f0e5ab51ab17a2,soccer-fifwc,France vs. England - Total Corners,total:corners,France vs. England: England O/U 2.5 Corners,Over|Under,Over,2026-07-18T21:00:00Z,2026-07-19T05:00:00Z,2026-07-19T06:27:21Z,1436.85,2026-07-18T21:00:00Z,2026-07-18T21:33:07Z,history-e26019a5-42ee-5238-8b90-486dd3ecb254-compact.parquet
e340f44c-3d4d-57ac-b869-c81a32803505,0xe49d89ddc624a1069777eabe621372b41be72f320ee5d10adae00f345205ca36,soccer-fifwc,France vs. England - Player Props,rest,Ousmane Dembélé: 3+ shots,Yes|No,No,2026-07-18T21:00:00Z,2026-07-19T05:00:00Z,2026-07-19T06:22:16Z,1115.27,2026-07-18T21:00:00Z,2026-07-18T21:33:04Z,history-e340f44c-3d4d-57ac-b869-c81a32803505-compact.parquet
e36b3d76-e855-5635-95ef-26ff693b82eb,0x6a533f00510aee64add5c7d414b2f300d735c1249ef0946857ce6beb97a62086,soccer-fifwc,France vs. England - Player Props,rest,Bradley Barcola: 1+ assists,Yes|No,No,2026-07-18T21:00:00Z,2026-07-19T05:00:00Z,2026-07-19T06:22:18Z,8.48,2026-07-18T21:00:00Z,2026-07-18T21:32:09Z,history-e36b3d76-e855-5635-95ef-26ff693b82eb-compact.parquet
e4c0441e-8b2c-5618-a4ce-46bb3895f30e,0x7e4ea766b8c981d82118718bb289a69818bc35bb7fb75506fe507f32613dd3cc,soccer-fifwc,France vs. England - More Markets,spread,Spread: England (-2.5),England|France,France,2026-07-18T21:00:00Z,2026-07-19T05:00:00Z,2026-07-19T06:06:17Z,233138.79,2026-07-18T21:00:00Z,2026-07-18T21:32:26Z,history-e4c0441e-8b2c-5618-a4ce-46bb3895f30e-compact.parquet
e5910220-95d8-52ab-bb08-7f0227b9cb05,0xfd51eabe3d8db908d5b7b85eadd793f7ae7d1f2ef6e5a7f0edd889a26c0bd3bf,soccer-fifwc,France vs. England - Second Half Result,segment_winner:h2,England to win the second half?,Yes|No,No,2026-07-18T21:00:00Z,2026-07-19T05:00:00Z,2026-07-19T06:01:06Z,5232.37,2026-07-18T21:00:00Z,2026-07-18T21:32:58Z,history-e5910220-95d8-52ab-bb08-7f0227b9cb05-compact.parquet
e67b5a6d-820a-5c33-93e8-08238ea76ad6,0xe9a50c4ea72633ee8eb4b20bee8734c836f1f9c97fe470bbab9f78b391e685a4,soccer-fifwc,France vs. England - More Markets,total:h1,France vs. England: England 1st Half O/U 1.5,Over|Under,Over,2026-07-18T21:00:00Z,2026-07-19T05:00:00Z,2026-07-19T06:17:01Z,8419.85,2026-07-18T21:00:00Z,2026-07-18T21:32:55Z,history-e67b5a6d-820a-5c33-93e8-08238ea76ad6-compact.parquet
e67ee64e-b61c-526c-8014-e115f43dace9,0x270d3d6b0fee08bcc811f101c7f5a00ea5b86e53ab97fdb7f0f46a8db4792fe1,soccer-fifwc,France vs. England - Player Props,rest,Désiré Doué: 1+ shots,Yes|No,No,2026-07-18T21:00:00Z,2026-07-19T05:00:00Z,2026-07-19T06:22:10Z,956.22,2026-07-18T21:00:00Z,2026-07-18T21:32:14Z,history-e67ee64e-b61c-526c-8014-e115f43dace9-compact.parquet
e696ba1f-b94d-535a-a06a-308bb6ceb354,0x6c94abf94f576d50ae0c39c07f4a1e5810c0a5c989f802132eeb9d5b3291df49,soccer-fifwc,France vs. England - Player Props,rest,Ezri Konsa: 2+ shots,Yes|No,No,2026-07-18T21:00:00Z,2026-07-19T05:00:00Z,2026-07-19T06:16:52Z,5.00,2026-07-18T21:00:00Z,2026-07-18T21:32:55Z,history-e696ba1f-b94d-535a-a06a-308bb6ceb354-compact.parquet
e80454fc-9b04-5fa8-a2be-ef021d996e19,0x650375df96cb4a2b51e548cdbb55dc0b4afffbf143f65ec11e461d20da9ec1cd,soccer-fifwc,France vs. England - More Markets,total,France vs. England: O/U 8.5,Over|Under,Over,2026-07-18T21:00:00Z,2026-07-19T05:00:00Z,2026-07-19T06:01:02Z,220188.98,2026-07-18T21:00:00Z,2026-07-18T21:32:20Z,history-e80454fc-9b04-5fa8-a2be-ef021d996e19-compact.parquet
e826a5e0-f228-5e64-b321-361fec068c84,0xd8abc234e8ae2bfe3a551920b0a650e5b9e4d95a1e69bd345b6a37f26725f1c4,soccer-fifwc,France vs. England - More Markets,total,France vs. England: England O/U 0.5,Over|Under,Over,2026-07-18T21:00:00Z,2026-07-19T05:00:00Z,2026-07-19T06:16:59Z,92030.19,2026-07-18T21:00:00Z,2026-07-18T21:32:44Z,history-e826a5e0-f228-5e64-b321-361fec068c84-compact.parquet
ea2d88f1-c0fd-5e80-9ffd-28137f7f0328,0x70084aa99e6ddc6a4cc6912f462a1404a6b179b8367288b0f4437bdf44175cab,soccer-fifwc,France vs. England - Player Props,rest,Michael Olise: 4+ shots,Yes|No,No,2026-07-18T21:00:00Z,2026-07-19T05:00:00Z,2026-07-19T06:01:03Z,2008.40,2026-07-18T21:00:00Z,2026-07-18T21:32:49Z,history-ea2d88f1-c0fd-5e80-9ffd-28137f7f0328-compact.parquet
eaefd42c-15f4-5c73-b611-9e1702328179,0x288d05ee1cfaf6188b65dbc24ae34382e788bcab3e452cbf829576b688ad8d2e,soccer-fifwc,France vs. England - Player Props,rest,Dayot Upamecano: 2+ shots,Yes|No,No,2026-07-18T21:00:00Z,2026-07-19T05:00:00Z,2026-07-19T06:16:50Z,62.25,2026-07-18T21:00:00Z,2026-07-18T21:32:20Z,history-eaefd42c-15f4-5c73-b611-9e1702328179-compact.parquet
eb807003-9522-53fc-878b-c1b612c29e0d,0x0e1336fcea55b61c2639244ce167bd3312ce28deb24988a097e708f44c3eae37,soccer-fifwc,France vs. England - Player Props,rest,Rayan Cherki: 1+ goals,Yes|No,No,2026-07-18T21:00:00Z,2026-07-19T05:00:00Z,2026-07-19T06:06:16Z,11590.69,2026-07-18T21:00:00Z,2026-07-18T21:32:49Z,history-eb807003-9522-53fc-878b-c1b612c29e0d-compact.parquet
ebb1bea6-fcd3-59c3-83e5-bca177e9ab18,0x4a899fb2f2eca324e629d38ed1f1569f3ad40ae86cae4d7b78c7669a9081d84e,soccer-fifwc,France vs. England - First Team to Score,rest,England to score first vs. France?,Yes|No,Yes,2026-07-18T21:00:00Z,2026-07-19T05:00:00Z,2026-07-19T06:22:06Z,63851.99,2026-07-18T21:00:00Z,2026-07-18T21:32:09Z,history-ebb1bea6-fcd3-59c3-83e5-bca177e9ab18-compact.parquet
ebb1ec13-f749-5c4f-b6ef-b1f32860bc22,0x3abc27f1fbbebf46fc9fa07de43d543a85bd81fc7afddd2cd40d6b4e6325af62,soccer-fifwc,France vs. England - Player Props,rest,Anthony Gordon: 2+ assists,Yes|No,No,2026-07-18T21:00:00Z,2026-07-19T05:00:00Z,2026-07-19T06:22:17Z,20.00,2026-07-18T21:00:00Z,2026-07-18T21:32:49Z,history-ebb1ec13-f749-5c4f-b6ef-b1f32860bc22-compact.parquet
ebc73518-15c8-58c9-b5c1-4ece9ab51582,0xae043fa6864803fed83d19e81bbd667a14fd44af984d78347668d957c302d646,soccer-fifwc,France vs. England - Exact Score,rest,Exact Score: France 1 - 2 England?,Yes|No,No,2026-07-18T21:00:00Z,2026-07-19T05:00:00Z,2026-07-19T06:01:10Z,518567.16,2026-07-18T21:00:00Z,2026-07-18T21:32:21Z,history-ebc73518-15c8-58c9-b5c1-4ece9ab51582-compact.parquet
ef04d2c5-9e79-5075-9a73-45164b100437,0x12a89580217b051ee1803ab65d9b7103a560b91e8aac72d170f0b3dbc202f31b,soccer-fifwc,France vs. England - More Markets,total:h1,France vs. England: France 1st Half O/U 0.5,Over|Under,Under,2026-07-18T21:00:00Z,2026-07-19T05:00:00Z,2026-07-19T06:17:01Z,8166.87,2026-07-18T21:00:00Z,2026-07-18T21:32:45Z,history-ef04d2c5-9e79-5075-9a73-45164b100437-compact.parquet
ef3e0679-80fe-5c1c-9a26-e32f8fe8f2d1,0xc24b43eb86af697de76ef361440416560970b815e6f6db2b0beda7dbeb4d2556,soccer-fifwc,France vs. England - More Markets,total,France vs. England: France O/U 1.5,Over|Under,Over,2026-07-18T21:00:00Z,2026-07-19T05:00:00Z,2026-07-19T06:16:59Z,308113.18,2026-07-18T21:00:00Z,2026-07-18T21:32:12Z,history-ef3e0679-80fe-5c1c-9a26-e32f8fe8f2d1-compact.parquet
f09385d0-44ef-5ca5-ba16-3e32bac90c7f,0x1d0b15568ef92307d21d0eba1fb603280d345d79b140755a16ed8bf566d732d1,soccer-fifwc,France vs. England - Player Props,rest,Ousmane Dembélé: 4+ shots,Yes|No,No,2026-07-18T21:00:00Z,2026-07-19T05:00:00Z,2026-07-19T06:22:16Z,809.14,2026-07-18T21:00:00Z,2026-07-18T21:32:44Z,history-f09385d0-44ef-5ca5-ba16-3e32bac90c7f-compact.parquet
f1b28f84-45c3-5204-98a3-58820c240124,0x17864643e4323a8745d94eedcf47416749adab0e05afcafc3e14a242bcd06013,soccer-fifwc,France vs. England - Player Props,rest,Kylian Mbappé: 1+ assists,Yes|No,Yes,2026-07-18T21:00:00Z,2026-07-19T05:00:00Z,2026-07-19T06:27:34Z,11031.28,2026-07-18T21:00:00Z,2026-07-18T21:32:44Z,history-f1b28f84-45c3-5204-98a3-58820c240124-compact.parquet
f2d5e684-f5be-5f5b-8141-61e9f1875f03,0xc9b169cbf2a9739bffc0581de94d38b0cfee11fb62120d26ce86c6735396db7e,soccer-fifwc,France vs. England - Player Props,rest,Ousmane Dembélé: 1+ goals,Yes|No,Yes,2026-07-18T21:00:00Z,2026-07-19T05:00:00Z,2026-07-19T06:11:44Z,83079.88,2026-07-18T21:00:00Z,2026-07-18T21:32:58Z,history-f2d5e684-f5be-5f5b-8141-61e9f1875f03-compact.parquet
f3f32a50-641a-5383-af6d-e609618f139b,0x187c0daf255d7c1fa525e092e9c687d551cb4296486e9260070a63efe926dcd7,soccer-fifwc,France vs. England - Exact Score,rest,Exact Score: France 3 - 0 England?,Yes|No,No,2026-07-18T21:00:00Z,2026-07-19T05:00:00Z,2026-07-19T06:01:10Z,420202.63,2026-07-18T21:00:00Z,2026-07-18T21:32:20Z,history-f3f32a50-641a-5383-af6d-e609618f139b-compact.parquet
f4dd716f-5ba5-5390-adc7-e0c4f5a8c6a9,0x2c224310292ceefa15ddf2177d63cbe7e60f17c05469befbc3ef3275a7618a41,soccer-fifwc,France vs. England - Player Props,rest,Adrien Rabiot: 4+ shots,Yes|No,No,2026-07-18T21:00:00Z,2026-07-19T05:00:00Z,2026-07-19T06:16:48Z,5.00,2026-07-18T21:00:00Z,2026-07-18T21:32:51Z,history-f4dd716f-5ba5-5390-adc7-e0c4f5a8c6a9-compact.parquet
f5063a7f-c9ba-5c09-867d-5b92e4b832a3,0x7b44b67941c961e8ba8108cef992a9f4485ce6841e18d01dddaaab8d219d7a23,soccer-fifwc,France vs. England - Player Props,rest,Kylian Mbappé: 1+ goals,Yes|No,Yes,2026-07-18T21:00:00Z,2026-07-19T05:00:00Z,2026-07-19T06:11:37Z,656438.85,2026-07-18T21:00:00Z,2026-07-18T21:32:58Z,history-f5063a7f-c9ba-5c09-867d-5b92e4b832a3-compact.parquet
f78f9872-4dcf-5ff7-8842-c79e9c747125,0xd9e9f21ae14fb4f834ae45a69ecf33dfe3f412583eb978f5e59b2d085d47869e,soccer-fifwc,France vs. England - More Markets,total:h2,France vs. England: 2nd Half O/U 0.5,Over|Under,Over,2026-07-18T21:00:00Z,2026-07-19T05:00:00Z,2026-07-19T06:22:07Z,798.96,2026-07-18T21:00:00Z,2026-07-18T21:32:43Z,history-f78f9872-4dcf-5ff7-8842-c79e9c747125-compact.parquet
f960e325-fce0-5c81-8838-be799f2397aa,0x3fc5e97157ab6b9075acf597a15dba5cb0170a1ad9a642f48f7f4fbcdfb890c8,soccer-fifwc,France vs. England - Player Props,rest,Bradley Barcola: 1+ goals,Yes|No,Yes,2026-07-18T21:00:00Z,2026-07-19T05:00:00Z,2026-07-19T06:06:28Z,5260.70,2026-07-18T21:00:00Z,2026-07-18T21:32:57Z,history-f960e325-fce0-5c81-8838-be799f2397aa-compact.parquet
f980492b-bb81-5a98-91ea-d6801f5ca5be,0xfe958848fa93b3f6e72324a41958086017ac719da493caf5327b51d1134aac49,soccer-fifwc,France vs. England - Player Props,rest,Noni Madueke: 1+ assists,Yes|No,No,2026-07-18T21:00:00Z,2026-07-19T05:00:00Z,2026-07-19T06:27:37Z,5.26,2026-07-18T21:00:00Z,2026-07-18T21:32:51Z,history-f980492b-bb81-5a98-91ea-d6801f5ca5be-compact.parquet
faac0016-e7bb-58c5-9cfc-a371935c5678,0x081b163988ef8cdba50dbcf6df67cc12ad59334a05156b14e28ab533d98b3856,soccer-fifwc,France vs. England - Player Props,rest,Rayan Cherki: 3+ goals,Yes|No,No,2026-07-18T21:00:00Z,2026-07-19T05:00:00Z,2026-07-19T06:11:44Z,480.04,2026-07-18T21:00:00Z,2026-07-18T21:32:21Z,history-faac0016-e7bb-58c5-9cfc-a371935c5678-compact.parquet
faf204a6-3633-5f86-8283-bf26b7f7117f,0x876b702590694c1a9a99a868862346c010a8cd04d65dddb6eefaaed9ed5351ae,soccer-fifwc,France vs. England - Player Props,rest,Harry Kane: 1+ shots,Yes|No,No,2026-07-18T21:00:00Z,2026-07-19T05:00:00Z,2026-07-19T06:22:11Z,2612.14,2026-07-18T21:00:00Z,2026-07-18T21:32:08Z,history-faf204a6-3633-5f86-8283-bf26b7f7117f-compact.parquet
fbddd7df-3c9b-59f1-abf7-78ced97c16f5,0x0fe2ec70a5ac5861825fddaf9c2d1f7f2c42ba4802e047c922134146f64bb0e1,soccer-fifwc,France vs. England - Player Props,rest,Aurélien Tchouameni: 4+ goals + assists,Yes|No,No,2026-07-18T21:00:00Z,2026-07-19T05:00:00Z,2026-07-19T06:27:31Z,35.00,2026-07-18T21:00:00Z,2026-07-18T21:32:38Z,history-fbddd7df-3c9b-59f1-abf7-78ced97c16f5-compact.parquet
fc3f05dd-15d6-5121-9ba2-2d385d2ad98c,0x5bdb9e16b1f592903c6f64d943ca710d89c86f830dea2d879ff7a318c9c6aa59,soccer-fifwc,France vs. England - Player Props,rest,Désiré Doué: 1+ assists,Yes|No,No,2026-07-18T21:00:00Z,2026-07-19T05:00:00Z,2026-07-19T06:22:19Z,1663.20,2026-07-18T21:00:00Z,2026-07-18T21:32:45Z,history-fc3f05dd-15d6-5121-9ba2-2d385d2ad98c-compact.parquet
fd88c5f5-192c-5521-89a7-04f1e7cdc4bf,0x054b54f66c0bf2339e69fdf475b9c880c721c164173a458f033c645a776e15b8,soccer-fifwc,France vs. England - Player Props,rest,Adrien Rabiot: 1+ assists,Yes|No,No,2026-07-18T21:00:00Z,2026-07-19T05:00:00Z,2026-07-19T06:22:17Z,805.18,2026-07-18T21:00:00Z,2026-07-18T21:32:08Z,history-fd88c5f5-192c-5521-89a7-04f1e7cdc4bf-compact.parquet
fdddeca5-a2df-5787-b40b-ad37965d754a,0x6e614f2b7e38a2898020a5ecb81d7349e34a4518b5d714481e57ac2f91995d9f,soccer-fifwc,France vs. England - Total Corners,rest,France vs. England: Total Corners Odd or Even?,Odd|Even,Odd,2026-07-18T21:00:00Z,2026-07-19T05:00:00Z,2026-07-19T06:06:25Z,3236.81,2026-07-18T21:00:00Z,2026-07-18T21:32:20Z,history-fdddeca5-a2df-5787-b40b-ad37965d754a-compact.parquet
fdfb87ba-cbda-5b62-843c-0fdaef58638d,0x5c9cf180d84610d3963c35161be39fd1f0b1717c024b449f0e542afdc00a5e1c,soccer-fifwc,France vs. England - Player Props,rest,Harry Kane: 3+ shots,Yes|No,No,2026-07-18T21:00:00Z,2026-07-19T05:00:00Z,2026-07-19T06:22:11Z,3921.26,2026-07-18T21:00:00Z,2026-07-18T21:32:50Z,history-fdfb87ba-cbda-5b62-843c-0fdaef58638d-compact.parquet
ff232223-6828-54e8-b323-33124a52cfd6,0xbb57141504023e97a5dffc134575fd71e2b28ac792806bba7c5dec9ba37d2de1,soccer-fifwc,France vs. England - Total Corners,total:corners,France vs. England: O/U 7.5 Total Corners,Over|Under,Under,2026-07-18T21:00:00Z,2026-07-19T05:00:00Z,2026-07-19T06:06:20Z,18093.16,2026-07-18T21:00:00Z,2026-07-18T21:32:09Z,history-ff232223-6828-54e8-b323-33124a52cfd6-compact.parquet
ffa76b13-8153-5551-8d65-5bb412af9bbc,0x163ac8aac2e9b32d95f9f5b15b3c98a7d867e8a0afc0fc0a9550d67fd88bed39,soccer-fifwc,France vs. England - Player Props,rest,Marcus Rashford: 2+ assists,Yes|No,No,2026-07-18T21:00:00Z,2026-07-19T05:00:00Z,2026-07-19T06:27:36Z,25.00,2026-07-18T21:00:00Z,2026-07-18T21:32:09Z,history-ffa76b13-8153-5551-8d65-5bb412af9bbc-compact.parquet
01afb8df-d033-58fe-8806-ba5fb79b7a58,0x829c1d2d2ebb62b6379533f42078c25496b3b109926c0b4ded7471e5c83359f4,soccer-fifwc,Spain vs. Argentina - Player Props,rest,Rodrigo de Paul: 1+ shots on target,Yes|No,No,2026-07-19T19:00:00Z,2026-07-20T03:00:00Z,2026-07-19T22:29:19Z,320.00,2026-07-19T19:00:00Z,2026-07-19T22:28:11Z,history-01afb8df-d033-58fe-8806-ba5fb79b7a58-compact.parquet
0304e7b2-37ab-5d40-a603-f929fc28f129,0xa9b67b71629be17c17e702f0e8e2f7f450c780a893b0494caaf7341858a65a59,soccer-fifwc,Spain vs. Argentina - Total Corners,total:corners:h2,Spain vs. Argentina: 2nd Half O/U 5.5 Total Corners,Over|Under,Over,2026-07-19T19:00:00Z,2026-07-20T03:00:00Z,2026-07-19T22:31:18Z,424.73,2026-07-19T19:00:00Z,2026-07-19T22:31:13Z,history-0304e7b2-37ab-5d40-a603-f929fc28f129-compact.parquet
03a808ee-c6a8-53b0-8ef0-d099cc413a04,0x4e4f57b7cf7b1d8735f9fe5ecb7d11254f468a2e70957c2755ebf586b479ac1f,soccer-fifwc,Spain vs. Argentina - Player Props,rest,Cucurella: 1+ shots,Yes|No,Yes,2026-07-19T19:00:00Z,2026-07-20T03:00:00Z,2026-07-19T22:30:18Z,1285.06,2026-07-19T19:00:00Z,2026-07-19T22:29:33Z,history-03a808ee-c6a8-53b0-8ef0-d099cc413a04-compact.parquet
057c7731-7be5-5d10-8b17-9e2f525427f5,0x22a6fde00dd56895832f85680292db2302db99297a6188b6c76ad9c59cb376e2,soccer-fifwc,Spain vs. Argentina - Player Props,rest,Dani Olmo: 1+ goals,Yes|No,No,2026-07-19T19:00:00Z,2026-07-20T03:00:00Z,2026-07-19T22:28:18Z,9823.55,2026-07-19T19:00:00Z,2026-07-19T22:27:38Z,history-057c7731-7be5-5d10-8b17-9e2f525427f5-compact.parquet
05dab988-3eb7-51ab-88d9-13a645d00500,0xa29e27b2c6a0d64c9781a326287bbee14c81a9f08b59ceafd785851249a18b1f,soccer-fifwc,Spain vs. Argentina - Player Props,rest,Julián Álvarez: 1+ shots,Yes|No,No,2026-07-19T19:00:00Z,2026-07-20T03:00:00Z,2026-07-19T22:28:57Z,2879.35,2026-07-19T19:00:00Z,2026-07-19T22:28:03Z,history-05dab988-3eb7-51ab-88d9-13a645d00500-compact.parquet
05e5c047-a6ec-5d86-a56a-c775db730e7c,0x8e5ca27d3dc12409efec1afd6e198ffa2c71122e57c45e3c89e50cf80137a6b1,soccer-fifwc,Spain vs. Argentina - Exact Score,rest,Exact Score: Spain 3 - 1 Argentina?,Yes|No,No,2026-07-19T19:00:00Z,2026-07-20T03:00:00Z,2026-07-19T22:27:47Z,1136516.78,2026-07-19T19:00:00Z,2026-07-19T22:26:34Z,history-05e5c047-a6ec-5d86-a56a-c775db730e7c-compact.parquet
07e44cc1-800a-57eb-a370-5c6ab32dc98e,0x392b0b5b48989e2208978535ce82ed77ceaea60a3e906ffe201c129a6621f2bb,soccer-fifwc,Spain vs. Argentina - More Markets,spread,Spread: Spain (-1.5),Spain|Argentina,Argentina,2026-07-19T19:00:00Z,2026-07-20T03:00:00Z,2026-07-19T22:22:28Z,3210655.51,2026-07-19T19:00:00Z,2026-07-19T22:21:36Z,history-07e44cc1-800a-57eb-a370-5c6ab32dc98e-compact.parquet
099443ef-fa34-590e-8af3-4a15baaa3d60,0x4f33ba728fcb47e667ea346570a9aa20377da50ac574f96f4f4ab8fbef25f584,soccer-fifwc,Spain vs. Argentina - Player Props,rest,Alex Baena: 3+ shots,Yes|No,No,2026-07-19T19:00:00Z,2026-07-20T03:00:00Z,2026-07-19T22:26:15Z,1628.03,2026-07-19T19:00:00Z,2026-07-19T22:25:37Z,history-099443ef-fa34-590e-8af3-4a15baaa3d60-compact.parquet
0b2176cc-7e4e-505f-805d-ee876eba139f,0x0a0dab7290baf4a515358418f2f065cb921a975432d1e10a5d511c9fbe11c182,soccer-fifwc,Spain vs. Argentina - More Markets,btts:h2,Spain vs. Argentina: Both Teams to Score in Second Half,Yes|No,No,2026-07-19T19:00:00Z,2026-07-20T03:00:00Z,2026-07-19T22:31:26Z,275834.06,2026-07-19T19:00:00Z,2026-07-19T22:31:15Z,history-0b2176cc-7e4e-505f-805d-ee876eba139f-compact.parquet
0bcc3937-0f5c-518c-8a34-cd6b9791f948,0xca08824809fa5d83d4947e7671f1c57985ab1eeec4f745f2d9ffdf7cf0006c6e,soccer-fifwc,Spain vs. Argentina - Player Props,rest,Alex Baena: 1+ goals,Yes|No,No,2026-07-19T19:00:00Z,2026-07-20T03:00:00Z,2026-07-19T22:27:47Z,1405.18,2026-07-19T19:00:00Z,2026-07-19T22:27:23Z,history-0bcc3937-0f5c-518c-8a34-cd6b9791f948-compact.parquet
0cc54622-2833-5d11-96f5-a385f638b549,0xeca1da57a6e8dbf47600978bf19c89a6e6bc94b778b315378788f1c1bfca4661,soccer-fifwc,Spain vs. Argentina - Player Props,rest,Ferrán Torres: 4+ goals + assists,Yes|No,No,2026-07-19T19:00:00Z,2026-07-20T03:00:00Z,2026-07-19T22:17:46Z,0.00,2026-07-19T19:00:00Z,2026-07-19T22:16:45Z,history-0cc54622-2833-5d11-96f5-a385f638b549-compact.parquet
0dcf17ae-0271-5986-beab-22bc77583f56,0x60dd9eb4bcc94c6f9e9ecd8d2ddf2b290f1adba1cdcc566f5e2284606db39a41,soccer-fifwc,Spain vs. Argentina - More Markets,total,Spain vs. Argentina: O/U 6.5,Over|Under,Under,2026-07-19T19:00:00Z,2026-07-20T03:00:00Z,2026-07-19T22:25:47Z,252822.57,2026-07-19T19:00:00Z,2026-07-19T22:25:14Z,history-0dcf17ae-0271-5986-beab-22bc77583f56-compact.parquet
0ea70c19-891d-5119-94ff-6847dca307a5,0xe62646ad864e0a177377c1eaf577a5f09a5653540079385126562b9d41a19f38,soccer-fifwc,Spain vs. Argentina - Player Props,rest,Pedro Porro: 1+ shots on target,Yes|No,No,2026-07-19T19:00:00Z,2026-07-20T03:00:00Z,2026-07-19T22:31:40Z,45.00,2026-07-19T19:00:00Z,2026-07-19T22:31:08Z,history-0ea70c19-891d-5119-94ff-6847dca307a5-compact.parquet
0faff546-3978-596b-b91f-0f9c60fb50e5,0x608eeb4ba9c51a69e12777f94cfd3c17da762dd4f51ebb2181cbf99d503f214b,soccer-fifwc,Spain vs. Argentina - Player Props,rest,Fabián Ruiz: 1+ goals + assists,Yes|No,No,2026-07-19T19:00:00Z,2026-07-20T03:00:00Z,2026-07-19T22:24:30Z,1.02,2026-07-19T19:00:00Z,2026-07-19T22:23:36Z,history-0faff546-3978-596b-b91f-0f9c60fb50e5-compact.parquet
115e61c2-6384-5346-89bb-5bf55f4376f6,0xbf9c0a26d03c4a9d6a5512bbb524a819f83a3edaa20178dd5e69268d12c771a2,soccer-fifwc,Spain vs. Argentina - Player Props,rest,Enzo Fernández: 1+ shots,Yes|No,No,2026-07-19T19:00:00Z,2026-07-20T03:00:00Z,2026-07-19T22:27:44Z,2947.57,2026-07-19T19:00:00Z,2026-07-19T22:27:37Z,history-115e61c2-6384-5346-89bb-5bf55f4376f6-compact.parquet
1313ebcd-48b4-58dd-91aa-5c2e1a13ce99,0xec3953cea653518a9ced077f391a51903071a6e347b984fc9a368fe0cd59917f,soccer-fifwc,Spain vs. Argentina - Player Props,rest,Lamine Yamal: 4+ goals + assists,Yes|No,No,2026-07-19T19:00:00Z,2026-07-20T03:00:00Z,2026-07-19T22:27:06Z,0.00,2026-07-19T19:00:00Z,2026-07-19T22:26:44Z,history-1313ebcd-48b4-58dd-91aa-5c2e1a13ce99-compact.parquet
13984aa6-12d1-5853-885b-8d87fd167a10,0x717569d3968e4c53350c39a49949c0e4b39adb992ad09f26fd03d63daa88a37d,soccer-fifwc,Spain vs. Argentina - Player Props,rest,Enzo Fernández: 1+ assists,Yes|No,No,2026-07-19T19:00:00Z,2026-07-20T03:00:00Z,2026-07-19T22:24:15Z,19903.16,2026-07-19T19:00:00Z,2026-07-19T22:23:25Z,history-13984aa6-12d1-5853-885b-8d87fd167a10-compact.parquet
151a43a4-d02c-5164-b89a-af4ecf8d83d5,0xa4eca9260d4d493faf3ec5ef550d25306ff059b0fc0b9cd9c9b0e0ece3ab9a2a,soccer-fifwc,Spain vs. Argentina - Player Props,rest,Lionel Messi: 3+ goals + assists,Yes|No,No,2026-07-19T19:00:00Z,2026-07-20T03:00:00Z,2026-07-19T22:27:09Z,900.84,2026-07-19T19:00:00Z,2026-07-19T22:26:34Z,history-151a43a4-d02c-5164-b89a-af4ecf8d83d5-compact.parquet
15361327-9503-5342-807d-20ed815d4606,0x8dfebe04a1f4ffc6574545b2403a59edd9fcf84066233df089233213cd1f6eca,soccer-fifwc,Spain vs. Argentina - More Markets,total,Spain vs. Argentina: Argentina O/U 1.5,Over|Under,Under,2026-07-19T19:00:00Z,2026-07-20T03:00:00Z,2026-07-19T22:26:01Z,330052.54,2026-07-19T19:00:00Z,2026-07-19T22:24:44Z,history-15361327-9503-5342-807d-20ed815d4606-compact.parquet
1562889b-ce84-5f1a-a673-29d0cde29def,0xc257178009958c2fac63c8cd9edd7c5c5edb3e1affedc0cc0405629055da9a46,soccer-fifwc,Spain vs. Argentina - Player Props,rest,Enzo Fernández: 1+ goals,Yes|No,No,2026-07-19T19:00:00Z,2026-07-20T03:00:00Z,2026-07-19T22:24:30Z,22575.70,2026-07-19T19:00:00Z,2026-07-19T22:24:01Z,history-1562889b-ce84-5f1a-a673-29d0cde29def-compact.parquet
1673bc07-9176-5a44-ac2d-15c8750aa8d5,0x698bdeabf6e74114e5a6a127dc0a83578ad8193b14b6a4ebde811fcd63a8d5ce,soccer-fifwc,Spain vs. Argentina - Total Corners,total:corners,Spain vs. Argentina: Spain O/U 4.5 Corners,Over|Under,Over,2026-07-19T19:00:00Z,2026-07-20T03:00:00Z,2026-07-19T22:31:27Z,25476.39,2026-07-19T19:00:00Z,2026-07-19T22:30:56Z,history-1673bc07-9176-5a44-ac2d-15c8750aa8d5-compact.parquet
17502481-cbfa-568c-b560-24c9fe3aa81a,0xe2eb95f51ecc57dcafacb4d511f9eda566bc487792a695c86a6367e5970a2af5,soccer-fifwc,Spain vs. Argentina - More Markets,total:h1,Spain vs. Argentina: 1st Half O/U 2.5,Over|Under,Under,2026-07-19T19:00:00Z,2026-07-20T03:00:00Z,2026-07-19T22:31:22Z,31078.46,2026-07-19T19:00:00Z,2026-07-19T22:31:12Z,history-17502481-cbfa-568c-b560-24c9fe3aa81a-compact.parquet
180223d4-ba2d-53b6-b04f-1a1ae224ff3a,0x7d79452916ec5e8f103fa416f1ab72cd9e05db54674361e0f250f285e72ab349,soccer-fifwc,Spain vs. Argentina - Player Props,rest,Nahuel Molina: 2+ shots,Yes|No,No,2026-07-19T19:00:00Z,2026-07-20T03:00:00Z,2026-07-19T22:28:29Z,79.71,2026-07-19T19:00:00Z,2026-07-19T22:27:38Z,history-180223d4-ba2d-53b6-b04f-1a1ae224ff3a-compact.parquet
188f5360-9b68-5090-834a-9fbb21e2b93f,0xed1d2d38ae84ce38f05f91750a986cf5c728c237de146c99515d3b0dee96a5d4,soccer-fifwc,Spain vs. Argentina - Player Props,rest,Mikel Oyarzabal: 1+ goals + assists,Yes|No,No,2026-07-19T19:00:00Z,2026-07-20T03:00:00Z,2026-07-19T22:28:07Z,195.43,2026-07-19T19:00:00Z,2026-07-19T22:27:40Z,history-188f5360-9b68-5090-834a-9fbb21e2b93f-compact.parquet
18f2bdf3-ae07-571c-83b9-d920eac67285,0x16fa9be65c79b1947ab649ca91c6a746775c021a7576c688e82ebf337f8d2b9b,soccer-fifwc,Spain vs. Argentina - Player Props,rest,Cristian Romero: 1+ shots on target,Yes|No,No,2026-07-19T19:00:00Z,2026-07-20T03:00:00Z,2026-07-19T22:28:13Z,280.74,2026-07-19T19:00:00Z,2026-07-19T22:27:29Z,history-18f2bdf3-ae07-571c-83b9-d920eac67285-compact.parquet
19c9aac4-c30d-524f-a9fc-269cc811e6bf,0x79adc3a7cd8c111d71a573b56cf31d43822c2b2353b1ba21468186eba8561beb,soccer-fifwc,Spain vs. Argentina - Total Corners,total:corners,Spain vs. Argentina: Spain O/U 5.5 Corners,Over|Under,Over,2026-07-19T19:00:00Z,2026-07-20T03:00:00Z,2026-07-19T22:29:20Z,2759.10,2026-07-19T19:00:00Z,2026-07-19T22:28:15Z,history-19c9aac4-c30d-524f-a9fc-269cc811e6bf-compact.parquet
1a017b3a-1057-59e0-8cf9-ccf2be26373f,0x55994a51c81b2439e7172eefdb3cd50dcd6eb4e6db1e8f0938e3e1e282d0964a,soccer-fifwc,Spain vs. Argentina - Player Props,rest,Lamine Yamal: 1+ shots on target,Yes|No,Yes,2026-07-19T19:00:00Z,2026-07-20T03:00:00Z,2026-07-19T22:28:47Z,407.38,2026-07-19T19:00:00Z,2026-07-19T22:27:33Z,history-1a017b3a-1057-59e0-8cf9-ccf2be26373f-compact.parquet
1a2b4f45-87e7-5ae6-8e31-3c68d314e011,0x8c700112c536c54f2630f7ef6c2af7fda72c122fc7d26aa446f9d5f3ac156b10,soccer-fifwc,Spain vs. Argentina - More Markets,total,Spain vs. Argentina: O/U 1.5,Over|Under,Under,2026-07-19T19:00:00Z,2026-07-20T03:00:00Z,2026-07-19T22:22:22Z,2087856.05,2026-07-19T19:00:00Z,2026-07-19T22:21:43Z,history-1a2b4f45-87e7-5ae6-8e31-3c68d314e011-compact.parquet
1ceb05d5-6a8e-5379-96c6-cac6eeb0256e,0x35c320bba79906d2f91ac0836b443ffd8a9fb06f42ecb396daa1dec40f92bfbf,soccer-fifwc,Spain vs. Argentina - Player Props,rest,Alex Baena: 3+ goals + assists,Yes|No,No,2026-07-19T19:00:00Z,2026-07-20T03:00:00Z,2026-07-19T22:24:04Z,0.00,2026-07-19T19:00:00Z,2026-07-19T22:23:28Z,history-1ceb05d5-6a8e-5379-96c6-cac6eeb0256e-compact.parquet
1d89e309-a0e9-531d-8b16-69ddc30636f8,0x6da624db4b70e4dc13780b01b6474ae86fe7515936b0f32092dc73b6f44dbf0b,soccer-fifwc,Spain vs. Argentina - Player Props,rest,Lautaro Martínez: 2+ assists,Yes|No,No,2026-07-19T19:00:00Z,2026-07-20T03:00:00Z,2026-07-19T22:27:49Z,0.00,2026-07-19T19:00:00Z,2026-07-19T22:27:49Z,history-1d89e309-a0e9-531d-8b16-69ddc30636f8-compact.parquet
1d90b07d-63bd-5b2f-a62a-506b0a7be453,0xcff6075dba1ecacb9467590e3b6d3f080473e24e56b74842a2fcf83b8e8fc19d,soccer-fifwc,Spain vs. Argentina - Player Props,rest,Nicolás Paz: 1+ goals,Yes|No,No,2026-07-19T19:00:00Z,2026-07-20T03:00:00Z,2026-07-19T22:24:20Z,454.77,2026-07-19T19:00:00Z,2026-07-19T22:24:13Z,history-1d90b07d-63bd-5b2f-a62a-506b0a7be453-compact.parquet
1f39713f-ba82-5ad0-9532-d5e7a982781d,0x9195c9dee38e39e4f5824396d9338852131f998d7ba2d0684c011294b85ca2fb,soccer-fifwc,Spain vs. Argentina - More Markets,total:h1,Spain vs. Argentina: Argentina 1st Half O/U 0.5,Over|Under,Under,2026-07-19T19:00:00Z,2026-07-20T03:00:00Z,2026-07-19T22:30:48Z,20957.55,2026-07-19T19:00:00Z,2026-07-19T22:30:40Z,history-1f39713f-ba82-5ad0-9532-d5e7a982781d-compact.parquet
1fef4110-2dc3-5fee-bd9e-10a1739e9d8e,0xda5dd1c36a684320ca59258a268f15cd1965787c2ad6a044fc018d2ef08c99b3,soccer-fifwc,Spain vs. Argentina - Player Props,rest,Nicolás González: 2+ assists,Yes|No,No,2026-07-19T19:00:00Z,2026-07-20T03:00:00Z,2026-07-19T22:27:53Z,0.00,2026-07-19T19:00:00Z,2026-07-19T22:27:15Z,history-1fef4110-2dc3-5fee-bd9e-10a1739e9d8e-compact.parquet
21c986a6-dff1-54a5-897e-80e142e7fd47,0xbee2906514c661fdfba7c936ee9f1cd893cc7cc2e822d861818ca4437f1119c8,soccer-fifwc,Spain vs. Argentina - Player Props,rest,Lamine Yamal: 3+ goals,Yes|No,No,2026-07-19T19:00:00Z,2026-07-20T03:00:00Z,2026-07-19T22:27:05Z,213636.14,2026-07-19T19:00:00Z,2026-07-19T22:26:43Z,history-21c986a6-dff1-54a5-897e-80e142e7fd47-compact.parquet
21d56208-8d88-5b59-bbf2-8a1fce2d4c4b,0x3de6b6e7b737c31ef0492e44ee33be01ad65effeb71f2979e233c5b87089c8cc,soccer-fifwc,Spain vs. Argentina - Total Corners,total:corners,Spain vs. Argentina: Argentina O/U 2.5 Corners,Over|Under,Under,2026-07-19T19:00:00Z,2026-07-20T03:00:00Z,2026-07-19T22:29:21Z,7476.25,2026-07-19T19:00:00Z,2026-07-19T22:28:23Z,history-21d56208-8d88-5b59-bbf2-8a1fce2d4c4b-compact.parquet
2219bac2-f8cb-569d-8a12-0dc95a6348c3,0x797b7f12b58affd193d234b12ce934cf355c47619a48816acebe3cb928cb425a,soccer-fifwc,Spain vs. Argentina - More Markets,total:h2,Spain vs. Argentina: Spain 2nd Half O/U 1.5,Over|Under,Under,2026-07-19T19:00:00Z,2026-07-20T03:00:00Z,2026-07-19T22:31:14Z,658.28,2026-07-19T19:00:00Z,2026-07-19T22:30:43Z,history-2219bac2-f8cb-569d-8a12-0dc95a6348c3-compact.parquet
225dfbd4-09e9-5c4f-b0ed-01f6ebe5a386,0x1f4d48abd877ffe97ca7fd6fccbc48bef6a92023c80cec03788f7bed6404ee9f,soccer-fifwc,Spain vs. Argentina - Player Props,rest,Mikel Merino: 3+ goals + assists,Yes|No,No,2026-07-19T19:00:00Z,2026-07-20T03:00:00Z,2026-07-19T22:21:55Z,0.00,2026-07-19T19:00:00Z,2026-07-19T22:20:35Z,history-225dfbd4-09e9-5c4f-b0ed-01f6ebe5a386-compact.parquet
228c5546-206a-5ca3-a1e5-1ecf55fb2dcc,0xbbf1c77477ea73fcdb15d3debe0c291a7202e0da2a775b933fdbc7ac7a30209f,soccer-fifwc,Spain vs. Argentina - Player Props,rest,Mikel Oyarzabal: 1+ shots,Yes|No,Yes,2026-07-19T19:00:00Z,2026-07-20T03:00:00Z,2026-07-19T22:28:24Z,3179.48,2026-07-19T19:00:00Z,2026-07-19T22:27:38Z,history-228c5546-206a-5ca3-a1e5-1ecf55fb2dcc-compact.parquet
22e081b0-b44e-54f7-94c3-7eb5c3dea3b7,0x7ab6e89bc4fa35533e91238584b54c620fe128cbc4bbaef219cb0b99fd28ee10,soccer-fifwc,Spain vs. Argentina - Player Props,rest,Dani Olmo: 3+ goals,Yes|No,No,2026-07-19T19:00:00Z,2026-07-20T03:00:00Z,2026-07-19T22:23:58Z,60.00,2026-07-19T19:00:00Z,2026-07-19T22:23:39Z,history-22e081b0-b44e-54f7-94c3-7eb5c3dea3b7-compact.parquet
2355bceb-1181-5c31-8fa9-5c20c7a280af,0x6fb0eb8c5709c0e9a5e3a7d30019fbbfc12a25feb5b4ba07e1968cd81fde5974,soccer-fifwc,Spain vs. Argentina - Player Props,rest,Lionel Messi: 2+ assists,Yes|No,No,2026-07-19T19:00:00Z,2026-07-20T03:00:00Z,2026-07-19T22:27:29Z,60721.43,2026-07-19T19:00:00Z,2026-07-19T22:26:14Z,history-2355bceb-1181-5c31-8fa9-5c20c7a280af-compact.parquet
23d70206-e0a3-53ee-954f-3323ddbeb02c,0x4ba7b44cc4d9f794b37372095d1f935311ae7ce07ad9c29c487b81cec8788cef,soccer-fifwc,Spain vs. Argentina - Player Props,rest,Rodri: 1+ shots,Yes|No,Yes,2026-07-19T19:00:00Z,2026-07-20T03:00:00Z,2026-07-19T22:28:52Z,836.06,2026-07-19T19:00:00Z,2026-07-19T22:27:57Z,history-23d70206-e0a3-53ee-954f-3323ddbeb02c-compact.parquet
25bfc6e1-e2ca-53c5-a16c-30ddc570eade,0xe2fd0670f2e79f633f62371dbf16f84fc41a0ba8bcc719ca835ffac31fa874ca,soccer-fifwc,Spain vs. Argentina - Player Props,rest,Lamine Yamal: 2+ assists,Yes|No,No,2026-07-19T19:00:00Z,2026-07-20T03:00:00Z,2026-07-19T22:27:18Z,11780.56,2026-07-19T19:00:00Z,2026-07-19T22:26:27Z,history-25bfc6e1-e2ca-53c5-a16c-30ddc570eade-compact.parquet
25d07142-af22-5310-a5ec-1a5079c85430,0x4237fb7ba469f66f5190d3d3729314a4292f89342a7ad7a59bfc62463f57250b,soccer-fifwc,Spain vs. Argentina - Player Props,rest,Thiago Almada: 1+ goals,Yes|No,No,2026-07-19T19:00:00Z,2026-07-20T03:00:00Z,2026-07-19T22:24:27Z,66.93,2026-07-19T19:00:00Z,2026-07-19T22:24:25Z,history-25d07142-af22-5310-a5ec-1a5079c85430-compact.parquet
260fddf0-5c33-5371-8025-588fd67e5bab,0x09f7d38d33112c1fc05772e32857173da5d3f565e6e1c503b20dfbfc8f5d0be1,soccer-fifwc,Spain vs. Argentina - Player Props,rest,Ferrán Torres: 3+ goals,Yes|No,No,2026-07-19T19:00:00Z,2026-07-20T03:00:00Z,2026-07-19T22:23:59Z,1386.80,2026-07-19T19:00:00Z,2026-07-19T22:23:28Z,history-260fddf0-5c33-5371-8025-588fd67e5bab-compact.parquet
264ef088-9cb8-51a6-a26b-3ddf13aed772,0x6bf4c13d6a452819916fec4a26a55c146bf74117ffd2a0928f2be5beb118069e,soccer-fifwc,Spain vs. Argentina - Player Props,rest,Ferrán Torres: 1+ assists,Yes|No,No,2026-07-19T19:00:00Z,2026-07-20T03:00:00Z,2026-07-19T22:22:00Z,426.16,2026-07-19T19:00:00Z,2026-07-19T22:20:41Z,history-264ef088-9cb8-51a6-a26b-3ddf13aed772-compact.parquet
2858fa6b-be5e-53a0-af2c-7773c52a12f2,0x750f495779adfc70a508af943bedb6e4759c9daaf067fd794f053d7e4505c717,soccer-fifwc,Spain vs. Argentina - More Markets,total,Spain vs. Argentina: O/U 2.5,Over|Under,Under,2026-07-19T19:00:00Z,2026-07-20T03:00:00Z,2026-07-19T22:22:07Z,3373012.20,2026-07-19T19:00:00Z,2026-07-19T22:21:42Z,history-2858fa6b-be5e-53a0-af2c-7773c52a12f2-compact.parquet
28747312-9e9a-55c2-9977-d4d3ade80d6f,0xfb1784549b791057341e2e65e74ed728c871e7730c17289f44f85011e9e2f57f,soccer-fifwc,Spain vs. Argentina - Player Props,rest,Lionel Messi: 1+ shots,Yes|No,No,2026-07-19T19:00:00Z,2026-07-20T03:00:00Z,2026-07-19T22:29:14Z,36000.51,2026-07-19T19:00:00Z,2026-07-19T22:28:20Z,history-28747312-9e9a-55c2-9977-d4d3ade80d6f-compact.parquet
29043509-df79-5787-84e5-48d5a5e22f9f,0x0da19e794db993fa8cd918d198038b46268a73015bc2685b1c6f6f84e2edf2dc,soccer-fifwc,Spain vs. Argentina - Player Props,rest,Enzo Fernández: 3+ shots,Yes|No,No,2026-07-19T19:00:00Z,2026-07-20T03:00:00Z,2026-07-19T22:26:10Z,5258.52,2026-07-19T19:00:00Z,2026-07-19T22:25:10Z,history-29043509-df79-5787-84e5-48d5a5e22f9f-compact.parquet
29aadf6a-0fef-5556-9694-3832a1ec0c2b,0xb5e8106065788002f46933838a5cfab2efd7454d09f4987318d8be70d27b9713,soccer-fifwc,Spain vs. Argentina - Player Props,rest,Julián Álvarez: 3+ shots,Yes|No,No,2026-07-19T19:00:00Z,2026-07-20T03:00:00Z,2026-07-19T22:28:24Z,80.39,2026-07-19T19:00:00Z,2026-07-19T22:27:31Z,history-29aadf6a-0fef-5556-9694-3832a1ec0c2b-compact.parquet
2a4f3606-6a01-5d8a-aa8d-112b6be66abd,0x4bb2aec2b1de96e3297dab018b43cd35533176d49d98f53f51e8df204c00a88c,soccer-fifwc,Spain vs. Argentina - Player Props,rest,Lionel Messi: 2+ shots,Yes|No,No,2026-07-19T19:00:00Z,2026-07-20T03:00:00Z,2026-07-19T22:28:26Z,7384.59,2026-07-19T19:00:00Z,2026-07-19T22:27:40Z,history-2a4f3606-6a01-5d8a-aa8d-112b6be66abd-compact.parquet
2bae9cd0-70b2-555a-87bc-d8745b66b030,0xa72019f8319036050a40c490d149c4e6d71eee0bb8b0ac6d2038a197e47f3a29,soccer-fifwc,Spain vs. Argentina - Player Props,rest,Mikel Oyarzabal: 3+ goals + assists,Yes|No,No,2026-07-19T19:00:00Z,2026-07-20T03:00:00Z,2026-07-19T22:25:52Z,0.00,2026-07-19T19:00:00Z,2026-07-19T22:24:43Z,history-2bae9cd0-70b2-555a-87bc-d8745b66b030-compact.parquet
2cb56879-1210-529c-bf11-1ebf386481f7,0x6ee9e36a2d868707a3a69cd11fd6f83a9897319b1024d3ad7d35ea199ef6632f,soccer-fifwc,Spain vs. Argentina - Player Props,rest,Julián Álvarez: 3+ goals + assists,Yes|No,No,2026-07-19T19:00:00Z,2026-07-20T03:00:00Z,2026-07-19T22:24:21Z,0.00,2026-07-19T19:00:00Z,2026-07-19T22:23:57Z,history-2cb56879-1210-529c-bf11-1ebf386481f7-compact.parquet
2e60cf66-43ba-5749-9a11-3aa2def0ba27,0x0b193edb37fa469466c77e26e7e6f7a6b217903fb007be14e597feeb0a925e1f,soccer-fifwc,Spain vs. Argentina - More Markets,total:h2,Spain vs. Argentina: 2nd Half O/U 1.5,Over|Under,Under,2026-07-19T19:00:00Z,2026-07-20T03:00:00Z,2026-07-19T22:30:49Z,20795.45,2026-07-19T19:00:00Z,2026-07-19T22:30:15Z,history-2e60cf66-43ba-5749-9a11-3aa2def0ba27-compact.parquet
2f8b5718-0e22-5053-a8c9-2e6e8a177ba4,0x91a293d684b1f913f3fc3cdd7763f91a6efc1275953ee6428f91c1d4aa6f502a,soccer-fifwc,Spain vs. Argentina - Player Props,rest,Alex Baena: 3+ goals,Yes|No,No,2026-07-19T19:00:00Z,2026-07-20T03:00:00Z,2026-07-19T22:23:54Z,20.00,2026-07-19T19:00:00Z,2026-07-19T22:23:36Z,history-2f8b5718-0e22-5053-a8c9-2e6e8a177ba4-compact.parquet
2f9f928b-a304-56a8-af80-a9bab68487d9,0x92c477e920da8d64103aa8df2dc7a985b198301fd509c23c13652ac48a8bf58d,soccer-fifwc,Spain vs. Argentina - Player Props,rest,Lamine Yamal: 3+ goals + assists,Yes|No,No,2026-07-19T19:00:00Z,2026-07-20T03:00:00Z,2026-07-19T22:21:45Z,0.00,2026-07-19T19:00:00Z,2026-07-19T22:21:10Z,history-2f9f928b-a304-56a8-af80-a9bab68487d9-compact.parquet
30149c7b-66ef-5f58-adf1-76355b6163a9,0x1e7ce5f2bf5f973e62c55d51916896ca6d256953e32fbb7201658d1c9d7e5c31,soccer-fifwc,Spain vs. Argentina - Total Corners,total:corners,Spain vs. Argentina: O/U 11.5 Total Corners,Over|Under,Under,2026-07-19T19:00:00Z,2026-07-20T03:00:00Z,2026-07-19T22:25:57Z,4490.92,2026-07-19T19:00:00Z,2026-07-19T22:25:11Z,history-30149c7b-66ef-5f58-adf1-76355b6163a9-compact.parquet
3150c89d-beb0-55cc-9e1c-dcdf4f883dec,0x72e28d52368943c4b04f07353d2cc4215a1b16c8c78be5b48766ca8fa1c4614a,soccer-fifwc,Spain vs. Argentina - Player Props,rest,Nico Williams: 3+ goals + assists,Yes|No,No,2026-07-19T19:00:00Z,2026-07-20T03:00:00Z,2026-07-19T22:21:57Z,0.00,2026-07-19T19:00:00Z,2026-07-19T22:20:31Z,history-3150c89d-beb0-55cc-9e1c-dcdf4f883dec-compact.parquet
31ca401d-fb77-55c0-a985-bafa0bfc3c1e,0x608f4b57c0f4304675973a8ad09581c7227fe4dc72c9f1dc921590cd66d056ef,soccer-fifwc,Spain vs. Argentina - Player Props,rest,Lionel Messi: 2+ goals,Yes|No,No,2026-07-19T19:00:00Z,2026-07-20T03:00:00Z,2026-07-19T22:27:23Z,630169.20,2026-07-19T19:00:00Z,2026-07-19T22:26:09Z,history-31ca401d-fb77-55c0-a985-bafa0bfc3c1e-compact.parquet
34b0135b-765a-56f7-9567-726383bfbec0,0x7c6b7633f99f22a4814c9c386e2b5931ce9e051448ad7fd0d51e7edadb9fc4d4,soccer-fifwc,Spain vs. Argentina - Player Props,rest,Lamine Yamal: 3+ shots,Yes|No,Yes,2026-07-19T19:00:00Z,2026-07-20T03:00:00Z,2026-07-19T22:30:17Z,14592.26,2026-07-19T19:00:00Z,2026-07-19T22:30:13Z,history-34b0135b-765a-56f7-9567-726383bfbec0-compact.parquet
35793ce8-2279-5bc7-8410-1253b412acae,0xf07409bcd123749cad5aa63adb1eb3cb5e752a7ebf18b29726e11b4ddb44fc40,soccer-fifwc,Spain vs. Argentina - Player Props,rest,Leandro Paredes: 3+ shots,Yes|No,No,2026-07-19T19:00:00Z,2026-07-20T03:00:00Z,2026-07-19T22:28:34Z,2197.07,2026-07-19T19:00:00Z,2026-07-19T22:27:32Z,history-35793ce8-2279-5bc7-8410-1253b412acae-compact.parquet
36ad16f4-8c37-5f3c-8249-389252d910fa,0x855ff5921e5c043342c7399fd7bdbc617e7a6f4e4641675303234f347c4a8196,soccer-fifwc,Spain vs. Argentina - Player Props,rest,Nico Williams: 2+ goals,Yes|No,No,2026-07-19T19:00:00Z,2026-07-20T03:00:00Z,2026-07-19T22:22:13Z,627.63,2026-07-19T19:00:00Z,2026-07-19T22:21:31Z,history-36ad16f4-8c37-5f3c-8249-389252d910fa-compact.parquet
3708b2f5-141c-50c8-babe-2694e24db3eb,0x345815138056b01963a35d9b797b4eaeb67332beb8e3c9a60e3885de0b4da3f6,soccer-fifwc,Spain vs. Argentina - Player Props,rest,Enzo Fernández: 1+ goals + assists,Yes|No,No,2026-07-19T19:00:00Z,2026-07-20T03:00:00Z,2026-07-19T22:23:59Z,0.00,2026-07-19T19:00:00Z,2026-07-19T22:23:43Z,history-3708b2f5-141c-50c8-babe-2694e24db3eb-compact.parquet
377ba8c9-0c48-5c8e-91e6-a74a90b27587,0xf4566899254b840c8c5a7e5cb5d12194fb03179a934fda8784990e53bef51cbd,soccer-fifwc,Spain vs. Argentina - Player Props,rest,Fabián Ruiz: 2+ goals + assists,Yes|No,No,2026-07-19T19:00:00Z,2026-07-20T03:00:00Z,2026-07-19T22:22:33Z,0.00,2026-07-19T19:00:00Z,2026-07-19T22:21:51Z,history-377ba8c9-0c48-5c8e-91e6-a74a90b27587-compact.parquet
39157db0-71be-50ac-9447-2c434bf7d62a,0x417b5575a44e401c7eb3748c42ae79e3a797e1f20926bbf369ec33f73a61c145,soccer-fifwc,Spain vs. Argentina - Exact Score,rest,Exact Score: Spain 3 - 3 Argentina?,Yes|No,No,2026-07-19T19:00:00Z,2026-07-20T03:00:00Z,2026-07-19T22:28:50Z,7144498.05,2026-07-19T19:00:00Z,2026-07-19T22:27:14Z,history-39157db0-71be-50ac-9447-2c434bf7d62a-compact.parquet
3a3828bd-3e1e-5848-97e2-085e90523a43,0x64ae6964dd1a8d4f46f669095e83008f208e84e29014ab042156c084de7103b5,soccer-fifwc,Spain vs. Argentina - Exact Score,rest,Exact Score: Spain 0 - 3 Argentina?,Yes|No,No,2026-07-19T19:00:00Z,2026-07-20T03:00:00Z,2026-07-19T22:27:41Z,1930773.65,2026-07-19T19:00:00Z,2026-07-19T22:26:54Z,history-3a3828bd-3e1e-5848-97e2-085e90523a43-compact.parquet
3bcef062-4689-52db-85b9-2d085360711f,0x3debf266b82a36526198c4c92d33aff40e81ca5a433624b11f0d1639e7432783,soccer-fifwc,Spain vs. Argentina - Player Props,rest,Lionel Messi: 5+ shots,Yes|No,No,2026-07-19T19:00:00Z,2026-07-20T03:00:00Z,2026-07-19T22:28:42Z,1389.75,2026-07-19T19:00:00Z,2026-07-19T22:27:36Z,history-3bcef062-4689-52db-85b9-2d085360711f-compact.parquet
3bed2be1-584a-54e5-8f40-f482d00c4bf2,0x0735d1ad775e4b5ca97318217e9194b58150a2b4c9ce554a4e3eb212744ea2ae,soccer-fifwc,Spain vs. Argentina - Player Props,rest,Lamine Yamal: 1+ goals + assists,Yes|No,No,2026-07-19T19:00:00Z,2026-07-20T03:00:00Z,2026-07-19T22:24:31Z,0.00,2026-07-19T19:00:00Z,2026-07-19T22:23:51Z,history-3bed2be1-584a-54e5-8f40-f482d00c4bf2-compact.parquet
3bfdf505-3091-5145-bce6-bdccc21f8a05,0x69bd21a6f56c11d44c429c3ee76f0244e65954a3f5a9985a248ceb18ca09f2ec,soccer-fifwc,Spain vs. Argentina - Player Props,rest,Lautaro Martínez: 1+ goals,Yes|No,No,2026-07-19T19:00:00Z,2026-07-20T03:00:00Z,2026-07-19T22:24:10Z,62071.15,2026-07-19T19:00:00Z,2026-07-19T22:23:21Z,history-3bfdf505-3091-5145-bce6-bdccc21f8a05-compact.parquet
3c1dce52-518c-534d-aedd-2ac2deb22026,0x1d632941af3669fda25e7a3fc4442efc9f37fe2104f5b82c96328a6ec69d815e,soccer-fifwc,Spain vs. Argentina - Player Props,rest,Giovani Lo Celso: 1+ goals,Yes|No,No,2026-07-19T19:00:00Z,2026-07-20T03:00:00Z,2026-07-19T22:21:07Z,1299.22,2026-07-19T19:00:00Z,2026-07-19T22:20:31Z,history-3c1dce52-518c-534d-aedd-2ac2deb22026-compact.parquet
3c27163e-e94c-5b7d-a9e0-f737495c3046,0x9e20d07bbab84d5dc145ba2476acaebc726baa0ac6761517e0816e158d2921a5,soccer-fifwc,Spain vs. Argentina - Player Props,rest,Lionel Messi: 1+ goals + assists,Yes|No,No,2026-07-19T19:00:00Z,2026-07-20T03:00:00Z,2026-07-19T22:23:07Z,371.65,2026-07-19T19:00:00Z,2026-07-19T22:22:42Z,history-3c27163e-e94c-5b7d-a9e0-f737495c3046-compact.parquet
3db85deb-f932-530d-af0b-c8be72dc921a,0x5f7782738931aec21ee18388558a33ea71e8cf19a768e58a38d5eeab8adbd750,soccer-fifwc,Spain vs. Argentina - Player Props,rest,Nicolás González: 2+ goals,Yes|No,No,2026-07-19T19:00:00Z,2026-07-20T03:00:00Z,2026-07-19T22:22:18Z,532.51,2026-07-19T19:00:00Z,2026-07-19T22:21:40Z,history-3db85deb-f932-530d-af0b-c8be72dc921a-compact.parquet
3f74ce22-692f-5d5c-8568-3f85fdb3004f,0xe219995a8db9eb990b601c2cf4292cdcf68882daaffe4954dfef5b5ab9cffbe6,soccer-fifwc,Spain vs. Argentina - Player Props,rest,Alexis Mac Allister: 2+ shots,Yes|No,No,2026-07-19T19:00:00Z,2026-07-20T03:00:00Z,2026-07-19T22:31:36Z,2930.48,2026-07-19T19:00:00Z,2026-07-19T22:31:24Z,history-3f74ce22-692f-5d5c-8568-3f85fdb3004f-compact.parquet
3f81c9a0-ff6f-5ed6-9b5a-9f0017f70a7a,0xa8c67f7b7aeae2cc41d8b9bcea2a5eccc39413f68b1576a9a39a91b57fe6cb62,soccer-fifwc,Spain vs. Argentina - Player Props,rest,Giovani Lo Celso: 2+ goals,Yes|No,No,2026-07-19T19:00:00Z,2026-07-20T03:00:00Z,2026-07-19T22:21:46Z,120.00,2026-07-19T19:00:00Z,2026-07-19T22:20:45Z,history-3f81c9a0-ff6f-5ed6-9b5a-9f0017f70a7a-compact.parquet
41d2e100-27c7-535b-8faf-8aacbb90ae9a,0xcadabca9fe43ed7936d563920ce71143860f4cbde2d8563827a9eddbbac423a1,soccer-fifwc,Spain vs. Argentina - Player Props,rest,Mikel Merino: 3+ goals,Yes|No,No,2026-07-19T19:00:00Z,2026-07-20T03:00:00Z,2026-07-19T22:27:14Z,323.70,2026-07-19T19:00:00Z,2026-07-19T22:26:10Z,history-41d2e100-27c7-535b-8faf-8aacbb90ae9a-compact.parquet
454b7f6c-ba4b-5eba-a8ac-4a7117e42d19,0x6b3752d2cae9040a0ccba6a772a78ddb539d9a5c4601ae4f56da9a94ea43466a,soccer-fifwc,Spain vs. Argentina - Total Corners,total:corners,Spain vs. Argentina: Argentina O/U 3.5 Corners,Over|Under,Under,2026-07-19T19:00:00Z,2026-07-20T03:00:00Z,2026-07-19T22:29:15Z,78846.26,2026-07-19T19:00:00Z,2026-07-19T22:28:47Z,history-454b7f6c-ba4b-5eba-a8ac-4a7117e42d19-compact.parquet
457e5bea-94fb-5776-8eb8-ac5cdb5ac24b,0x344885568a8cc91aec79b73617865a9e1e2455de0ffbcea9e13ad41d9f8203af,soccer-fifwc,Spain vs. Argentina - More Markets,total,Spain vs. Argentina: Argentina O/U 2.5,Over|Under,Under,2026-07-19T19:00:00Z,2026-07-20T03:00:00Z,2026-07-19T22:25:42Z,275162.51,2026-07-19T19:00:00Z,2026-07-19T22:25:11Z,history-457e5bea-94fb-5776-8eb8-ac5cdb5ac24b-compact.parquet
45f766ae-b9f7-54f9-8ae8-a3f3d88523c3,0x85cf9b29d8965bf6c1bced11f192dd7f21d02075f18b9590da08a335ba37df42,soccer-fifwc,Spain vs. Argentina - Player Props,rest,Alex Baena: 2+ goals,Yes|No,No,2026-07-19T19:00:00Z,2026-07-20T03:00:00Z,2026-07-19T22:22:13Z,1623.33,2026-07-19T19:00:00Z,2026-07-19T22:21:51Z,history-45f766ae-b9f7-54f9-8ae8-a3f3d88523c3-compact.parquet
474f1ff7-6968-530e-934c-0b415058c491,0x86f34ab96a61a63bcfdd36d05123e58b97e6d582c14eaac342184dab20e25141,soccer-fifwc,Spain vs. Argentina - More Markets,total,Spain vs. Argentina: O/U 8.5,Over|Under,Under,2026-07-19T19:00:00Z,2026-07-20T03:00:00Z,2026-07-19T22:25:36Z,285335.28,2026-07-19T19:00:00Z,2026-07-19T22:24:57Z,history-474f1ff7-6968-530e-934c-0b415058c491-compact.parquet
47ac2fd4-7eff-520f-a6a0-1d986a872950,0xa4673071b9d6bb93fa955c7ad2f01edccf9dce458ec668157d6238b92a482683,soccer-fifwc,Spain vs. Argentina - First Team to Score,rest,Spain to score first vs. Argentina?,Yes|No,No,2026-07-19T19:00:00Z,2026-07-20T03:00:00Z,2026-07-19T22:27:47Z,107307.49,2026-07-19T19:00:00Z,2026-07-19T22:26:31Z,history-47ac2fd4-7eff-520f-a6a0-1d986a872950-compact.parquet
4a0184f5-a867-58e4-adff-975429b0cd7b,0x7e04f4955e6d8b0b09a90dc09517858fdd53c1c2326464777f25e34837640f89,soccer-fifwc,Spain vs. Argentina - Player Props,rest,Mikel Merino: 2+ assists,Yes|No,No,2026-07-19T19:00:00Z,2026-07-20T03:00:00Z,2026-07-19T22:27:13Z,0.00,2026-07-19T19:00:00Z,2026-07-19T22:26:43Z,history-4a0184f5-a867-58e4-adff-975429b0cd7b-compact.parquet
4a07a297-33f4-50a7-b5ab-5b9a349cf416,0x5e6c5563f9365a113ec8ffb30bff6b9e2bd87a87c1355d0935e84098a4a746bd,soccer-fifwc,Spain vs. Argentina - Player Props,rest,Ferrán Torres: 1+ goals + assists,Yes|No,No,2026-07-19T19:00:00Z,2026-07-20T03:00:00Z,2026-07-19T22:23:01Z,0.00,2026-07-19T19:00:00Z,2026-07-19T22:22:30Z,history-4a07a297-33f4-50a7-b5ab-5b9a349cf416-compact.parquet
4a435cc4-e592-568d-9bc9-ffc3a5d19581,0x4f79a17dcde51411a4be9f918b559de0d6c9c963d693c3b65b183875a2fc77a2,soccer-fifwc,Spain vs. Argentina - Player Props,rest,Ferrán Torres: 3+ goals + assists,Yes|No,No,2026-07-19T19:00:00Z,2026-07-20T03:00:00Z,2026-07-19T22:23:53Z,0.00,2026-07-19T19:00:00Z,2026-07-19T22:23:12Z,history-4a435cc4-e592-568d-9bc9-ffc3a5d19581-compact.parquet
4d00a1e4-79b8-5f08-9ec9-f398b7feef76,0x0a528f23b794be3c9df78031e56082cc8bac9529590724ce85dfad4adf0bc5c1,soccer-fifwc,Spain vs. Argentina - Player Props,rest,Lamine Yamal: 4+ shots,Yes|No,No,2026-07-19T19:00:00Z,2026-07-20T03:00:00Z,2026-07-19T22:30:05Z,1083.61,2026-07-19T19:00:00Z,2026-07-19T22:29:33Z,history-4d00a1e4-79b8-5f08-9ec9-f398b7feef76-compact.parquet
4e06a881-41ed-580d-aa37-6bdd0fe3d24a,0xec7d11f3551c04aae895bf9b0c6f6e00cb17532fd0a5c94c353e868fac1d389c,soccer-fifwc,Spain vs. Argentina - Player Props,rest,Nico Williams: 1+ goals,Yes|No,No,2026-07-19T19:00:00Z,2026-07-20T03:00:00Z,2026-07-19T22:22:12Z,1942.54,2026-07-19T19:00:00Z,2026-07-19T22:21:52Z,history-4e06a881-41ed-580d-aa37-6bdd0fe3d24a-compact.parquet
4e42f3d8-926d-5ca3-8734-796a71bed23e,0xd457a37126a1d777bb5e721fce556e08feec0a083a28c5b80f9e203dfbb79f03,soccer-fifwc,Spain vs. Argentina - Player Props,rest,Dani Olmo: 2+ assists,Yes|No,No,2026-07-19T19:00:00Z,2026-07-20T03:00:00Z,2026-07-19T22:24:05Z,3177.05,2026-07-19T19:00:00Z,2026-07-19T22:23:38Z,history-4e42f3d8-926d-5ca3-8734-796a71bed23e-compact.parquet
4e75ef1b-e720-5113-ade8-259d2a0006af,0x067e2a7a4285378b606cd13ffaae7fb0b970050f93e0533c1a4bb61c43c22e22,soccer-fifwc,Spain vs. Argentina - Player Props,rest,Mikel Oyarzabal: 2+ assists,Yes|No,No,2026-07-19T19:00:00Z,2026-07-20T03:00:00Z,2026-07-19T22:26:13Z,0.00,2026-07-19T19:00:00Z,2026-07-19T22:25:46Z,history-4e75ef1b-e720-5113-ade8-259d2a0006af-compact.parquet
4e780cb1-947d-589a-8ab0-722a022badb1,0x3317c03ccc8824f6303b229129fa2071f3991547e5d45c8ae880373da5d1a605,soccer-fifwc,Spain vs. Argentina - Player Props,rest,Lamine Yamal: 2+ goals,Yes|No,No,2026-07-19T19:00:00Z,2026-07-20T03:00:00Z,2026-07-19T22:21:50Z,267588.58,2026-07-19T19:00:00Z,2026-07-19T22:20:58Z,history-4e780cb1-947d-589a-8ab0-722a022badb1-compact.parquet
4f21c485-f3a8-5f78-9821-142bfdd3eb65,0xdb6ff0562db86bfa12bdc569ca1ed49ba2eae5e1e153d1f07cdbc8572adfd3e0,soccer-fifwc,Spain vs. Argentina - Player Props,rest,Fabián Ruiz: 4+ goals + assists,Yes|No,No,2026-07-19T19:00:00Z,2026-07-20T03:00:00Z,2026-07-19T22:23:02Z,0.00,2026-07-19T19:00:00Z,2026-07-19T22:22:22Z,history-4f21c485-f3a8-5f78-9821-142bfdd3eb65-compact.parquet
4f6b933e-7049-5b0e-99dc-bd6a93743304,0x3a81ed2b44dd1e030e3e7bf0e79863bcb0ceab16b17684f28458d0adb6825700,soccer-fifwc,Spain vs. Argentina - Player Props,rest,Alexis Mac Allister: 4+ goals + assists,Yes|No,No,2026-07-19T19:00:00Z,2026-07-20T03:00:00Z,2026-07-19T22:24:04Z,0.00,2026-07-19T19:00:00Z,2026-07-19T22:23:17Z,history-4f6b933e-7049-5b0e-99dc-bd6a93743304-compact.parquet
4f9d7e03-5c8f-58d5-a2ce-c4a2ec68920a,0xa945c515f314232a9f265a62cf27b979b3e6dedaf78c230fb0754c6ee87dd805,soccer-fifwc,Spain vs. Argentina - Player Props,rest,Pedro Porro: 2+ shots,Yes|No,No,2026-07-19T19:00:00Z,2026-07-20T03:00:00Z,2026-07-19T22:30:11Z,86.04,2026-07-19T19:00:00Z,2026-07-19T22:29:37Z,history-4f9d7e03-5c8f-58d5-a2ce-c4a2ec68920a-compact.parquet
4fdf47bd-c724-5d53-9b4f-134320d1f65d,0x4d04ebe823fe301118b061561ee09ad4372118199dc62896c90e9cd4aee0421f,soccer-fifwc,Spain vs. Argentina - Halftime Result,rest,Argentina leading at halftime?,Yes|No,No,2026-07-19T19:00:00Z,2026-07-20T03:00:00Z,2026-07-19T22:31:23Z,158575.55,2026-07-19T19:00:00Z,2026-07-19T22:30:41Z,history-4fdf47bd-c724-5d53-9b4f-134320d1f65d-compact.parquet
52d6cb03-e7ca-5563-acd0-b335c4042e0c,0x7c3718c8397a339598f070953ad22355879e879aadd38adbf8a591dd2b390dbd,soccer-fifwc,Spain vs. Argentina - Total Corners,total:corners,Spain vs. Argentina: O/U 10.5 Total Corners,Over|Under,Under,2026-07-19T19:00:00Z,2026-07-20T03:00:00Z,2026-07-19T22:26:07Z,40606.64,2026-07-19T19:00:00Z,2026-07-19T22:25:15Z,history-52d6cb03-e7ca-5563-acd0-b335c4042e0c-compact.parquet
53f7ed5b-cbc9-576c-ac59-3ee6b518b586,0xbd0f3193c8dbbc4e4c2fa7c71b0e1b0569e0351105adff5a353b19dab26bf78e,soccer-fifwc,Spain vs. Argentina - More Markets,spread,Spread: Spain (-3.5),Spain|Argentina,Argentina,2026-07-19T19:00:00Z,2026-07-20T03:00:00Z,2026-07-19T22:22:07Z,203449.57,2026-07-19T19:00:00Z,2026-07-19T22:21:21Z,history-53f7ed5b-cbc9-576c-ac59-3ee6b518b586-compact.parquet
5416eca2-e4ea-5223-be12-f22fd9b1a698,0xf2ea6234d6afa9bf54b16df2c011608f6e7d06f2bd3a2263b1001d4ce7bbf398,soccer-fifwc,Spain vs. Argentina - More Markets,spread,Spread: Argentina (-2.5),Argentina|Spain,Spain,2026-07-19T19:00:00Z,2026-07-20T03:00:00Z,2026-07-19T22:22:35Z,547864.64,2026-07-19T19:00:00Z,2026-07-19T22:22:10Z,history-5416eca2-e4ea-5223-be12-f22fd9b1a698-compact.parquet
5485f1fc-9c15-5c9e-8983-ac07c8a0acff,0x49e944cece808ecacb9f1553ca32fd7f0e0c2efd807f2c8c88fee2444ad99331,soccer-fifwc,Spain vs. Argentina - Player Props,rest,Dani Olmo: 3+ shots,Yes|No,No,2026-07-19T19:00:00Z,2026-07-20T03:00:00Z,2026-07-19T22:30:15Z,22.20,2026-07-19T19:00:00Z,2026-07-19T22:29:46Z,history-5485f1fc-9c15-5c9e-8983-ac07c8a0acff-compact.parquet
5553af05-4b02-549f-9546-120ca74ce243,0x420647570b9d2782b1c198e639bd9f17b6a79a30597e8bc602ab80587b13274e,soccer-fifwc,Spain vs. Argentina - More Markets,total:h1,Spain vs. Argentina: Argentina 1st Half O/U 1.5,Over|Under,Under,2026-07-19T19:00:00Z,2026-07-20T03:00:00Z,2026-07-19T22:30:15Z,22571.90,2026-07-19T19:00:00Z,2026-07-19T22:29:36Z,history-5553af05-4b02-549f-9546-120ca74ce243-compact.parquet
5680248a-a4cf-51cd-aede-f85aaa246cfb,0x8e1a6b6f9110e76031a84edee45491faa7c1965333f0baf6261eaff4c1ef75f0,soccer-fifwc,Spain vs. Argentina - Exact Score,rest,Exact Score: Spain 0 - 2 Argentina?,Yes|No,No,2026-07-19T19:00:00Z,2026-07-20T03:00:00Z,2026-07-19T22:27:48Z,726609.42,2026-07-19T19:00:00Z,2026-07-19T22:26:34Z,history-5680248a-a4cf-51cd-aede-f85aaa246cfb-compact.parquet
568de29d-1b98-5609-b57d-f476845856a8,0x64a6a5bf374df3575e1831d5074a56f2ebf47a02aa52ab7891c5f1c4f05d4609,soccer-fifwc,Spain vs. Argentina - More Markets,total,Spain vs. Argentina: Spain O/U 2.5,Over|Under,Under,2026-07-19T19:00:00Z,2026-07-20T03:00:00Z,2026-07-19T22:26:06Z,91365.70,2026-07-19T19:00:00Z,2026-07-19T22:25:38Z,history-568de29d-1b98-5609-b57d-f476845856a8-compact.parquet
581a1da8-f4fc-596d-b6f8-05a3912b6d35,0xc5bd117a9c860198214058c16b838e579a8752d28f25fa21def9bd9efeb60472,soccer-fifwc,Spain vs. Argentina - Player Props,rest,Lamine Yamal: 1+ shots,Yes|No,Yes,2026-07-19T19:00:00Z,2026-07-20T03:00:00Z,2026-07-19T22:28:59Z,5083.84,2026-07-19T19:00:00Z,2026-07-19T22:28:01Z,history-581a1da8-f4fc-596d-b6f8-05a3912b6d35-compact.parquet
582dc7e7-a2a3-5980-8813-cc97417d504c,0x562959ccec9b871d9e12d461740376e0ce3729b8ffd7d68f845121a2671e777e,soccer-fifwc,Spain vs. Argentina - More Markets,spread,Spread: Spain (-2.5),Spain|Argentina,Argentina,2026-07-19T19:00:00Z,2026-07-20T03:00:00Z,2026-07-19T22:22:23Z,535199.96,2026-07-19T19:00:00Z,2026-07-19T22:22:09Z,history-582dc7e7-a2a3-5980-8813-cc97417d504c-compact.parquet
585b1f68-c6b7-58f0-8dcf-53cda6cac714,0xdcee04ea6f28e4322e14edb897fb5acba0d93aa6e60206756dbc47d39bdf1250,soccer-fifwc,Spain vs. Argentina - Player Props,rest,Giuliano Simeone: 2+ goals + assists,Yes|No,No,2026-07-19T19:00:00Z,2026-07-20T03:00:00Z,2026-07-19T22:25:52Z,0.00,2026-07-19T19:00:00Z,2026-07-19T22:25:30Z,history-585b1f68-c6b7-58f0-8dcf-53cda6cac714-compact.parquet
595617c4-c38a-5cb4-a97a-02faffe2bcdf,0x4c54ac301954adc6de72e6ad4e2a84a7b388fa78135f0d325cd362babfe45f28,soccer-fifwc,Spain vs. Argentina - Player Props,rest,Dani Olmo: 1+ assists,Yes|No,No,2026-07-19T19:00:00Z,2026-07-20T03:00:00Z,2026-07-19T22:24:21Z,30526.80,2026-07-19T19:00:00Z,2026-07-19T22:24:15Z,history-595617c4-c38a-5cb4-a97a-02faffe2bcdf-compact.parquet
59dabe67-4de0-5b3c-8cd5-081c609738af,0x303c287ff1dd387c0921b4dd84a3ec69e2d9ed6f6604d0667a3758effa55ed38,soccer-fifwc,Spain vs. Argentina - Total Corners,total:corners,Spain vs. Argentina: O/U 8.5 Total Corners,Over|Under,Over,2026-07-19T19:00:00Z,2026-07-20T03:00:00Z,2026-07-19T22:26:17Z,302060.52,2026-07-19T19:00:00Z,2026-07-19T22:25:35Z,history-59dabe67-4de0-5b3c-8cd5-081c609738af-compact.parquet
5a3fd733-be9e-56fa-b7b0-c9f802360b3a,0xe52a5023abecb46bfee493ca5a73fce34c3f48404f394279f1d7c81fb20b36f1,soccer-fifwc,Spain vs. Argentina - Player Props,rest,Julián Álvarez: 2+ shots,Yes|No,No,2026-07-19T19:00:00Z,2026-07-20T03:00:00Z,2026-07-19T22:28:13Z,9677.61,2026-07-19T19:00:00Z,2026-07-19T22:27:14Z,history-5a3fd733-be9e-56fa-b7b0-c9f802360b3a-compact.parquet
5a5068f8-00cc-5568-9d34-272f4f4b1a3d,0x687967971d8bc035d66477c435778fa200ede4ce4b028521fd58b2be8bf3f723,soccer-fifwc,Spain vs. Argentina - More Markets,spread,Spread: Argentina (-1.5),Argentina|Spain,Spain,2026-07-19T19:00:00Z,2026-07-20T03:00:00Z,2026-07-19T22:22:13Z,526251.44,2026-07-19T19:00:00Z,2026-07-19T22:21:26Z,history-5a5068f8-00cc-5568-9d34-272f4f4b1a3d-compact.parquet
5a9a91b7-70e8-5eae-b1ad-88ae2b121c5d,0x97fd6e2966ac723638ea8d13365fee62c7b096ddd8ed5ee805a87bee4a9be941,soccer-fifwc,Spain vs. Argentina - More Markets,spread,Spread: Spain (-5.5),Spain|Argentina,Argentina,2026-07-19T19:00:00Z,2026-07-20T03:00:00Z,2026-07-19T22:22:24Z,59885.75,2026-07-19T19:00:00Z,2026-07-19T22:21:43Z,history-5a9a91b7-70e8-5eae-b1ad-88ae2b121c5d-compact.parquet
5b521e1f-2379-51dd-b79c-8302cfb88746,0x0bcefbac7a782d0561ecae70624fbb86e326ad092a0c390a942a7d3accfa9cdc,soccer-fifwc,Spain vs. Argentina - Player Props,rest,Nico Williams: 2+ goals + assists,Yes|No,No,2026-07-19T19:00:00Z,2026-07-20T03:00:00Z,2026-07-19T22:25:48Z,0.00,2026-07-19T19:00:00Z,2026-07-19T22:24:34Z,history-5b521e1f-2379-51dd-b79c-8302cfb88746-compact.parquet
5b9d7dd4-0990-5124-910d-9c8915bec863,0xc302f748c30fcf92d9db421c29be338ab5fe3407e87519d7f65a7fcfaa57fa7f,soccer-fifwc,Spain vs. Argentina - Player Props,rest,Enzo Fernández: 1+ shots on target,Yes|No,No,2026-07-19T19:00:00Z,2026-07-20T03:00:00Z,2026-07-19T22:28:13Z,284.11,2026-07-19T19:00:00Z,2026-07-19T22:27:40Z,history-5b9d7dd4-0990-5124-910d-9c8915bec863-compact.parquet
5be1f2e3-cdda-5220-9ca0-c01c52564bb6,0x344400e4346fe966ef4268ed3f35dd1903cf70072b300dcf5c4bef6b50acb575,soccer-fifwc,Spain vs. Argentina - Player Props,rest,Rodrigo de Paul: 1+ shots,Yes|No,No,2026-07-19T19:00:00Z,2026-07-20T03:00:00Z,2026-07-19T22:28:58Z,390.73,2026-07-19T19:00:00Z,2026-07-19T22:27:51Z,history-5be1f2e3-cdda-5220-9ca0-c01c52564bb6-compact.parquet
5e3d0ab2-acce-5f81-8028-37bc846d2146,0xc0474247f26795eef8e0c7a642c526bc9a83d1b993e958efcfa920a6eecabe8a,soccer-fifwc,Spain vs. Argentina - Player Props,rest,Fabián Ruiz: 1+ assists,Yes|No,No,2026-07-19T19:00:00Z,2026-07-20T03:00:00Z,2026-07-19T22:24:09Z,2909.62,2026-07-19T19:00:00Z,2026-07-19T22:23:28Z,history-5e3d0ab2-acce-5f81-8028-37bc846d2146-compact.parquet
5f05e5fe-7b48-54e9-8baf-07dc30c46ca3,0x1b714560b50915af77d651399fa7283722f745469be49d2da29ce4dba36a3430,soccer-fifwc,Spain vs. Argentina - Player Props,rest,Fabián Ruiz: 2+ goals,Yes|No,No,2026-07-19T19:00:00Z,2026-07-20T03:00:00Z,2026-07-19T22:22:07Z,0.00,2026-07-19T19:00:00Z,2026-07-19T22:21:14Z,history-5f05e5fe-7b48-54e9-8baf-07dc30c46ca3-compact.parquet
60545a5c-453f-55f6-9785-507b92fa029f,0x119d1075695f8457a972c8da1107e933c4eb2a3d26e21379795898c980fd3b9b,soccer-fifwc,Spain vs. Argentina - Player Props,rest,Nicolás González: 2+ goals + assists,Yes|No,No,2026-07-19T19:00:00Z,2026-07-20T03:00:00Z,2026-07-19T22:27:28Z,0.00,2026-07-19T19:00:00Z,2026-07-19T22:26:23Z,history-60545a5c-453f-55f6-9785-507b92fa029f-compact.parquet
60a75a78-ed43-5041-9d27-c28d6d5b3b79,0x6f6f06d08dfc9615aa8e06e865c0e5a47838aeb81bd03925951cd678484e2314,soccer-fifwc,Spain vs. Argentina - Player Props,rest,Mikel Merino: 1+ goals,Yes|No,No,2026-07-19T19:00:00Z,2026-07-20T03:00:00Z,2026-07-19T22:25:42Z,17822.42,2026-07-19T19:00:00Z,2026-07-19T22:24:30Z,history-60a75a78-ed43-5041-9d27-c28d6d5b3b79-compact.parquet
60c19400-3173-5e46-956b-d2785cabcce5,0x13f1b16e5b975667d89c4feba092df1245c0e807f87715ef522156cca5c5a3a9,soccer-fifwc,Spain vs. Argentina - Player Props,rest,Mikel Oyarzabal: 3+ shots,Yes|No,No,2026-07-19T19:00:00Z,2026-07-20T03:00:00Z,2026-07-19T22:29:52Z,696.94,2026-07-19T19:00:00Z,2026-07-19T22:28:58Z,history-60c19400-3173-5e46-956b-d2785cabcce5-compact.parquet
61f6229a-b74b-59a9-877a-90bce95f01d6,0xb1876c5b40e321d4efbd20415eb84c4c72b501894c6449cf609236c1401463e6,soccer-fifwc,Spain vs. Argentina - More Markets,total,Spain vs. Argentina: O/U 4.5,Over|Under,Under,2026-07-19T19:00:00Z,2026-07-20T03:00:00Z,2026-07-19T22:22:38Z,513271.64,2026-07-19T19:00:00Z,2026-07-19T22:22:11Z,history-61f6229a-b74b-59a9-877a-90bce95f01d6-compact.parquet
6245cf7f-1971-5294-97f5-3d7d071aba6f,0x85b0676c466bd1d094a298700274e354fe95f205af9d35029054c49035860c88,soccer-fifwc,Spain vs. Argentina - Player Props,rest,Mikel Oyarzabal: 1+ goals,Yes|No,No,2026-07-19T19:00:00Z,2026-07-20T03:00:00Z,2026-07-19T22:24:14Z,33268.79,2026-07-19T19:00:00Z,2026-07-19T22:23:43Z,history-6245cf7f-1971-5294-97f5-3d7d071aba6f-compact.parquet
62545fc5-17d9-51e1-8a45-dcc3780fa2e3,0xfbe495f63d51a6ad752c83c2dad671e84ded246088d39147594c90e29913ad88,soccer-fifwc,Spain vs. Argentina - Player Props,rest,Nico Williams: 2+ assists,Yes|No,No,2026-07-19T19:00:00Z,2026-07-20T03:00:00Z,2026-07-19T22:21:42Z,570.00,2026-07-19T19:00:00Z,2026-07-19T22:20:56Z,history-62545fc5-17d9-51e1-8a45-dcc3780fa2e3-compact.parquet
62f4f083-bcae-57a2-ab9e-7e03937712c8,0xd3d72a0877afeec223ef7ae127323dfcc049cc9cc2400617d0a8442a23e781dc,soccer-fifwc,Spain vs. Argentina - Player Props,rest,Alex Baena: 2+ goals + assists,Yes|No,No,2026-07-19T19:00:00Z,2026-07-20T03:00:00Z,2026-07-19T22:22:18Z,0.00,2026-07-19T19:00:00Z,2026-07-19T22:21:40Z,history-62f4f083-bcae-57a2-ab9e-7e03937712c8-compact.parquet
6402e6fb-c186-5519-b34a-2a53bdf8594f,0x4b26ff379561078eab4dd9650d965ba006f836e31839c44ef0db3d3067dbfd63,soccer-fifwc,Spain vs. Argentina - First Team to Score,rest,Spain vs. Argentina: Neither team to score first?,Yes|No,Yes,2026-07-19T19:00:00Z,2026-07-20T03:00:00Z,2026-07-19T22:44:06Z,100105.62,2026-07-19T19:00:00Z,2026-07-19T22:42:17Z,history-6402e6fb-c186-5519-b34a-2a53bdf8594f-compact.parquet
640f8216-8725-5321-8ae6-5009f84c2b62,0x8449c7572f7106433a9c21e99f87db30aed37927a61379005d1afed0426692cf,soccer-fifwc,Spain vs. Argentina - Player Props,rest,Fabián Ruiz: 3+ goals + assists,Yes|No,No,2026-07-19T19:00:00Z,2026-07-20T03:00:00Z,2026-07-19T22:24:28Z,0.00,2026-07-19T19:00:00Z,2026-07-19T22:24:18Z,history-640f8216-8725-5321-8ae6-5009f84c2b62-compact.parquet
641e0239-06a7-5f71-b769-d9fffe89bfc5,0xebfd9daee4a4548942c80f55cbbe282ad101f016260120fe2477e1a015305c71,soccer-fifwc,Spain vs. Argentina - Total Corners,total:corners:h1,Spain vs. Argentina: 1st Half O/U 5.5 Total Corners,Over|Under,Under,2026-07-19T19:00:00Z,2026-07-20T03:00:00Z,2026-07-19T22:31:32Z,2386.82,2026-07-19T19:00:00Z,2026-07-19T22:31:03Z,history-641e0239-06a7-5f71-b769-d9fffe89bfc5-compact.parquet
644c732b-671d-5e3a-8aeb-913a1ef0ec73,0xd28a13269232c3ffe8bf78bd8a0b22e62979b9881e8fea81a83e3ac39cabd591,soccer-fifwc,Spain vs. Argentina - Player Props,rest,Nicolás Tagliafico: 1+ shots,Yes|No,No,2026-07-19T19:00:00Z,2026-07-20T03:00:00Z,2026-07-19T22:28:24Z,162.88,2026-07-19T19:00:00Z,2026-07-19T22:27:55Z,history-644c732b-671d-5e3a-8aeb-913a1ef0ec73-compact.parquet
66054b44-2990-53f4-a9a9-aeed0373b868,0x5fc001e416aaaea70bfa4c8a230b49db910555af969db18e2d2f8611c36aabb0,soccer-fifwc,Spain vs. Argentina - More Markets,total:h1,Spain vs. Argentina: 1st Half O/U 1.5,Over|Under,Under,2026-07-19T19:00:00Z,2026-07-20T03:00:00Z,2026-07-19T22:31:49Z,295925.78,2026-07-19T19:00:00Z,2026-07-19T22:31:44Z,history-66054b44-2990-53f4-a9a9-aeed0373b868-compact.parquet
66ad7d89-378f-5596-b393-7463e4a361d1,0x7a7c47545fdf491fde93208a217ffdf30387b567e12f217339c708522728799b,soccer-fifwc,Spain vs. Argentina - Player Props,rest,Leandro Paredes: 1+ shots on target,Yes|No,No,2026-07-19T19:00:00Z,2026-07-20T03:00:00Z,2026-07-19T22:26:20Z,0.00,2026-07-19T19:00:00Z,2026-07-19T22:25:38Z,history-66ad7d89-378f-5596-b393-7463e4a361d1-compact.parquet
66d9e9cf-25ba-572b-8ab9-6323ecf0f91c,0xbe74fc2cbad2fd01bc4b702427199b60ab773fa0dfbb15281f9c38a3cba2ff26,soccer-fifwc,Spain vs. Argentina - Player Props,rest,Pedri: 3+ shots,Yes|No,No,2026-07-19T19:00:00Z,2026-07-20T03:00:00Z,2026-07-19T22:29:51Z,846.23,2026-07-19T19:00:00Z,2026-07-19T22:28:54Z,history-66d9e9cf-25ba-572b-8ab9-6323ecf0f91c-compact.parquet
6752f73d-bd5a-5e05-a1de-788eee327545,0x51166276fa646ca50165f7d030c297138ed1d62dc41f6ffde21e962c44182074,soccer-fifwc,Spain vs. Argentina,moneyline,Will Spain vs. Argentina end in a draw?,Yes|No,Yes,2026-07-19T19:00:00Z,2026-07-20T03:00:00Z,2026-07-19T22:54:48Z,1982084.86,2026-07-19T19:00:00Z,2026-07-19T22:54:14Z,history-6752f73d-bd5a-5e05-a1de-788eee327545-compact.parquet
68f048e2-505f-595b-b365-9665046e6ffa,0x3c4dcd113a38a16be47a522a24aa48ad6c99ed4cd1191683d938562dcdfe6913,soccer-fifwc,Spain vs. Argentina - Player Props,rest,Mikel Merino: 1+ goals + assists,Yes|No,No,2026-07-19T19:00:00Z,2026-07-20T03:00:00Z,2026-07-19T22:27:15Z,0.00,2026-07-19T19:00:00Z,2026-07-19T22:26:43Z,history-68f048e2-505f-595b-b365-9665046e6ffa-compact.parquet
699d744d-b852-522b-9575-9b4b7897b2be,0x5b36af63b0d4b73362dba21384fc0de58bea341c398fa16a2e626ca58b6ef695,soccer-fifwc,Spain vs. Argentina - Player Props,rest,Alex Baena: 2+ assists,Yes|No,No,2026-07-19T19:00:00Z,2026-07-20T03:00:00Z,2026-07-19T22:27:06Z,44.09,2026-07-19T19:00:00Z,2026-07-19T22:25:56Z,history-699d744d-b852-522b-9575-9b4b7897b2be-compact.parquet
6ae53ddf-b6ab-5d0a-8ef7-d91485531d8c,0xb71e55bce13b10d92c14f92951cd410005047d479bdccd99e1a252c322e3571f,soccer-fifwc,Spain vs. Argentina - Player Props,rest,Lautaro Martínez: 3+ goals + assists,Yes|No,No,2026-07-19T19:00:00Z,2026-07-20T03:00:00Z,2026-07-19T22:25:57Z,0.00,2026-07-19T19:00:00Z,2026-07-19T22:24:40Z,history-6ae53ddf-b6ab-5d0a-8ef7-d91485531d8c-compact.parquet
6d4898a0-43d9-5919-90ae-caf25399148f,0x67d19e22a4ef576011ccb25f762177a00e6e7b7a2d0d6752f64fd1e2c5a51458,soccer-fifwc,Spain vs. Argentina - Player Props,rest,Alexis Mac Allister: 1+ goals + assists,Yes|No,No,2026-07-19T19:00:00Z,2026-07-20T03:00:00Z,2026-07-19T22:23:53Z,57.60,2026-07-19T19:00:00Z,2026-07-19T22:23:22Z,history-6d4898a0-43d9-5919-90ae-caf25399148f-compact.parquet
6da681d6-df02-55f6-8ca6-cc8d5ea64e82,0xf64cc0b91564eed123c571f9d041432b8294bfa5c90323c40f8b914b00b392e5,soccer-fifwc,Spain vs. Argentina - Player Props,rest,Enzo Fernández: 5+ shots,Yes|No,No,2026-07-19T19:00:00Z,2026-07-20T03:00:00Z,2026-07-19T22:28:38Z,0.00,2026-07-19T19:00:00Z,2026-07-19T22:27:52Z,history-6da681d6-df02-55f6-8ca6-cc8d5ea64e82-compact.parquet
6ddb48ba-2dae-531a-b6fd-cd40a594bd59,0x3007dff8e98aa1132bd0a84d774ddd1b6e4af129ad735be62fe04240eaa31621,soccer-fifwc,Spain vs. Argentina - Player Props,rest,Mikel Oyarzabal: 1+ shots on target,Yes|No,Yes,2026-07-19T19:00:00Z,2026-07-20T03:00:00Z,2026-07-19T22:28:07Z,0.00,2026-07-19T19:00:00Z,2026-07-19T22:27:28Z,history-6ddb48ba-2dae-531a-b6fd-cd40a594bd59-compact.parquet
6de9d8c9-8aed-53d5-abbc-6fb79713ba07,0x734c617de24c5916cbcb337a1108a744653cbacafb8fc4c8e1bb21949e1514ce,soccer-fifwc,Spain vs. Argentina - Player Props,rest,Enzo Fernández: 2+ shots,Yes|No,No,2026-07-19T19:00:00Z,2026-07-20T03:00:00Z,2026-07-19T22:25:53Z,10237.73,2026-07-19T19:00:00Z,2026-07-19T22:24:35Z,history-6de9d8c9-8aed-53d5-abbc-6fb79713ba07-compact.parquet
6df7924d-d637-50d3-9e2e-16d05f30a225,0xbe832aed1b062ba17cf9a41becbbbb47546c786764370433f1ffc4e45eb19c01,soccer-fifwc,Spain vs. Argentina - Exact Score,rest,Exact Score: Any Other Score?,Yes|No,No,2026-07-19T19:00:00Z,2026-07-20T03:00:00Z,2026-07-19T22:29:02Z,857234.19,2026-07-19T19:00:00Z,2026-07-19T22:28:11Z,history-6df7924d-d637-50d3-9e2e-16d05f30a225-compact.parquet
6e2ca934-510b-53cb-85af-443a99768bc1,0x49f7ad60853ba21796a35d3e1fb1bc52ff2ba3f29eb395e13d296bff7591e43c,soccer-fifwc,Spain vs. Argentina - Total Corners,total:corners,Spain vs. Argentina: O/U 7.5 Total Corners,Over|Under,Over,2026-07-19T19:00:00Z,2026-07-20T03:00:00Z,2026-07-19T22:26:13Z,412137.02,2026-07-19T19:00:00Z,2026-07-19T22:25:37Z,history-6e2ca934-510b-53cb-85af-443a99768bc1-compact.parquet
6e5be37d-41d1-527c-bc18-da665c7d921c,0x117cc45f8a17b8d4be61c036e5254285f95eb0a2cd44780ea871dfa57a2e4b7a,soccer-fifwc,Spain vs. Argentina - More Markets,spread,Spread: Argentina (-3.5),Argentina|Spain,Spain,2026-07-19T19:00:00Z,2026-07-20T03:00:00Z,2026-07-19T22:22:23Z,139585.32,2026-07-19T19:00:00Z,2026-07-19T22:21:57Z,history-6e5be37d-41d1-527c-bc18-da665c7d921c-compact.parquet
6eefe28d-7775-59f4-ab5b-89310cd53a1e,0x1f55bcac40eb9de99751ef1184cff3bd517896328b2f919af2ade22bc2487cad,soccer-fifwc,Spain vs. Argentina - Player Props,rest,Nicolás González: 1+ assists,Yes|No,No,2026-07-19T19:00:00Z,2026-07-20T03:00:00Z,2026-07-19T22:24:20Z,1369.15,2026-07-19T19:00:00Z,2026-07-19T22:23:20Z,history-6eefe28d-7775-59f4-ab5b-89310cd53a1e-compact.parquet
700fc039-fa5b-5f22-b3b2-14888aee7cea,0xc9022e370b79a3e36e2b36bad8300bad7c339af6d6190d1e9163d8cfa2424d96,soccer-fifwc,Spain vs. Argentina - Halftime Result,rest,Spain leading at halftime?,Yes|No,No,2026-07-19T19:00:00Z,2026-07-20T03:00:00Z,2026-07-19T22:31:38Z,181287.65,2026-07-19T19:00:00Z,2026-07-19T22:30:54Z,history-700fc039-fa5b-5f22-b3b2-14888aee7cea-compact.parquet
70469af6-e748-5d0c-9535-f9e41d42ea45,0x815c61db99ec6dee7275f1bb885c98f7ea7c7e70ce6b4997e8df28490ce1d608,soccer-fifwc,Spain vs. Argentina - Player Props,rest,Mikel Oyarzabal: 2+ shots,Yes|No,No,2026-07-19T19:00:00Z,2026-07-20T03:00:00Z,2026-07-19T22:29:37Z,7481.60,2026-07-19T19:00:00Z,2026-07-19T22:28:24Z,history-70469af6-e748-5d0c-9535-f9e41d42ea45-compact.parquet
70d7815b-f530-5a74-8f99-841237422295,0x0c0e297a9aff1a8fa6080a172c311de8910722398798269fef037bc99e50ed19,soccer-fifwc,Spain vs. Argentina - More Markets,total,Spain vs. Argentina: Argentina O/U 0.5,Over|Under,Under,2026-07-19T19:00:00Z,2026-07-20T03:00:00Z,2026-07-19T22:25:53Z,195270.13,2026-07-19T19:00:00Z,2026-07-19T22:24:49Z,history-70d7815b-f530-5a74-8f99-841237422295-compact.parquet
71e2fb16-79b9-55ac-a03b-3155162cc7f8,0x2469d60a274337a1a9ea2b408a19fbedd68dcfabdb4fb0057933030a01f983c5,soccer-fifwc,Spain vs. Argentina - Player Props,rest,Nicolás Tagliafico: 2+ shots,Yes|No,No,2026-07-19T19:00:00Z,2026-07-20T03:00:00Z,2026-07-19T22:28:19Z,0.00,2026-07-19T19:00:00Z,2026-07-19T22:27:49Z,history-71e2fb16-79b9-55ac-a03b-3155162cc7f8-compact.parquet
7235581b-84c0-54da-8c5d-b2acf619f946,0x59ae3fff12faba1ac58d24f97b1f8ffcc928e60174cf18ecaf260c8dbe5d97f2,soccer-fifwc,Spain vs. Argentina - Player Props,rest,Aymeric Laporte: 1+ shots on target,Yes|No,Yes,2026-07-19T19:00:00Z,2026-07-20T03:00:00Z,2026-07-19T22:24:25Z,0.00,2026-07-19T19:00:00Z,2026-07-19T22:24:08Z,history-7235581b-84c0-54da-8c5d-b2acf619f946-compact.parquet
73b3ce0b-7140-5a70-806e-97f7db373288,0x0d1410d7b83e43ab59052dff91b1bac6f112c82371aab72e5eba68e0b22ed025,soccer-fifwc,Spain vs. Argentina - Player Props,rest,Mikel Oyarzabal: 5+ shots,Yes|No,No,2026-07-19T19:00:00Z,2026-07-20T03:00:00Z,2026-07-19T22:29:41Z,108.64,2026-07-19T19:00:00Z,2026-07-19T22:28:18Z,history-73b3ce0b-7140-5a70-806e-97f7db373288-compact.parquet
743ff1d5-fd9a-5201-bdd9-506ce4088154,0x6005d863ffd7cbace1e0ffb8007c395f155d2d747785d6ed722179253e7af7d2,soccer-fifwc,Spain vs. Argentina - Player Props,rest,Nicolás Paz: 3+ goals,Yes|No,No,2026-07-19T19:00:00Z,2026-07-20T03:00:00Z,2026-07-19T22:22:56Z,69.19,2026-07-19T19:00:00Z,2026-07-19T22:22:42Z,history-743ff1d5-fd9a-5201-bdd9-506ce4088154-compact.parquet
7456e735-2446-5337-92e9-bcd38e4043a6,0xe1ab5b46058a099e38192e1656aca0bb334a954b5735b0c2b97d541fd216c6ae,soccer-fifwc,Spain vs. Argentina - Player Props,rest,Lisandro Martínez: 2+ shots,Yes|No,No,2026-07-19T19:00:00Z,2026-07-20T03:00:00Z,2026-07-19T22:28:34Z,406.06,2026-07-19T19:00:00Z,2026-07-19T22:28:09Z,history-7456e735-2446-5337-92e9-bcd38e4043a6-compact.parquet
769c90f7-96d1-5c69-87b3-451e0d06f75d,0xff981ecb337160d0feba8f71c6f346fc64830d1e0c5ba5476657faff322013aa,soccer-fifwc,Spain vs. Argentina - Exact Score,rest,Exact Score: Spain 3 - 2 Argentina?,Yes|No,No,2026-07-19T19:00:00Z,2026-07-20T03:00:00Z,2026-07-19T22:27:48Z,4171484.01,2026-07-19T19:00:00Z,2026-07-19T22:27:23Z,history-769c90f7-96d1-5c69-87b3-451e0d06f75d-compact.parquet
76d1050f-2a82-58fc-b94f-0b52137d570c,0x78246305554ee7983fa247572c52e809c34acf30094c0a9da20fd4b60ca42923,soccer-fifwc,Spain vs. Argentina - Player Props,rest,Nico Williams: 1+ assists,Yes|No,No,2026-07-19T19:00:00Z,2026-07-20T03:00:00Z,2026-07-19T22:25:43Z,141.59,2026-07-19T19:00:00Z,2026-07-19T22:25:08Z,history-76d1050f-2a82-58fc-b94f-0b52137d570c-compact.parquet
76f65480-f496-5374-b033-844992562e6d,0x5145b683e40f92c7a1a80fcb137ad24acab0f32ffa01647e325c00bee09069fc,soccer-fifwc,Spain vs. Argentina - Player Props,rest,Alexis Mac Allister: 2+ assists,Yes|No,No,2026-07-19T19:00:00Z,2026-07-20T03:00:00Z,2026-07-19T22:24:04Z,25.00,2026-07-19T19:00:00Z,2026-07-19T22:23:36Z,history-76f65480-f496-5374-b033-844992562e6d-compact.parquet
77af635f-762c-5879-b4fa-51f88d93291b,0x261485a4379448bb8148b1aa7d5cb34c2f2bc6be5ea7eb4dd97636ffdbb9ae92,soccer-fifwc,Spain vs. Argentina - Player Props,rest,Dani Olmo: 1+ goals + assists,Yes|No,No,2026-07-19T19:00:00Z,2026-07-20T03:00:00Z,2026-07-19T22:23:58Z,66.00,2026-07-19T19:00:00Z,2026-07-19T22:23:35Z,history-77af635f-762c-5879-b4fa-51f88d93291b-compact.parquet
7a39362e-5dcf-5077-a926-456e836a651a,0x8996372f4c7e7679b64c7aaa3e9650ad1703d26519e10c759a1860c4cd4fe9c4,soccer-fifwc,Spain vs. Argentina - Player Props,rest,Lionel Messi: 3+ goals,Yes|No,No,2026-07-19T19:00:00Z,2026-07-20T03:00:00Z,2026-07-19T22:22:18Z,784690.86,2026-07-19T19:00:00Z,2026-07-19T22:21:38Z,history-7a39362e-5dcf-5077-a926-456e836a651a-compact.parquet
7af3abfe-6150-5627-8dee-adb32d1adec3,0x86dabef533a54bf5c8ca5048863848dac121fcdeaca53c39024dbc3825c0673f,soccer-fifwc,Spain vs. Argentina - Player Props,rest,Nico Williams: 1+ goals + assists,Yes|No,No,2026-07-19T19:00:00Z,2026-07-20T03:00:00Z,2026-07-19T22:21:45Z,0.00,2026-07-19T19:00:00Z,2026-07-19T22:21:11Z,history-7af3abfe-6150-5627-8dee-adb32d1adec3-compact.parquet
7b0fd504-f9d8-5ae2-ada4-bf0504157819,0x6c923cd244c3e6f021a1b86aa18ae306ab5911155cb70c0043609982f6824af0,soccer-fifwc,Spain vs. Argentina - Player Props,rest,Rodrigo de Paul: 2+ shots,Yes|No,No,2026-07-19T19:00:00Z,2026-07-20T03:00:00Z,2026-07-19T22:24:35Z,0.00,2026-07-19T19:00:00Z,2026-07-19T22:23:42Z,history-7b0fd504-f9d8-5ae2-ada4-bf0504157819-compact.parquet
7bd127b2-acd4-5b75-92cc-011b6496348d,0x0f1df7e0c4c413010903c2a664468d4cef410b8eb91aa5c6680ce94e42e97aa5,soccer-fifwc,Spain vs. Argentina - Total Corners,rest,Spain vs. Argentina: Total Corners Odd or Even?,Odd|Even,Even,2026-07-19T19:00:00Z,2026-07-20T03:00:00Z,2026-07-19T22:42:47Z,13478.46,2026-07-19T19:00:00Z,2026-07-19T22:41:45Z,history-7bd127b2-acd4-5b75-92cc-011b6496348d-compact.parquet
7d27db97-b10a-5b59-9d4a-ec891d22ffc1,0x36094ac34121a729fb97dcee03015b156d4c58031580ddf34d55368d7e8bdd0d,soccer-fifwc,Spain vs. Argentina - Player Props,rest,Rodri: 2+ shots,Yes|No,No,2026-07-19T19:00:00Z,2026-07-20T03:00:00Z,2026-07-19T22:30:11Z,5.17,2026-07-19T19:00:00Z,2026-07-19T22:29:47Z,history-7d27db97-b10a-5b59-9d4a-ec891d22ffc1-compact.parquet
7dcd3f1a-e114-5831-8390-753d7a7bbfbc,0xad73645619f7a86eb4f9679f1f3043eec6613a6cf4164d57829dd648c11e3c99,soccer-fifwc,Spain vs. Argentina - Player Props,rest,Alexis Mac Allister: 1+ goals,Yes|No,No,2026-07-19T19:00:00Z,2026-07-20T03:00:00Z,2026-07-19T22:27:51Z,23197.58,2026-07-19T19:00:00Z,2026-07-19T22:26:52Z,history-7dcd3f1a-e114-5831-8390-753d7a7bbfbc-compact.parquet
7e7074d8-6f23-5c6a-bb56-f3a31c8bd419,0x086cdfe71d3581ea67db42e9d77282b1443da72d15f92281ea15318e57685a27,soccer-fifwc,Spain vs. Argentina - More Markets,total:h2,Spain vs. Argentina: Argentina 2nd Half O/U 1.5,Over|Under,Under,2026-07-19T19:00:00Z,2026-07-20T03:00:00Z,2026-07-19T22:31:34Z,3282.30,2026-07-19T19:00:00Z,2026-07-19T22:30:51Z,history-7e7074d8-6f23-5c6a-bb56-f3a31c8bd419-compact.parquet
81f76525-5116-5f0c-ad0a-913e44601347,0xa196eef1b175187d803658f4aa5a89fd4f3d87d29c29d13da803fa2750a54d78,soccer-fifwc,Spain vs. Argentina - Exact Score,rest,Exact Score: Spain 1 - 1 Argentina?,Yes|No,No,2026-07-19T19:00:00Z,2026-07-20T03:00:00Z,2026-07-19T22:26:45Z,855431.86,2026-07-19T19:00:00Z,2026-07-19T22:25:47Z,history-81f76525-5116-5f0c-ad0a-913e44601347-compact.parquet
83000b1e-90b6-52e1-ae36-4bbc388112b9,0x7a00211afaf9d0564ef2a0c3863d84fe845ae75adabe9e0a67d5389092c1f497,soccer-fifwc,Spain vs. Argentina - Total Corners,total:corners:h1,Spain vs. Argentina: 1st Half O/U 4.5 Total Corners,Over|Under,Under,2026-07-19T19:00:00Z,2026-07-20T03:00:00Z,2026-07-19T22:31:35Z,3414.65,2026-07-19T19:00:00Z,2026-07-19T22:30:41Z,history-83000b1e-90b6-52e1-ae36-4bbc388112b9-compact.parquet
83009717-425d-5dab-aacd-44b4f258521c,0x281d6c0e3f4322e3adfa9d2eb6b1f93c49419b9b4fe21b6293f77367e4fd882e,soccer-fifwc,Spain vs. Argentina - Player Props,rest,Pedro Porro: 1+ shots,Yes|No,No,2026-07-19T19:00:00Z,2026-07-20T03:00:00Z,2026-07-19T22:31:19Z,1702.76,2026-07-19T19:00:00Z,2026-07-19T22:31:12Z,history-83009717-425d-5dab-aacd-44b4f258521c-compact.parquet
842d373c-5217-5dd5-bb22-c2cfd2aaab97,0xfcb614d1bf271f9d4be8635beedda13a764b343ae01afbd472766b12d463b3ab,soccer-fifwc,Spain vs. Argentina - First Team to Score,rest,Argentina to score first vs. Spain?,Yes|No,No,2026-07-19T19:00:00Z,2026-07-20T03:00:00Z,2026-07-19T22:26:14Z,65347.59,2026-07-19T19:00:00Z,2026-07-19T22:25:44Z,history-842d373c-5217-5dd5-bb22-c2cfd2aaab97-compact.parquet
8652a378-2fab-5459-bd95-56a905643699,0xa26884043961b7a231e4840e6a709e0c52d6dcb7f52435d178f21b3999a19551,soccer-fifwc,Spain vs. Argentina - More Markets,spread,Spread: Spain (-4.5),Spain|Argentina,Argentina,2026-07-19T19:00:00Z,2026-07-20T03:00:00Z,2026-07-19T22:22:28Z,60952.43,2026-07-19T19:00:00Z,2026-07-19T22:22:01Z,history-8652a378-2fab-5459-bd95-56a905643699-compact.parquet
86d877d3-7332-5362-8cbe-4b7381465afe,0xcb94bda455a5389aa0b248e3dde0cfd395b87246e746714a16eccfbf7cac3a50,soccer-fifwc,Spain vs. Argentina - Player Props,rest,Lamine Yamal: 1+ assists,Yes|No,No,2026-07-19T19:00:00Z,2026-07-20T03:00:00Z,2026-07-19T22:21:58Z,23484.10,2026-07-19T19:00:00Z,2026-07-19T22:20:27Z,history-86d877d3-7332-5362-8cbe-4b7381465afe-compact.parquet
89520411-53c6-5e34-bdc2-5d306e2d950c,0x28296b2a89c0fc09f69d895c5e0811d613f33f13918837613fdeccaa721e4ad9,soccer-fifwc,Spain vs. Argentina - Player Props,rest,Mikel Oyarzabal: 3+ goals,Yes|No,No,2026-07-19T19:00:00Z,2026-07-20T03:00:00Z,2026-07-19T22:22:56Z,16290.50,2026-07-19T19:00:00Z,2026-07-19T22:22:30Z,history-89520411-53c6-5e34-bdc2-5d306e2d950c-compact.parquet
8a595891-ef8d-5aeb-af34-4e623aa608e6,0x8fdb4e0b17e41ee780e1c6a029184e8b8e06c2c03ec5adfd5aee4739774ffac6,soccer-fifwc,Spain vs. Argentina - Player Props,rest,Enzo Fernández: 4+ shots,Yes|No,No,2026-07-19T19:00:00Z,2026-07-20T03:00:00Z,2026-07-19T22:28:49Z,2269.36,2026-07-19T19:00:00Z,2026-07-19T22:27:34Z,history-8a595891-ef8d-5aeb-af34-4e623aa608e6-compact.parquet
8bcf672f-08b0-5c29-ac25-7cdfc0c3ec99,0xea4675a9ca89ed403aba52ffeca9aa325dff252a983161c9ecda825ddc98caeb,soccer-fifwc,Spain vs. Argentina - Player Props,rest,Mikel Merino: 2+ goals,Yes|No,No,2026-07-19T19:00:00Z,2026-07-20T03:00:00Z,2026-07-19T22:27:12Z,1406.02,2026-07-19T19:00:00Z,2026-07-19T22:26:22Z,history-8bcf672f-08b0-5c29-ac25-7cdfc0c3ec99-compact.parquet
8cdab772-b1b4-5fc2-96a2-1a215273ac8d,0x2fc6186e7c67396271100e6e3cdcf7a946aaa0fb099236ba007d42e0e6296030,soccer-fifwc,Spain vs. Argentina - Player Props,rest,Dani Olmo: 5+ shots,Yes|No,No,2026-07-19T19:00:00Z,2026-07-20T03:00:00Z,2026-07-19T22:28:54Z,0.00,2026-07-19T19:00:00Z,2026-07-19T22:27:27Z,history-8cdab772-b1b4-5fc2-96a2-1a215273ac8d-compact.parquet
8cf575ed-50d2-518f-8dee-dccdd122f732,0xbdd0a56118014b7c6b7107686d42e8a47ba6b8b9beb545b64640910dfa0f03d0,soccer-fifwc,Spain vs. Argentina - Player Props,rest,Lionel Messi: 2+ shots on target,Yes|No,No,2026-07-19T19:00:00Z,2026-07-20T03:00:00Z,2026-07-19T22:26:20Z,409.75,2026-07-19T19:00:00Z,2026-07-19T22:25:38Z,history-8cf575ed-50d2-518f-8dee-dccdd122f732-compact.parquet
8d6d97eb-56c8-55b1-9e2b-310d47be914b,0x3199c0756752bf9e138ac82498a7d7252f068f9d1e958950c76d54c522bdbedd,soccer-fifwc,Spain vs. Argentina - Player Props,rest,Giuliano Simeone: 2+ goals,Yes|No,No,2026-07-19T19:00:00Z,2026-07-20T03:00:00Z,2026-07-19T22:22:34Z,330.85,2026-07-19T19:00:00Z,2026-07-19T22:21:51Z,history-8d6d97eb-56c8-55b1-9e2b-310d47be914b-compact.parquet
8e1a6482-516d-52e2-8f6d-dbbc9d502ccc,0x68ec94ffdc919911194dccda5daa4f6d73f066b1beda1a346c4316a24fa01eff,soccer-fifwc,Spain vs. Argentina - Player Props,rest,Pedro Porro: 2+ shots on target,Yes|No,No,2026-07-19T19:00:00Z,2026-07-20T03:00:00Z,2026-07-19T22:31:40Z,351.00,2026-07-19T19:00:00Z,2026-07-19T22:30:43Z,history-8e1a6482-516d-52e2-8f6d-dbbc9d502ccc-compact.parquet
8e8855ef-15bb-513f-8192-02c99f919279,0x5eca00ffc37282b84dcf4b5d5133d31d92a0f53ed8511bb59b858619ffe7e471,soccer-fifwc,Spain vs. Argentina - Player Props,rest,Lisandro Martínez: 1+ shots,Yes|No,No,2026-07-19T19:00:00Z,2026-07-20T03:00:00Z,2026-07-19T22:29:08Z,384.19,2026-07-19T19:00:00Z,2026-07-19T22:28:33Z,history-8e8855ef-15bb-513f-8192-02c99f919279-compact.parquet
8f227410-779c-5d0e-a03a-1fc12c1cd4d9,0x64171d1c0c27e06820cbae8b7c86fb1f8a402944905b5be3d4e485e4c1d0b108,soccer-fifwc,Spain vs. Argentina - Player Props,rest,Yeremi Pino: 2+ goals,Yes|No,No,2026-07-19T19:00:00Z,2026-07-20T03:00:00Z,2026-07-19T22:27:05Z,21.24,2026-07-19T19:00:00Z,2026-07-19T22:26:32Z,history-8f227410-779c-5d0e-a03a-1fc12c1cd4d9-compact.parquet
9010b6df-46fb-5853-a2ac-9202ca9d8f82,0x6e045ca545a62847d8fbb3088f3dd1e12d1d2c864c6a0778ee35f6ee5b661f33,soccer-fifwc,Spain vs. Argentina - Player Props,rest,Nahuel Molina: 1+ shots,Yes|No,No,2026-07-19T19:00:00Z,2026-07-20T03:00:00Z,2026-07-19T22:26:27Z,133.79,2026-07-19T19:00:00Z,2026-07-19T22:25:24Z,history-9010b6df-46fb-5853-a2ac-9202ca9d8f82-compact.parquet
90bc0ad8-b974-5edc-8b9d-c7cad2cda5cc,0xfb321785de4bf93c427e11623f7a1211d636aeba98a4bdd8f94493cd832589ae,soccer-fifwc,Spain vs. Argentina - Player Props,rest,Leandro Paredes: 1+ shots,Yes|No,No,2026-07-19T19:00:00Z,2026-07-20T03:00:00Z,2026-07-19T22:28:48Z,1197.99,2026-07-19T19:00:00Z,2026-07-19T22:28:08Z,history-90bc0ad8-b974-5edc-8b9d-c7cad2cda5cc-compact.parquet
9202661b-ff4f-5f96-aea5-5f74fc9549a1,0x0b1d4098e9826f463ef364ce927fee8297c46a176bc16ff02a829aacefe778c8,soccer-fifwc,Spain vs. Argentina - More Markets,btts:h1,Spain vs. Argentina: Both Teams to Score in First Half,Yes|No,No,2026-07-19T19:00:00Z,2026-07-20T03:00:00Z,2026-07-19T22:31:28Z,89806.47,2026-07-19T19:00:00Z,2026-07-19T22:30:54Z,history-9202661b-ff4f-5f96-aea5-5f74fc9549a1-compact.parquet
92d535b6-fc55-57e9-802e-05ae2926c4de,0xb439eddfde9f3f85178b55e242895205c049d853fa886a47d240e93be215a890,soccer-fifwc,Spain vs. Argentina - Player Props,rest,Alexis Mac Allister: 4+ shots,Yes|No,No,2026-07-19T19:00:00Z,2026-07-20T03:00:00Z,2026-07-19T22:29:25Z,848.73,2026-07-19T19:00:00Z,2026-07-19T22:28:28Z,history-92d535b6-fc55-57e9-802e-05ae2926c4de-compact.parquet
92fc6973-5799-56eb-bcba-38f79f75e713,0x1c002af346bd9aa0f4ec05569bc2fb26f9b8fa102b0ad49c64efd6c5878c873a,soccer-fifwc,Spain vs. Argentina - Player Props,rest,Dani Olmo: 4+ goals + assists,Yes|No,No,2026-07-19T19:00:00Z,2026-07-20T03:00:00Z,2026-07-19T22:23:01Z,0.00,2026-07-19T19:00:00Z,2026-07-19T22:22:36Z,history-92fc6973-5799-56eb-bcba-38f79f75e713-compact.parquet
9574d1d8-aaba-51cf-b958-d2b6b2a50722,0x7e0944c677c72c9b90dbbfcc26dec50564d057d370057879d6682ae853d4d5ff,soccer-fifwc,Spain vs. Argentina - Player Props,rest,Giuliano Simeone: 1+ goals,Yes|No,No,2026-07-19T19:00:00Z,2026-07-20T03:00:00Z,2026-07-19T22:21:48Z,1141.78,2026-07-19T19:00:00Z,2026-07-19T22:20:41Z,history-9574d1d8-aaba-51cf-b958-d2b6b2a50722-compact.parquet
95d8a280-e8f9-5f80-9a9a-3701202d5441,0xf0d06e2f90281ea0c948cae633aa5bfe8564d2ffc83a11f815562b0929b561e0,soccer-fifwc,Spain vs. Argentina - Player Props,rest,Yeremi Pino: 3+ goals,Yes|No,No,2026-07-19T19:00:00Z,2026-07-20T03:00:00Z,2026-07-19T22:27:25Z,90.00,2026-07-19T19:00:00Z,2026-07-19T22:26:47Z,history-95d8a280-e8f9-5f80-9a9a-3701202d5441-compact.parquet
9862b40d-3d7c-5033-84cf-7e6cd019d191,0x1eb9e72918b25f1412d0aa1089f9b4b4e3ac92aa3fcbe78606358f0d2d1060e2,soccer-fifwc,Spain vs. Argentina - Player Props,rest,Aymeric Laporte: 1+ shots,Yes|No,Yes,2026-07-19T19:00:00Z,2026-07-20T03:00:00Z,2026-07-19T22:25:47Z,187.53,2026-07-19T19:00:00Z,2026-07-19T22:24:35Z,history-9862b40d-3d7c-5033-84cf-7e6cd019d191-compact.parquet
99d3a1e7-8cea-56f9-b9d1-69a36c64fed4,0x0db363156a72eb81d77f9d2e18699e8693c3a9d56234eae2007f9dc213137b06,soccer-fifwc,Spain vs. Argentina - Player Props,rest,Alex Baena: 5+ shots,Yes|No,No,2026-07-19T19:00:00Z,2026-07-20T03:00:00Z,2026-07-19T22:26:04Z,2705.08,2026-07-19T19:00:00Z,2026-07-19T22:25:34Z,history-99d3a1e7-8cea-56f9-b9d1-69a36c64fed4-compact.parquet
9a476e96-966e-5944-9da4-3e568b8c9ce9,0xb594836763648222c4f639fe791160364aec2cef5bc5b2521250b0ae3ca5fb8a,soccer-fifwc,Spain vs. Argentina - Player Props,rest,Gavi Paez: 1+ goals,Yes|No,No,2026-07-19T19:00:00Z,2026-07-20T03:00:00Z,2026-07-19T22:21:07Z,1303.62,2026-07-19T19:00:00Z,2026-07-19T22:20:08Z,history-9a476e96-966e-5944-9da4-3e568b8c9ce9-compact.parquet
9b2a047b-1cae-5cab-a2cd-6d6ec3551cd2,0x50be22bae7c163a85eb220865d8f98c8a6b868d042164aca9263f5eb7f2470ee,soccer-fifwc,Spain vs. Argentina - Player Props,rest,Lamine Yamal: 5+ shots,Yes|No,No,2026-07-19T19:00:00Z,2026-07-20T03:00:00Z,2026-07-19T22:29:16Z,742.75,2026-07-19T19:00:00Z,2026-07-19T22:28:10Z,history-9b2a047b-1cae-5cab-a2cd-6d6ec3551cd2-compact.parquet
9bb799ab-4f6f-5d15-9e3d-a2d09eb06bc9,0xe36023791b89607559639f444855e00c3d9e465319b54e53bfc7342562656454,soccer-fifwc,Spain vs. Argentina - Player Props,rest,Leandro Paredes: 2+ shots,Yes|No,No,2026-07-19T19:00:00Z,2026-07-20T03:00:00Z,2026-07-19T22:28:58Z,163.28,2026-07-19T19:00:00Z,2026-07-19T22:27:38Z,history-9bb799ab-4f6f-5d15-9e3d-a2d09eb06bc9-compact.parquet
9cd61966-ad3a-5a99-9e87-436703168dfd,0x9e1c2b10406415feb1c659524ddff4fc8ab0447901dd369c0d8d3f6dfa879e42,soccer-fifwc,Spain vs. Argentina - Total Corners,total:corners,Spain vs. Argentina: O/U 9.5 Total Corners,Over|Under,Over,2026-07-19T19:00:00Z,2026-07-20T03:00:00Z,2026-07-19T22:30:55Z,28360.89,2026-07-19T19:00:00Z,2026-07-19T22:30:33Z,history-9cd61966-ad3a-5a99-9e87-436703168dfd-compact.parquet
9d163d00-8015-558f-b76c-eb7a391d5596,0xc94d0243b3c54c9afb724e6185c5e52e26f2d170951abb156ebed323b4c47d66,soccer-fifwc,Spain vs. Argentina - Player Props,rest,Nico Williams: 4+ goals + assists,Yes|No,No,2026-07-19T19:00:00Z,2026-07-20T03:00:00Z,2026-07-19T22:21:48Z,1553.00,2026-07-19T19:00:00Z,2026-07-19T22:20:35Z,history-9d163d00-8015-558f-b76c-eb7a391d5596-compact.parquet
9dfce76c-c5ae-5b69-973f-3f40196111fe,0x3de4ca3f8baa6c2e34506f4ae0bfeddfc7c29f288099e1ca8063897856763ca0,soccer-fifwc,Spain vs. Argentina - Player Props,rest,Lionel Messi: 1+ shots on target,Yes|No,No,2026-07-19T19:00:00Z,2026-07-20T03:00:00Z,2026-07-19T22:26:22Z,504.76,2026-07-19T19:00:00Z,2026-07-19T22:25:27Z,history-9dfce76c-c5ae-5b69-973f-3f40196111fe-compact.parquet
9e38660a-3a7b-5319-a666-b0a9d3b01384,0x5224e9fcdd3630f8486998dbd7ea92f7c60b479a9e7b0ea05b7fce2f9cab88bd,soccer-fifwc,Spain vs. Argentina - More Markets,spread,Spread: Argentina (-5.5),Argentina|Spain,Spain,2026-07-19T19:00:00Z,2026-07-20T03:00:00Z,2026-07-19T22:22:28Z,50730.30,2026-07-19T19:00:00Z,2026-07-19T22:22:01Z,history-9e38660a-3a7b-5319-a666-b0a9d3b01384-compact.parquet
9ef31834-f853-5bc2-92e9-e9316e0c9148,0x5f58c4a8ffe758f967e54745bc9b9521b29ee1e37c54e7a9eec07939e60fd425,soccer-fifwc,Spain vs. Argentina - Player Props,rest,Lionel Messi: 4+ shots,Yes|No,No,2026-07-19T19:00:00Z,2026-07-20T03:00:00Z,2026-07-19T22:28:29Z,3791.35,2026-07-19T19:00:00Z,2026-07-19T22:27:38Z,history-9ef31834-f853-5bc2-92e9-e9316e0c9148-compact.parquet
9f2fa2b6-9ec6-5c24-898c-80ee1fd9498f,0x5f160fc06c62b5e9d45d9f57141622a5fb06c2d414f5baf156a28601267bb502,soccer-fifwc,Spain vs. Argentina - Player Props,rest,Giuliano Simeone: 3+ goals + assists,Yes|No,No,2026-07-19T19:00:00Z,2026-07-20T03:00:00Z,2026-07-19T22:27:45Z,0.00,2026-07-19T19:00:00Z,2026-07-19T22:27:43Z,history-9f2fa2b6-9ec6-5c24-898c-80ee1fd9498f-compact.parquet
9fd2034f-31fd-58a6-8b52-7f5c8b1a4a6b,0x8e4c3ffb030641e07145389467a289415b540face10c86ee389a0055ef796e49,soccer-fifwc,Spain vs. Argentina - Player Props,rest,Giuliano Simeone: 2+ assists,Yes|No,No,2026-07-19T19:00:00Z,2026-07-20T03:00:00Z,2026-07-19T22:24:25Z,34.46,2026-07-19T19:00:00Z,2026-07-19T22:23:46Z,history-9fd2034f-31fd-58a6-8b52-7f5c8b1a4a6b-compact.parquet
a072f288-eefb-5a3a-85e5-3bce76ff0126,0x4e8b6d9305d35546e0f18757f0b138c1097a87a85c7edc347200f7b883462166,soccer-fifwc,Spain vs. Argentina - Player Props,rest,Giuliano Simeone: 1+ assists,Yes|No,No,2026-07-19T19:00:00Z,2026-07-20T03:00:00Z,2026-07-19T22:27:19Z,632.57,2026-07-19T19:00:00Z,2026-07-19T22:26:48Z,history-a072f288-eefb-5a3a-85e5-3bce76ff0126-compact.parquet
a0f426ed-f464-5734-a3fa-83c793f28d29,0x2d846d44faef4bc887807e81a165e10b2faf772470e4e66cc7d9ba89d41324d4,soccer-fifwc,Spain vs. Argentina - More Markets,total,Spain vs. Argentina: O/U 5.5,Over|Under,Under,2026-07-19T19:00:00Z,2026-07-20T03:00:00Z,2026-07-19T22:25:41Z,371319.71,2026-07-19T19:00:00Z,2026-07-19T22:25:24Z,history-a0f426ed-f464-5734-a3fa-83c793f28d29-compact.parquet
a2bc281f-d660-5eef-ad54-28ef323db5ff,0x8ea0b72b4f6f4cdc1e873df834a0e3851839a244be6ecf53cc5090b38bea4a5c,soccer-fifwc,Spain vs. Argentina - Exact Score,rest,Exact Score: Spain 0 - 0 Argentina?,Yes|No,Yes,2026-07-19T19:00:00Z,2026-07-20T03:00:00Z,2026-07-19T22:44:06Z,703601.76,2026-07-19T19:00:00Z,2026-07-19T22:42:07Z,history-a2bc281f-d660-5eef-ad54-28ef323db5ff-compact.parquet
a2d7b704-3ac1-5dff-86cb-577a6a4fc9dc,0x252c06e2f8a7d56f365255249e9363fde8a850a979330bc5c79d978419ca62b9,soccer-fifwc,Spain vs. Argentina - Player Props,rest,Pau Cubarsí: 1+ shots on target,Yes|No,Yes,2026-07-19T19:00:00Z,2026-07-20T03:00:00Z,2026-07-19T22:28:21Z,10.52,2026-07-19T19:00:00Z,2026-07-19T22:27:11Z,history-a2d7b704-3ac1-5dff-86cb-577a6a4fc9dc-compact.parquet
a387c032-9a6c-51bf-a024-1908c9e294e6,0xf9cd1c1fbb23435255ad539dada28ea1e6da4e2718457fd29e3d00c992140d97,soccer-fifwc,Spain vs. Argentina - Player Props,rest,Lionel Messi: 3+ shots on target,Yes|No,No,2026-07-19T19:00:00Z,2026-07-20T03:00:00Z,2026-07-19T22:26:18Z,18.31,2026-07-19T19:00:00Z,2026-07-19T22:25:32Z,history-a387c032-9a6c-51bf-a024-1908c9e294e6-compact.parquet
a3a34e2c-d418-5f02-8a41-551c1323efe4,0xcf5f0dd0727ba434e9f05735075e0e4ab041e67b4debdfc83fe981498c869d80,soccer-fifwc,Spain vs. Argentina - Player Props,rest,Mikel Oyarzabal: 1+ assists,Yes|No,No,2026-07-19T19:00:00Z,2026-07-20T03:00:00Z,2026-07-19T22:24:36Z,2748.28,2026-07-19T19:00:00Z,2026-07-19T22:24:21Z,history-a3a34e2c-d418-5f02-8a41-551c1323efe4-compact.parquet
a49441be-5764-5233-a29f-0dd8fa1b5e53,0x95039146f8c3532ecabac03e5812557ecbe583137cf40a75c82f631101b20a83,soccer-fifwc,Spain vs. Argentina - More Markets,total:h2,Spain vs. Argentina: 2nd Half O/U 0.5,Over|Under,Under,2026-07-19T19:00:00Z,2026-07-20T03:00:00Z,2026-07-19T22:30:05Z,9677.03,2026-07-19T19:00:00Z,2026-07-19T22:29:28Z,history-a49441be-5764-5233-a29f-0dd8fa1b5e53-compact.parquet
a4bd43a5-7910-5e23-8173-234f104da60f,0xf51c3f6e5da6463fde61bc3edf569f0ee7b77499d5c5ebcda2cba1a887d0b04d,soccer-fifwc,Spain vs. Argentina - Total Corners,total:corners,Spain vs. Argentina: O/U 6.5 Total Corners,Over|Under,Over,2026-07-19T19:00:00Z,2026-07-20T03:00:00Z,2026-07-19T22:25:54Z,38456.17,2026-07-19T19:00:00Z,2026-07-19T22:25:10Z,history-a4bd43a5-7910-5e23-8173-234f104da60f-compact.parquet
a4dc4bb9-5c7a-5e12-a9b7-f811de021790,0x9ad2c0508c39e972df09e92743de35a90555833d0377740b638058c6eaa56aec,soccer-fifwc,Spain vs. Argentina - Exact Score,rest,Exact Score: Spain 2 - 2 Argentina?,Yes|No,No,2026-07-19T19:00:00Z,2026-07-20T03:00:00Z,2026-07-19T22:27:39Z,2840007.89,2026-07-19T19:00:00Z,2026-07-19T22:27:29Z,history-a4dc4bb9-5c7a-5e12-a9b7-f811de021790-compact.parquet
a5378e53-deac-50f7-a8ff-23e739e2fd3c,0x095db205e6eaf796ac9d138db3759bb0522c62f6924659cac670456d74e0e904,soccer-fifwc,Spain vs. Argentina - Player Props,rest,Alexis Mac Allister: 2+ goals,Yes|No,No,2026-07-19T19:00:00Z,2026-07-20T03:00:00Z,2026-07-19T22:22:50Z,25441.63,2026-07-19T19:00:00Z,2026-07-19T22:22:30Z,history-a5378e53-deac-50f7-a8ff-23e739e2fd3c-compact.parquet
a5aa0b90-251c-51f5-8e24-64a25e0efa15,0xda163559797835daba84b4d517e5aafd4bb26e579b74a4ad4bcd394c42d58655,soccer-fifwc,Spain vs. Argentina - More Markets,total:h2,Spain vs. Argentina: Argentina 2nd Half O/U 0.5,Over|Under,Under,2026-07-19T19:00:00Z,2026-07-20T03:00:00Z,2026-07-19T22:31:19Z,3224.26,2026-07-19T19:00:00Z,2026-07-19T22:30:38Z,history-a5aa0b90-251c-51f5-8e24-64a25e0efa15-compact.parquet
a620476c-6ffc-5d24-9787-8539fe332be9,0x854bcfd889801952e4926a4375763c666e64e93e51d9cf2f3f16e3621542fc15,soccer-fifwc,Spain vs. Argentina - More Markets,total,Spain vs. Argentina: O/U 0.5,Over|Under,Under,2026-07-19T19:00:00Z,2026-07-20T03:00:00Z,2026-07-19T22:22:38Z,366908.16,2026-07-19T19:00:00Z,2026-07-19T22:22:36Z,history-a620476c-6ffc-5d24-9787-8539fe332be9-compact.parquet
a6b37d12-00e3-50ca-9201-413101f1439f,0x25c559f5d51539be15e559e5dd47095a8c51815d172871bee449771f136747a8,soccer-fifwc,Spain vs. Argentina - Player Props,rest,Julián Álvarez: 2+ assists,Yes|No,No,2026-07-19T19:00:00Z,2026-07-20T03:00:00Z,2026-07-19T22:27:33Z,32.00,2026-07-19T19:00:00Z,2026-07-19T22:26:43Z,history-a6b37d12-00e3-50ca-9201-413101f1439f-compact.parquet
a7036b9b-7719-568b-b8b6-a4cf4c15c4cc,0x69824e0b17c3271ac9b15095276390a832e5549cd08789bc619fe403448e6cfa,soccer-fifwc,Spain vs. Argentina - Player Props,rest,Ferrán Torres: 1+ goals,Yes|No,No,2026-07-19T19:00:00Z,2026-07-20T03:00:00Z,2026-07-19T22:19:32Z,8269.13,2026-07-19T19:00:00Z,2026-07-19T22:18:37Z,history-a7036b9b-7719-568b-b8b6-a4cf4c15c4cc-compact.parquet
a8ad5038-ec08-56cd-86ed-4634abecba65,0xd3c1f1789ad5db76e20a8ca520bc16401d677f6181fefe7063a0dd166a83bc3e,soccer-fifwc,Spain vs. Argentina - Player Props,rest,Gavi Paez: 2+ goals,Yes|No,No,2026-07-19T19:00:00Z,2026-07-20T03:00:00Z,2026-07-19T22:21:35Z,65.00,2026-07-19T19:00:00Z,2026-07-19T22:20:31Z,history-a8ad5038-ec08-56cd-86ed-4634abecba65-compact.parquet
a8f74dfa-1611-556d-8b68-aaa32330a988,0x6ba8373e4a25a24eb31cf2f0a478a5cb04e3ad5ddb8dfbc07526ed0780ba3842,soccer-fifwc,Spain vs. Argentina - Player Props,rest,Julián Álvarez: 1+ goals + assists,Yes|No,No,2026-07-19T19:00:00Z,2026-07-20T03:00:00Z,2026-07-19T22:23:05Z,0.00,2026-07-19T19:00:00Z,2026-07-19T22:22:46Z,history-a8f74dfa-1611-556d-8b68-aaa32330a988-compact.parquet
a99a61a7-f4f0-5a6d-93b5-b261df35c508,0xf905dd41ac44285848277d97fc13d020ff4c1ec53a9ea43bb468e7c35795eb80,soccer-fifwc,Spain vs. Argentina - Player Props,rest,Alexis Mac Allister: 1+ assists,Yes|No,No,2026-07-19T19:00:00Z,2026-07-20T03:00:00Z,2026-07-19T22:24:10Z,5531.83,2026-07-19T19:00:00Z,2026-07-19T22:23:41Z,history-a99a61a7-f4f0-5a6d-93b5-b261df35c508-compact.parquet
aa3d62ee-4a56-54fd-991a-37135fcf3416,0x57db5a0be9383fc3cac3d8e4f5c1fd6c25184b8c93c2fe1a648e7c28d7abb658,soccer-fifwc,Spain vs. Argentina - Player Props,rest,Lionel Messi: 2+ goals + assists,Yes|No,No,2026-07-19T19:00:00Z,2026-07-20T03:00:00Z,2026-07-19T22:22:40Z,0.00,2026-07-19T19:00:00Z,2026-07-19T22:22:33Z,history-aa3d62ee-4a56-54fd-991a-37135fcf3416-compact.parquet
aa5c2a57-a05b-52bc-b9eb-80725665a8e1,0x4834a6dffa1cf932b1a971875c8a8e9259bcf6704b89c318915c487fa09f6cda,soccer-fifwc,Spain vs. Argentina - Player Props,rest,Alex Baena: 1+ shots on target,Yes|No,Yes,2026-07-19T19:00:00Z,2026-07-20T03:00:00Z,2026-07-19T22:24:35Z,36.00,2026-07-19T19:00:00Z,2026-07-19T22:23:39Z,history-aa5c2a57-a05b-52bc-b9eb-80725665a8e1-compact.parquet
aadb3639-8e09-5333-8963-6debc9317ea2,0xffe4e5bb391fd04e86205e2d64cd24106b672fe658fc3505696fed3c69c66da8,soccer-fifwc,Spain vs. Argentina - Total Corners,total:corners:h1,Spain vs. Argentina: 1st Half O/U 3.5 Total Corners,Over|Under,Under,2026-07-19T19:00:00Z,2026-07-20T03:00:00Z,2026-07-19T22:31:15Z,39540.42,2026-07-19T19:00:00Z,2026-07-19T22:31:11Z,history-aadb3639-8e09-5333-8963-6debc9317ea2-compact.parquet
ab354858-89ab-59a6-a47c-9c316ebbecce,0xc6981ef20be3fe328cc9e93c828d47a61e8f4cb5705ad042c844cf6bd0ec4747,soccer-fifwc,Spain vs. Argentina - Total Corners,total:corners:h2,Spain vs. Argentina: 2nd Half O/U 3.5 Total Corners,Over|Under,Over,2026-07-19T19:00:00Z,2026-07-20T03:00:00Z,2026-07-19T22:31:25Z,610.45,2026-07-19T19:00:00Z,2026-07-19T22:30:43Z,history-ab354858-89ab-59a6-a47c-9c316ebbecce-compact.parquet
ab59762c-b494-5d98-864d-218fe5e3d6d3,0xc8bd00ae9a6ca20bed41fc6832301c34122f51e2dcd7f40bc370512b9e8f2501,soccer-fifwc,Spain vs. Argentina - Player Props,rest,Lautaro Martínez: 2+ goals + assists,Yes|No,No,2026-07-19T19:00:00Z,2026-07-20T03:00:00Z,2026-07-19T22:22:23Z,380.00,2026-07-19T19:00:00Z,2026-07-19T22:21:52Z,history-ab59762c-b494-5d98-864d-218fe5e3d6d3-compact.parquet
acb2f966-3e03-5d96-b408-fd83cf508371,0xa591124b824dd4b1ecc2a6ade255dd6063c979e1fe91c1706ec1c7229380ab39,soccer-fifwc,Spain vs. Argentina - Exact Score,rest,Exact Score: Spain 2 - 0 Argentina?,Yes|No,No,2026-07-19T19:00:00Z,2026-07-20T03:00:00Z,2026-07-19T22:26:44Z,703392.55,2026-07-19T19:00:00Z,2026-07-19T22:26:06Z,history-acb2f966-3e03-5d96-b408-fd83cf508371-compact.parquet
ad1dd32b-2eac-5c28-a872-e21f0d58d3c5,0x97fbdb8fbd59a631f1d9fe12aaeb5bea690292c2805fd5c3622f4a3b95f745af,soccer-fifwc,Spain vs. Argentina - More Markets,total:h1,Spain vs. Argentina: 1st Half O/U 0.5,Over|Under,Under,2026-07-19T19:00:00Z,2026-07-20T03:00:00Z,2026-07-19T22:31:49Z,174771.33,2026-07-19T19:00:00Z,2026-07-19T22:31:24Z,history-ad1dd32b-2eac-5c28-a872-e21f0d58d3c5-compact.parquet
add3c8dc-3d7f-52ae-b2d5-2086983c37cc,0xe7d17d92e79201e65202ccc6cda6b869e9106849af8639bb7e99c1f7c02865ef,soccer-fifwc,Spain vs. Argentina - Player Props,rest,Pedri: 2+ shots,Yes|No,No,2026-07-19T19:00:00Z,2026-07-20T03:00:00Z,2026-07-19T22:29:47Z,58.47,2026-07-19T19:00:00Z,2026-07-19T22:28:54Z,history-add3c8dc-3d7f-52ae-b2d5-2086983c37cc-compact.parquet
ae6bdeea-5351-5669-84de-1a1f2d447e3a,0xdf49a96030165c978b9508ff334f7bfa2fce7e88cf98013dcb2979d49e99b09a,soccer-fifwc,Spain vs. Argentina - Player Props,rest,Lautaro Martínez: 1+ goals + assists,Yes|No,No,2026-07-19T19:00:00Z,2026-07-20T03:00:00Z,2026-07-19T22:27:31Z,503.11,2026-07-19T19:00:00Z,2026-07-19T22:26:57Z,history-ae6bdeea-5351-5669-84de-1a1f2d447e3a-compact.parquet
aec7a6bc-e53f-559c-acc2-b232741c33d7,0xc0323c82e7c226ec9111655432859147e45e54c7801506ef1749bbb99a03a7a5,soccer-fifwc,Spain vs. Argentina - Exact Score,rest,Exact Score: Spain 2 - 1 Argentina?,Yes|No,No,2026-07-19T19:00:00Z,2026-07-20T03:00:00Z,2026-07-19T22:29:04Z,2626815.97,2026-07-19T19:00:00Z,2026-07-19T22:28:23Z,history-aec7a6bc-e53f-559c-acc2-b232741c33d7-compact.parquet
af4e9fb0-3a97-5756-b5a3-6c99792f07a3,0x3a264c2fc72de324179a098953c47a3668f3a57f1b63149a227d5bf50f026ac3,soccer-fifwc,Spain vs. Argentina - Player Props,rest,David Raya: 2+ saves,Yes|No,No,2026-07-19T19:00:00Z,2026-07-20T03:00:00Z,2026-07-19T22:26:16Z,2606.57,2026-07-19T19:00:00Z,2026-07-19T22:25:28Z,history-af4e9fb0-3a97-5756-b5a3-6c99792f07a3-compact.parquet
b0d77269-157e-51cc-9cd7-e352e7067d41,0x358bca79910719a38752c415d66b08ef7d96b6d4376e7d6769de6ecc54c5609d,soccer-fifwc,Spain vs. Argentina - Second Half Result,segment_winner:h2,Spain vs. Argentina: Second half draw?,Yes|No,Yes,2026-07-19T19:00:00Z,2026-07-20T03:00:00Z,2026-07-19T22:35:48Z,3847.57,2026-07-19T19:00:00Z,2026-07-19T22:34:30Z,history-b0d77269-157e-51cc-9cd7-e352e7067d41-compact.parquet
b1889980-67f7-58ef-a33b-7ec6fdecb7bb,0xd20f78b31befd2678eea8227e07a9d7104358071475b4e3985abb3274b993fc3,soccer-fifwc,Spain vs. Argentina - Player Props,rest,Julián Álvarez: 3+ goals,Yes|No,No,2026-07-19T19:00:00Z,2026-07-20T03:00:00Z,2026-07-19T22:23:06Z,211.71,2026-07-19T19:00:00Z,2026-07-19T22:22:38Z,history-b1889980-67f7-58ef-a33b-7ec6fdecb7bb-compact.parquet
b22ea104-4951-5d3b-9a5e-e75e5567e5eb,0xb70258db53f7e93ba9271e6b541b397b10f56f5f3260cc39c1b2d6ce9e459f37,soccer-fifwc,Spain vs. Argentina - Player Props,rest,Lautaro Martínez: 3+ goals,Yes|No,No,2026-07-19T19:00:00Z,2026-07-20T03:00:00Z,2026-07-19T22:23:00Z,1360.21,2026-07-19T19:00:00Z,2026-07-19T22:22:43Z,history-b22ea104-4951-5d3b-9a5e-e75e5567e5eb-compact.parquet
b2b3ba75-ccd4-5855-996f-b9ba07e73804,0x06016bb963572835f6e7b50ef57272a4e99c833d34674b64c78a81cde3d35768,soccer-fifwc,Spain vs. Argentina - Player Props,rest,Mikel Merino: 1+ assists,Yes|No,No,2026-07-19T19:00:00Z,2026-07-20T03:00:00Z,2026-07-19T22:27:21Z,380.66,2026-07-19T19:00:00Z,2026-07-19T22:26:09Z,history-b2b3ba75-ccd4-5855-996f-b9ba07e73804-compact.parquet
b31ee705-c7b4-5bd1-af89-10b3512196f4,0x3aef2c7978419040fb4803d5b7653f7bc788ddc416bff1088c126dcea3c703c2,soccer-fifwc,Spain vs. Argentina - More Markets,rest,Spain vs. Argentina: Will the Match Go to a Penalty Shootout?,Yes|No,No,2026-07-19T19:00:00Z,2026-07-20T03:00:00Z,2026-07-19T22:29:46Z,110955.58,2026-07-19T19:00:00Z,2026-07-19T22:28:44Z,history-b31ee705-c7b4-5bd1-af89-10b3512196f4-compact.parquet
b39d4c18-6cc7-5586-95c6-97e861a94052,0x7706b2e3034b1117e03f6128aba8dfd5dd66d90380dfb4bc5856ff0fd649b3a0,soccer-fifwc,Spain vs. Argentina - Second Half Result,segment_winner:h2,Spain to win the second half?,Yes|No,No,2026-07-19T19:00:00Z,2026-07-20T03:00:00Z,2026-07-19T22:30:51Z,9988.62,2026-07-19T19:00:00Z,2026-07-19T22:30:23Z,history-b39d4c18-6cc7-5586-95c6-97e861a94052-compact.parquet
b3b0fd21-057f-5fda-94c6-34f5243abc8e,0x30edb86b84f6b6fd8093604e6c3840dddf2668359dbac505711c211146fd731a,soccer-fifwc,Spain vs. Argentina - Player Props,rest,Dani Olmo: 3+ goals + assists,Yes|No,No,2026-07-19T19:00:00Z,2026-07-20T03:00:00Z,2026-07-19T22:25:47Z,0.00,2026-07-19T19:00:00Z,2026-07-19T22:24:53Z,history-b3b0fd21-057f-5fda-94c6-34f5243abc8e-compact.parquet
b42ed348-ee81-5354-a04a-a8587dd74ea5,0x0c9ea0b1503b95b499975674aefdbd6c235f68885f2a812e97ca96016b207e43,soccer-fifwc,Spain vs. Argentina,rest,Will Argentina win on 2026-07-19?,Yes|No,No,2026-07-19T19:00:00Z,2026-07-20T03:00:00Z,2026-07-19T22:22:49Z,6328582.75,2026-07-19T19:00:00Z,2026-07-19T22:21:42Z,history-b42ed348-ee81-5354-a04a-a8587dd74ea5-compact.parquet
b43d6eb8-c9ce-5b28-9d55-02fec115c8f8,0xbbddce2dea1cd7f06e169e109e94fb23361613db06683774817cba65e6bf52bc,soccer-fifwc,Spain vs. Argentina - Player Props,rest,Nicolás González: 4+ goals + assists,Yes|No,No,2026-07-19T19:00:00Z,2026-07-20T03:00:00Z,2026-07-19T22:23:00Z,0.00,2026-07-19T19:00:00Z,2026-07-19T22:22:44Z,history-b43d6eb8-c9ce-5b28-9d55-02fec115c8f8-compact.parquet
b8104425-2e2e-5868-b639-41b68adbb081,0xdd4534f996e8f8e10dc9e6a86fd1acfd35d4723b80c2d2208bf2aed86b90c213,soccer-fifwc,Spain vs. Argentina - Player Props,rest,Fabián Ruiz: 2+ assists,Yes|No,No,2026-07-19T19:00:00Z,2026-07-20T03:00:00Z,2026-07-19T22:24:10Z,15.11,2026-07-19T19:00:00Z,2026-07-19T22:23:11Z,history-b8104425-2e2e-5868-b639-41b68adbb081-compact.parquet
b880dd61-adcd-50a8-a9a4-9e43625e74fb,0xea3a43cfe43b5bf81aa736f0d6204f0f2b298425df4612a6ab21ed513b0d42ae,soccer-fifwc,Spain vs. Argentina - Exact Score,rest,Exact Score: Spain 1 - 2 Argentina?,Yes|No,No,2026-07-19T19:00:00Z,2026-07-20T03:00:00Z,2026-07-19T22:27:42Z,2392533.23,2026-07-19T19:00:00Z,2026-07-19T22:27:15Z,history-b880dd61-adcd-50a8-a9a4-9e43625e74fb-compact.parquet
bb671ba8-5fa9-59e4-8a2c-56cbfeb5b974,0x25bf240c58700c1fb56b7925cf8285599fd415de8bc378fe79363208252e72c9,soccer-fifwc,Spain vs. Argentina - Player Props,rest,Aymeric Laporte: 2+ shots,Yes|No,No,2026-07-19T19:00:00Z,2026-07-20T03:00:00Z,2026-07-19T22:30:48Z,30.48,2026-07-19T19:00:00Z,2026-07-19T22:30:29Z,history-bb671ba8-5fa9-59e4-8a2c-56cbfeb5b974-compact.parquet
bc29c468-778e-5d15-9086-1202e084ac28,0x32b2eb50e1f2e6a4bc2e8a84ebd1bccc65cbe2ac4bbfca8ec8bfa18a59d3305a,soccer-fifwc,Spain vs. Argentina - Player Props,rest,Dani Olmo: 2+ goals,Yes|No,No,2026-07-19T19:00:00Z,2026-07-20T03:00:00Z,2026-07-19T22:22:08Z,6277.10,2026-07-19T19:00:00Z,2026-07-19T22:21:41Z,history-bc29c468-778e-5d15-9086-1202e084ac28-compact.parquet
bc4757f6-9380-5ff0-a220-a2919e558db3,0x4769f0406e424296c334dc6146063b2521edf665f9d301030898a7d3cdd90531,soccer-fifwc,Spain vs. Argentina - Total Corners,total:corners,Spain vs. Argentina: Argentina O/U 4.5 Corners,Over|Under,Under,2026-07-19T19:00:00Z,2026-07-20T03:00:00Z,2026-07-19T22:29:09Z,10086.83,2026-07-19T19:00:00Z,2026-07-19T22:28:12Z,history-bc4757f6-9380-5ff0-a220-a2919e558db3-compact.parquet
bcacd5b4-f22a-5b30-931f-6e12f689821a,0x468c789fefdc799207b3bca2482476b6cd6478d8416481961bc910fdaeedc664,soccer-fifwc,Spain vs. Argentina - More Markets,total,Spain vs. Argentina: O/U 7.5,Over|Under,Under,2026-07-19T19:00:00Z,2026-07-20T03:00:00Z,2026-07-19T22:25:42Z,248148.08,2026-07-19T19:00:00Z,2026-07-19T22:25:10Z,history-bcacd5b4-f22a-5b30-931f-6e12f689821a-compact.parquet
bcd56067-f770-5042-aff8-9130a85184dc,0xdd05753ca9a047cdebf35a0531a454792f5c0071f67d3691c2fa59d3dd655fed,soccer-fifwc,Spain vs. Argentina - Player Props,rest,Nico Williams: 3+ goals,Yes|No,No,2026-07-19T19:00:00Z,2026-07-20T03:00:00Z,2026-07-19T22:21:51Z,3143.04,2026-07-19T19:00:00Z,2026-07-19T22:21:09Z,history-bcd56067-f770-5042-aff8-9130a85184dc-compact.parquet
bd2a05cd-d5ad-57ed-ab1a-029dbf092d4b,0xcffdd610cf8b59ed680e1c3750a6697ba4c83620fe1f6df9a2c0006a22ea7a35,soccer-fifwc,Spain vs. Argentina - Player Props,rest,Lautaro Martínez: 1+ assists,Yes|No,No,2026-07-19T19:00:00Z,2026-07-20T03:00:00Z,2026-07-19T22:24:15Z,5625.51,2026-07-19T19:00:00Z,2026-07-19T22:23:45Z,history-bd2a05cd-d5ad-57ed-ab1a-029dbf092d4b-compact.parquet
be1b7deb-00f4-5b47-90d8-0e2eaef2e1a1,0x2f584f7d9405ac1e0382f7faff05e6ba19096386834d32378f265e18f056f991,soccer-fifwc,Spain vs. Argentina - More Markets,total:h1,Spain vs. Argentina: Spain 1st Half O/U 0.5,Over|Under,Under,2026-07-19T19:00:00Z,2026-07-20T03:00:00Z,2026-07-19T22:31:24Z,4937.62,2026-07-19T19:00:00Z,2026-07-19T22:30:35Z,history-be1b7deb-00f4-5b47-90d8-0e2eaef2e1a1-compact.parquet
be852c2b-1a02-5f1d-ab6c-1dc8522d458c,0x6e1846578aa34ac3e7ec65dff57e84ae892c68b1b56d611bc7692278ef006ea6,soccer-fifwc,Spain vs. Argentina - More Markets,total,Spain vs. Argentina: Spain O/U 1.5,Over|Under,Under,2026-07-19T19:00:00Z,2026-07-20T03:00:00Z,2026-07-19T22:25:36Z,133928.69,2026-07-19T19:00:00Z,2026-07-19T22:24:32Z,history-be852c2b-1a02-5f1d-ab6c-1dc8522d458c-compact.parquet
be954b67-bd4d-5725-beb3-822429ac09f7,0x8809d842ce4a024bef76f13e136e3acb15a6e2bd4421f9691cf080cd7958009d,soccer-fifwc,Spain vs. Argentina - Player Props,rest,Alexis Mac Allister: 3+ shots,Yes|No,No,2026-07-19T19:00:00Z,2026-07-20T03:00:00Z,2026-07-19T22:29:31Z,3232.83,2026-07-19T19:00:00Z,2026-07-19T22:28:57Z,history-be954b67-bd4d-5725-beb3-822429ac09f7-compact.parquet
bee9058c-b3b7-5daf-99f3-2ebc11836cf7,0x01245ad9fd5b3a70dfad73891d80bc5fed231f6de1625cd56b145f6523389006,soccer-fifwc,Spain vs. Argentina - Total Corners,total:corners,Spain vs. Argentina: O/U 12.5 Total Corners,Over|Under,Under,2026-07-19T19:00:00Z,2026-07-20T03:00:00Z,2026-07-19T22:26:12Z,13666.29,2026-07-19T19:00:00Z,2026-07-19T22:24:57Z,history-bee9058c-b3b7-5daf-99f3-2ebc11836cf7-compact.parquet
bf460a9c-4df2-5cf9-ba7b-6352040103b3,0x75350dba1028dbe8656e01f28380e1230eb259d6542c3ee967b73a0d61934885,soccer-fifwc,Spain vs. Argentina - Player Props,rest,Enzo Fernández: 4+ goals + assists,Yes|No,No,2026-07-19T19:00:00Z,2026-07-20T03:00:00Z,2026-07-19T22:22:50Z,13.72,2026-07-19T19:00:00Z,2026-07-19T22:22:38Z,history-bf460a9c-4df2-5cf9-ba7b-6352040103b3-compact.parquet
c07b1970-e36e-52cb-aeae-306dd66451ff,0xd69eec791ee7670d2f83aac8fa50d3de901db9040eb9e2c3dbb58e418cc47a94,soccer-fifwc,Spain vs. Argentina - Player Props,rest,Lionel Messi: 1+ goals,Yes|No,No,2026-07-19T19:00:00Z,2026-07-20T03:00:00Z,2026-07-19T22:17:46Z,622584.09,2026-07-19T19:00:00Z,2026-07-19T22:16:40Z,history-c07b1970-e36e-52cb-aeae-306dd66451ff-compact.parquet
c0fca14e-b2f7-5df7-9924-f0e9384f015b,0x019ee3c2925297b24c7d69e3fc333cef17b4da9f2466668c6f158eb1db3a183b,soccer-fifwc,Spain vs. Argentina - Player Props,rest,Lamine Yamal: 1+ goals,Yes|No,No,2026-07-19T19:00:00Z,2026-07-20T03:00:00Z,2026-07-19T22:27:24Z,319225.64,2026-07-19T19:00:00Z,2026-07-19T22:26:35Z,history-c0fca14e-b2f7-5df7-9924-f0e9384f015b-compact.parquet
c14f457d-b67c-555f-b606-543ad809a2c1,0xbdef8b9cd2d2fa77ded61c7944faa2104e69dcf544cc3eadddf2e1088aad3551,soccer-fifwc,Spain vs. Argentina - Exact Score,rest,Exact Score: Spain 3 - 0 Argentina?,Yes|No,No,2026-07-19T19:00:00Z,2026-07-20T03:00:00Z,2026-07-19T22:27:36Z,2731472.54,2026-07-19T19:00:00Z,2026-07-19T22:27:18Z,history-c14f457d-b67c-555f-b606-543ad809a2c1-compact.parquet
c174574d-5b39-5a7f-a0e9-a254a483ae55,0xba5b976aee6f243b85598669243d29526387735540244214bf430fa3c19feafc,soccer-fifwc,Spain vs. Argentina - Player Props,rest,Dani Olmo: 1+ shots on target,Yes|No,Yes,2026-07-19T19:00:00Z,2026-07-20T03:00:00Z,2026-07-19T22:26:26Z,0.00,2026-07-19T19:00:00Z,2026-07-19T22:25:32Z,history-c174574d-5b39-5a7f-a0e9-a254a483ae55-compact.parquet
c32ac423-d5c2-508a-8e7f-3580a3f4fff1,0x570faca7491b83b17a111b4597248dd40bf6cd6d337d1d41e018ace632576715,soccer-fifwc,Spain vs. Argentina - Player Props,rest,Ferrán Torres: 2+ assists,Yes|No,No,2026-07-19T19:00:00Z,2026-07-20T03:00:00Z,2026-07-19T22:22:55Z,0.00,2026-07-19T19:00:00Z,2026-07-19T22:22:43Z,history-c32ac423-d5c2-508a-8e7f-3580a3f4fff1-compact.parquet
c40e0099-2c14-503d-ad2a-1ccf532cd2ab,0x9445e087a83d0a009558e248d1f13417ffcdeafb94dacccb93d6b23b1568cc9f,soccer-fifwc,Spain vs. Argentina - Player Props,rest,Giuliano Simeone: 4+ goals + assists,Yes|No,No,2026-07-19T19:00:00Z,2026-07-20T03:00:00Z,2026-07-19T22:22:50Z,0.00,2026-07-19T19:00:00Z,2026-07-19T22:22:36Z,history-c40e0099-2c14-503d-ad2a-1ccf532cd2ab-compact.parquet
c4534dc6-6450-50d4-9163-8ced5ca7cabc,0xad5948bf8e73104f13f5ee86593a5add8e6cc374195d1e33465b53113652f4de,soccer-fifwc,Spain vs. Argentina - Player Props,rest,Julián Álvarez: 5+ shots,Yes|No,No,2026-07-19T19:00:00Z,2026-07-20T03:00:00Z,2026-07-19T22:29:04Z,402.04,2026-07-19T19:00:00Z,2026-07-19T22:28:33Z,history-c4534dc6-6450-50d4-9163-8ced5ca7cabc-compact.parquet
c692c6ff-ba85-53e5-bdb7-c0aa9f69cbc7,0x6a91746d8cc57b8e99cc3f6343746b60fbfd055a21f7a7b805af7b0ea42f61ea,soccer-fifwc,Spain vs. Argentina - More Markets,rest,Spain vs. Argentina: Will the Match Go to Extra Time?,Yes|No,Yes,2026-07-19T19:00:00Z,2026-07-20T03:00:00Z,2026-07-19T22:29:52Z,58154.34,2026-07-19T19:00:00Z,2026-07-19T22:28:45Z,history-c692c6ff-ba85-53e5-bdb7-c0aa9f69cbc7-compact.parquet
c6ff3234-907d-5439-af89-c05278ca2f7c,0x975b61c88bdea9e2d97afb9ec9d81732ff27c4df3945d150cfbe52c80c330949,soccer-fifwc,Spain vs. Argentina - Player Props,rest,Rodri: 3+ shots,Yes|No,No,2026-07-19T19:00:00Z,2026-07-20T03:00:00Z,2026-07-19T22:29:53Z,953.35,2026-07-19T19:00:00Z,2026-07-19T22:28:42Z,history-c6ff3234-907d-5439-af89-c05278ca2f7c-compact.parquet
c79799e1-bea5-54ac-80cf-152359c503d8,0x71ed051053140e6fb24d9dd2e766420148ef2f04e63d9a157cab231dea65fd80,soccer-fifwc,Spain vs. Argentina - Player Props,rest,Alex Baena: 2+ shots,Yes|No,No,2026-07-19T19:00:00Z,2026-07-20T03:00:00Z,2026-07-19T22:29:57Z,6251.51,2026-07-19T19:00:00Z,2026-07-19T22:28:46Z,history-c79799e1-bea5-54ac-80cf-152359c503d8-compact.parquet
ca06bee2-e80c-5311-9550-d0feba2ca5ed,0x53da62774d757d6a651c69a1aca70f7765ed6b840bd1f4b209692f8d6c0c2d4e,soccer-fifwc,Spain vs. Argentina - Exact Score,rest,Exact Score: Spain 2 - 3 Argentina?,Yes|No,No,2026-07-19T19:00:00Z,2026-07-20T03:00:00Z,2026-07-19T22:27:50Z,13195385.48,2026-07-19T19:00:00Z,2026-07-19T22:27:38Z,history-ca06bee2-e80c-5311-9550-d0feba2ca5ed-compact.parquet
cafdc08a-08dc-53df-8881-f313ed649e85,0xa66c4f39b4b98df301b9d8e27a0f065b803d32d482081678d5ea97e50bf8ddca,soccer-fifwc,Spain vs. Argentina - Player Props,rest,Alexis Mac Allister: 1+ shots on target,Yes|No,No,2026-07-19T19:00:00Z,2026-07-20T03:00:00Z,2026-07-19T22:31:22Z,76.20,2026-07-19T19:00:00Z,2026-07-19T22:30:54Z,history-cafdc08a-08dc-53df-8881-f313ed649e85-compact.parquet
cdc03319-86ca-5623-87da-a8412720fa84,0xc3186229a1a7001041fe5debd8a6581b8f59bdfad4fe2a0e99bcf1c2a665e881,soccer-fifwc,Spain vs. Argentina - Player Props,rest,Mikel Oyarzabal: 2+ shots on target,Yes|No,No,2026-07-19T19:00:00Z,2026-07-20T03:00:00Z,2026-07-19T22:29:30Z,0.00,2026-07-19T19:00:00Z,2026-07-19T22:28:44Z,history-cdc03319-86ca-5623-87da-a8412720fa84-compact.parquet
d2dd399c-a7d8-56c4-8be0-aefb07aabdbe,0x605ca8a924b3bab0eab9c8db67b20b1260176b68d82842506b246fcfca69c428,soccer-fifwc,Spain vs. Argentina - Exact Score,rest,Exact Score: Spain 0 - 1 Argentina?,Yes|No,No,2026-07-19T19:00:00Z,2026-07-20T03:00:00Z,2026-07-19T22:27:48Z,328264.86,2026-07-19T19:00:00Z,2026-07-19T22:26:37Z,history-d2dd399c-a7d8-56c4-8be0-aefb07aabdbe-compact.parquet
d3b970a6-4eb7-5bbd-8439-a982476814a5,0x54e57a5121e0b160dff8c43c482e43e0fbda1694ccefe691a7a672a1f3365ab7,soccer-fifwc,Spain vs. Argentina - More Markets,total:h2,Spain vs. Argentina: 2nd Half O/U 2.5,Over|Under,Under,2026-07-19T19:00:00Z,2026-07-20T03:00:00Z,2026-07-19T22:30:05Z,6973.91,2026-07-19T19:00:00Z,2026-07-19T22:29:12Z,history-d3b970a6-4eb7-5bbd-8439-a982476814a5-compact.parquet
d3eb2c66-e3e0-59d0-80a4-3f3887e51582,0xfb31267b0ce1e293e1ec41c4a5d3f45e7d33ef89625e7629ce8e2f3c76470894,soccer-fifwc,Spain vs. Argentina - Player Props,rest,Lionel Messi: 4+ goals + assists,Yes|No,No,2026-07-19T19:00:00Z,2026-07-20T03:00:00Z,2026-07-19T22:25:36Z,0.00,2026-07-19T19:00:00Z,2026-07-19T22:25:08Z,history-d3eb2c66-e3e0-59d0-80a4-3f3887e51582-compact.parquet
d53a845e-b9d2-5efb-bc76-3b15cca42e8a,0x05641be410b5a0a89cdc7d5c5f40b5fde14ae3c8726142e829b078228b74214e,soccer-fifwc,Spain vs. Argentina - Player Props,rest,Alex Baena: 1+ goals + assists,Yes|No,No,2026-07-19T19:00:00Z,2026-07-20T03:00:00Z,2026-07-19T22:21:39Z,0.00,2026-07-19T19:00:00Z,2026-07-19T22:20:42Z,history-d53a845e-b9d2-5efb-bc76-3b15cca42e8a-compact.parquet
d5b5f5d6-704e-54bb-9135-ff59b394ddde,0x4d52a2708551cbcaaceec8be7133f55604b8ec2b725487ffea5b85a5b87f5e3f,soccer-fifwc,Spain vs. Argentina - Player Props,rest,Dani Olmo: 2+ shots,Yes|No,Yes,2026-07-19T19:00:00Z,2026-07-20T03:00:00Z,2026-07-19T22:30:09Z,3003.63,2026-07-19T19:00:00Z,2026-07-19T22:29:12Z,history-d5b5f5d6-704e-54bb-9135-ff59b394ddde-compact.parquet
d9c46522-b4f6-53ba-8450-bcb3599d901b,0xaf454951d97b858522765944eee086d7e0f94a2a7709de1e6d83b9637556aa9c,soccer-fifwc,Spain vs. Argentina - Player Props,rest,Cristian Romero: 1+ shots,Yes|No,No,2026-07-19T19:00:00Z,2026-07-20T03:00:00Z,2026-07-19T22:27:52Z,164.22,2026-07-19T19:00:00Z,2026-07-19T22:27:36Z,history-d9c46522-b4f6-53ba-8450-bcb3599d901b-compact.parquet
d9e40483-73b0-5954-9492-cdfde552bee8,0xc84b57a9bf8219d56d6cce63adf4425e5dccb990a567e35c828a42ebeec0e7b6,soccer-fifwc,Spain vs. Argentina - Player Props,rest,Ferrán Torres: 2+ goals,Yes|No,No,2026-07-19T19:00:00Z,2026-07-20T03:00:00Z,2026-07-19T22:23:59Z,98.00,2026-07-19T19:00:00Z,2026-07-19T22:23:31Z,history-d9e40483-73b0-5954-9492-cdfde552bee8-compact.parquet
da03b9ab-2178-501a-8c81-817fad062600,0x78c1c2961d722a1e38a95718995ba8de4a8866d56abd35e440c8b6797602958b,soccer-fifwc,Spain vs. Argentina - Player Props,rest,Nicolás Paz: 2+ goals,Yes|No,No,2026-07-19T19:00:00Z,2026-07-20T03:00:00Z,2026-07-19T22:22:07Z,1740.00,2026-07-19T19:00:00Z,2026-07-19T22:21:31Z,history-da03b9ab-2178-501a-8c81-817fad062600-compact.parquet
db1475ab-ea5c-56c7-9531-9282a921ef83,0x1a7e34f7064fe41c9c2303558dbfecf49d06d4b1fb3561bdb99e2c1978bf867f,soccer-fifwc,Spain vs. Argentina - More Markets,total,Spain vs. Argentina: Spain O/U 0.5,Over|Under,Under,2026-07-19T19:00:00Z,2026-07-20T03:00:00Z,2026-07-19T22:25:37Z,71172.45,2026-07-19T19:00:00Z,2026-07-19T22:24:30Z,history-db1475ab-ea5c-56c7-9531-9282a921ef83-compact.parquet
dd461721-a980-5128-b6ae-11675f08722c,0x64264540f2d4dd5b33c9e3ecf5e6a9f183e0976fa086ed7bcd5944faf4b5cc59,soccer-fifwc,Spain vs. Argentina - Player Props,rest,Rodrigo de Paul: 3+ shots,Yes|No,No,2026-07-19T19:00:00Z,2026-07-20T03:00:00Z,2026-07-19T22:28:07Z,1148.87,2026-07-19T19:00:00Z,2026-07-19T22:27:39Z,history-dd461721-a980-5128-b6ae-11675f08722c-compact.parquet
dfa20bf2-ce71-5a29-b47b-c8daae57d95a,0x728571c0a14817caaee942d46c35d3cefe588803e1a0aa8c866189b96b9b52be,soccer-fifwc,Spain vs. Argentina - Player Props,rest,Nicolás González: 1+ goals + assists,Yes|No,No,2026-07-19T19:00:00Z,2026-07-20T03:00:00Z,2026-07-19T22:27:40Z,290.16,2026-07-19T19:00:00Z,2026-07-19T22:27:38Z,history-dfa20bf2-ce71-5a29-b47b-c8daae57d95a-compact.parquet
e02c984a-190c-5462-906f-e4019b9ea66f,0x1b98fa0638d27f538558ebede5ea39fdb015780365e48d5080e9770910ac307c,soccer-fifwc,Spain vs. Argentina - More Markets,total:h2,Spain vs. Argentina: Spain 2nd Half O/U 0.5,Over|Under,Under,2026-07-19T19:00:00Z,2026-07-20T03:00:00Z,2026-07-19T22:31:30Z,9203.94,2026-07-19T19:00:00Z,2026-07-19T22:31:02Z,history-e02c984a-190c-5462-906f-e4019b9ea66f-compact.parquet
e117cf35-0e0b-582a-bb7d-8ac756660f8c,0xca43f17c1430f97d804b6f49c6084fe67a8e07d16dbcb0bf0314d679f65e8016,soccer-fifwc,Spain vs. Argentina - More Markets,btts,Spain vs. Argentina: Both Teams to Score,Yes|No,No,2026-07-19T19:00:00Z,2026-07-20T03:00:00Z,2026-07-19T22:27:04Z,2778342.41,2026-07-19T19:00:00Z,2026-07-19T22:26:44Z,history-e117cf35-0e0b-582a-bb7d-8ac756660f8c-compact.parquet
e232b4f3-f8a3-5b18-8057-d0075e1995f1,0x7c30d44ab05b1133c849ab4361afee652460c0ed7996e581e2f86b5368246937,soccer-fifwc,Spain vs. Argentina - Player Props,rest,Alexis Mac Allister: 1+ shots,Yes|No,No,2026-07-19T19:00:00Z,2026-07-20T03:00:00Z,2026-07-19T22:31:33Z,7219.04,2026-07-19T19:00:00Z,2026-07-19T22:30:41Z,history-e232b4f3-f8a3-5b18-8057-d0075e1995f1-compact.parquet
e2d360b3-349a-51aa-b158-845c0666e8dd,0x9f1e3f9ffe693cef38362b59fe4078b6a518ef65ba4a68b8e6d759948ef52764,soccer-fifwc,Spain vs. Argentina - Player Props,rest,Alexis Mac Allister: 2+ shots on target,Yes|No,No,2026-07-19T19:00:00Z,2026-07-20T03:00:00Z,2026-07-19T22:29:37Z,1033.23,2026-07-19T19:00:00Z,2026-07-19T22:28:51Z,history-e2d360b3-349a-51aa-b158-845c0666e8dd-compact.parquet
e36312e7-aa17-51dd-9a43-d62e2a808e06,0x3c7263ff4f2197921cf39b6d9c29800d6819b1f8b1031d7e0f2a9fb4cec13411,soccer-fifwc,Spain vs. Argentina - More Markets,total:h1,Spain vs. Argentina: Spain 1st Half O/U 1.5,Over|Under,Under,2026-07-19T19:00:00Z,2026-07-20T03:00:00Z,2026-07-19T22:30:54Z,8550.20,2026-07-19T19:00:00Z,2026-07-19T22:30:38Z,history-e36312e7-aa17-51dd-9a43-d62e2a808e06-compact.parquet
e3693e2d-53d2-54f4-a466-72adabece9f3,0xd70de03c51abded037a736eca7f2b9eb2f7de1628dd329e3cc3945380edfdc62,soccer-fifwc,Spain vs. Argentina - Player Props,rest,Enzo Fernández: 2+ goals + assists,Yes|No,No,2026-07-19T19:00:00Z,2026-07-20T03:00:00Z,2026-07-19T22:23:53Z,0.00,2026-07-19T19:00:00Z,2026-07-19T22:23:38Z,history-e3693e2d-53d2-54f4-a466-72adabece9f3-compact.parquet
e3a639a0-8a7c-5ad2-925c-8284d50648ed,0x8860c803891c9d6f98954cd429cd0b78fc328c63f49e7fc2d81c54a2ba107121,soccer-fifwc,Spain vs. Argentina - Exact Score,rest,Exact Score: Spain 1 - 0 Argentina?,Yes|No,No,2026-07-19T19:00:00Z,2026-07-20T03:00:00Z,2026-07-19T22:28:50Z,533548.37,2026-07-19T19:00:00Z,2026-07-19T22:27:40Z,history-e3a639a0-8a7c-5ad2-925c-8284d50648ed-compact.parquet
e47c2d72-b19d-5059-9968-a8451d3b61ef,0x25cfd8e25dfc972ea9b90db70b3e797ca81c470752713eb5b204e22b6f6d5f78,soccer-fifwc,Spain vs. Argentina - Player Props,rest,Cristian Romero: 2+ shots,Yes|No,No,2026-07-19T19:00:00Z,2026-07-20T03:00:00Z,2026-07-19T22:27:45Z,32.88,2026-07-19T19:00:00Z,2026-07-19T22:27:41Z,history-e47c2d72-b19d-5059-9968-a8451d3b61ef-compact.parquet
e53f3d32-95d2-5493-985f-c55d92502560,0xdfbaae9f7587b11691c676d942f22b4ea9a9e3a68f7ca1d5d6bd4a1c967db23b,soccer-fifwc,Spain vs. Argentina,rest,Will Spain win on 2026-07-19?,Yes|No,No,2026-07-19T19:00:00Z,2026-07-20T03:00:00Z,2026-07-19T22:22:49Z,5470556.51,2026-07-19T19:00:00Z,2026-07-19T22:22:02Z,history-e53f3d32-95d2-5493-985f-c55d92502560-compact.parquet
e62b5697-ab88-5746-adc2-17e5f10e43b5,0x7ae57b826ea73d905e18b77a31b6346086e9200709301768d14b6314ca71368e,soccer-fifwc,Spain vs. Argentina - Player Props,rest,Lamine Yamal: 2+ shots,Yes|No,Yes,2026-07-19T19:00:00Z,2026-07-20T03:00:00Z,2026-07-19T22:26:03Z,6378.01,2026-07-19T19:00:00Z,2026-07-19T22:25:43Z,history-e62b5697-ab88-5746-adc2-17e5f10e43b5-compact.parquet
e63be4e7-db08-50d4-812a-87578b7407ee,0x410a22b289822888ff20f041e330141f36b66e229b3b9457c7364a3f335b841a,soccer-fifwc,Spain vs. Argentina - Player Props,rest,Alex Baena: 1+ assists,Yes|No,No,2026-07-19T19:00:00Z,2026-07-20T03:00:00Z,2026-07-19T22:24:15Z,64.00,2026-07-19T19:00:00Z,2026-07-19T22:23:08Z,history-e63be4e7-db08-50d4-812a-87578b7407ee-compact.parquet
e69da0d5-0e0d-5f99-91ab-a8a71e27e238,0x193e33849333d3967321947d16045b3352e37a06606e091e21dd6e1ffcf6c289,soccer-fifwc,Spain vs. Argentina - Second Half Result,segment_winner:h2,Argentina to win the second half?,Yes|No,No,2026-07-19T19:00:00Z,2026-07-20T03:00:00Z,2026-07-19T22:30:48Z,70908.45,2026-07-19T19:00:00Z,2026-07-19T22:30:29Z,history-e69da0d5-0e0d-5f99-91ab-a8a71e27e238-compact.parquet
e6fe8e78-f5b8-5416-91d8-b8ab066d0b43,0x7fb4a08355876e11b67d0a072ece7a7237481c47ba1a2dee84b978352b45a74f,soccer-fifwc,Spain vs. Argentina - Player Props,rest,Lautaro Martínez: 4+ goals + assists,Yes|No,No,2026-07-19T19:00:00Z,2026-07-20T03:00:00Z,2026-07-19T22:23:11Z,0.00,2026-07-19T19:00:00Z,2026-07-19T22:22:30Z,history-e6fe8e78-f5b8-5416-91d8-b8ab066d0b43-compact.parquet
e7f09fe0-1fd9-55e5-aa3a-f7d5a3f2dee2,0xaa46375188c462cb264442b4bb3a51bfe492860f1d9cdbaaa2dc9e1b86d378bc,soccer-fifwc,Spain vs. Argentina - More Markets,total,Spain vs. Argentina: O/U 3.5,Over|Under,Under,2026-07-19T19:00:00Z,2026-07-20T03:00:00Z,2026-07-19T22:22:29Z,559563.70,2026-07-19T19:00:00Z,2026-07-19T22:22:14Z,history-e7f09fe0-1fd9-55e5-aa3a-f7d5a3f2dee2-compact.parquet
e88d9522-b041-5a18-ab80-0cc4b535a181,0xf542b8ed2e9aa8899c5c88542d039cd9ab06f58e3f6c6e21498f2d321c4785df,soccer-fifwc,Spain vs. Argentina - Player Props,rest,Julián Álvarez: 4+ shots,Yes|No,No,2026-07-19T19:00:00Z,2026-07-20T03:00:00Z,2026-07-19T22:26:24Z,513.42,2026-07-19T19:00:00Z,2026-07-19T22:25:56Z,history-e88d9522-b041-5a18-ab80-0cc4b535a181-compact.parquet
e8e0bf97-80e2-514c-988b-d0321315d680,0x4b045e092c3166aa29d4864c11dffe7e316daafdac5677f11aa5cd16065fd042,soccer-fifwc,Spain vs. Argentina - More Markets,rest,Spain vs. Argentina: Team to Advance,Spain|Argentina,Spain,2026-07-19T19:00:00Z,2026-07-20T03:00:00Z,2026-07-19T22:29:36Z,15031962.59,2026-07-19T19:00:00Z,2026-07-19T22:28:44Z,history-e8e0bf97-80e2-514c-988b-d0321315d680-compact.parquet
e9683543-562e-58a8-a7fb-5f11acc948f5,0x7a21c99406fd9ec2aa39f3f87d6d64a84ba810fab81bc52c05b2936f7c4d07a4,soccer-fifwc,Spain vs. Argentina - Player Props,rest,Lionel Messi: 1+ assists,Yes|No,No,2026-07-19T19:00:00Z,2026-07-20T03:00:00Z,2026-07-19T22:27:10Z,128378.12,2026-07-19T19:00:00Z,2026-07-19T22:26:48Z,history-e9683543-562e-58a8-a7fb-5f11acc948f5-compact.parquet
ead4a312-43f7-584b-8282-c56c3df3b9a4,0x09ba2763d68e13f88f2283f1cc5133a49f422d23123f7aed6157cd9be2c3ff8f,soccer-fifwc,Spain vs. Argentina - Player Props,rest,Mikel Oyarzabal: 4+ goals + assists,Yes|No,No,2026-07-19T19:00:00Z,2026-07-20T03:00:00Z,2026-07-19T22:22:55Z,0.00,2026-07-19T19:00:00Z,2026-07-19T22:22:42Z,history-ead4a312-43f7-584b-8282-c56c3df3b9a4-compact.parquet
eb5f1cf4-b0ac-5e49-9167-518bb0a16d01,0x03e2341574aca89ee0230374e26e2f3bd95acfe5f27c33b57ac453b48750c1f6,soccer-fifwc,Spain vs. Argentina - Player Props,rest,Enzo Fernández: 2+ goals,Yes|No,No,2026-07-19T19:00:00Z,2026-07-20T03:00:00Z,2026-07-19T22:25:37Z,84514.06,2026-07-19T19:00:00Z,2026-07-19T22:24:57Z,history-eb5f1cf4-b0ac-5e49-9167-518bb0a16d01-compact.parquet
eba652c4-87c4-502a-ae07-5f40e0ff480f,0xab4afe1cfccc7f33ad020bc65de30e818c38c7af811776e527c04615a03aa4bc,soccer-fifwc,Spain vs. Argentina - Player Props,rest,Alex Baena: 1+ shots,Yes|No,Yes,2026-07-19T19:00:00Z,2026-07-20T03:00:00Z,2026-07-19T22:25:59Z,4808.46,2026-07-19T19:00:00Z,2026-07-19T22:24:54Z,history-eba652c4-87c4-502a-ae07-5f40e0ff480f-compact.parquet
ebb70b9a-81b5-5625-89ea-7f5b11cf2ce9,0xff3a60917c9ec9381d0766bee2da7ef120bc6996dd08c208c7a9afeeb027ed1f,soccer-fifwc,Spain vs. Argentina - Player Props,rest,Enzo Fernández: 2+ assists,Yes|No,No,2026-07-19T19:00:00Z,2026-07-20T03:00:00Z,2026-07-19T22:27:26Z,145.37,2026-07-19T19:00:00Z,2026-07-19T22:26:38Z,history-ebb70b9a-81b5-5625-89ea-7f5b11cf2ce9-compact.parquet
ec204f57-ba1d-5f5b-8a3f-82e3465dd72f,0x32b5ed7fd7426426ccf9eaa90644c7c0ccde8d8dd6ed53e312265a0a69053d59,soccer-fifwc,Spain vs. Argentina - Total Corners,total:corners,Spain vs. Argentina: Spain O/U 3.5 Corners,Over|Under,Over,2026-07-19T19:00:00Z,2026-07-20T03:00:00Z,2026-07-19T22:29:14Z,3576.08,2026-07-19T19:00:00Z,2026-07-19T22:28:23Z,history-ec204f57-ba1d-5f5b-8a3f-82e3465dd72f-compact.parquet
ed6ab9bc-93cd-528a-9cf5-82a5a7d4d9eb,0x4642ed93030366c0c1b206aecad5b465da307585270707fe992f669199c13e37,soccer-fifwc,Spain vs. Argentina - Player Props,rest,Julián Álvarez: 1+ assists,Yes|No,No,2026-07-19T19:00:00Z,2026-07-20T03:00:00Z,2026-07-19T22:21:53Z,904.56,2026-07-19T19:00:00Z,2026-07-19T22:21:11Z,history-ed6ab9bc-93cd-528a-9cf5-82a5a7d4d9eb-compact.parquet
ed71e479-e39d-56b0-9f27-10c8631c8613,0x8f5dfba4b6b144dfd541721e34ec94a230d6299caac8be38488474b796e9d784,soccer-fifwc,Spain vs. Argentina - Player Props,rest,Julián Álvarez: 2+ shots on target,Yes|No,No,2026-07-19T19:00:00Z,2026-07-20T03:00:00Z,2026-07-19T22:28:34Z,0.00,2026-07-19T19:00:00Z,2026-07-19T22:28:13Z,history-ed71e479-e39d-56b0-9f27-10c8631c8613-compact.parquet
ee14a673-93b0-51ee-977b-32cbc1fe6527,0x7857ebf444b0bb637d3be8decee0d10df6f937138d20d501d7131deaec641bab,soccer-fifwc,Spain vs. Argentina - Player Props,rest,Cucurella: 2+ shots,Yes|No,No,2026-07-19T19:00:00Z,2026-07-20T03:00:00Z,2026-07-19T22:30:14Z,1277.49,2026-07-19T19:00:00Z,2026-07-19T22:29:28Z,history-ee14a673-93b0-51ee-977b-32cbc1fe6527-compact.parquet
ee3b6db0-17b3-5397-8a20-1c11dbe49ef6,0x79d73a3008597a2adbeb062b22c3db0f877e1b9d48945abb90c743dc4f00accc,soccer-fifwc,Spain vs. Argentina - More Markets,spread,Spread: Argentina (-4.5),Argentina|Spain,Spain,2026-07-19T19:00:00Z,2026-07-20T03:00:00Z,2026-07-19T22:22:39Z,129132.80,2026-07-19T19:00:00Z,2026-07-19T22:21:41Z,history-ee3b6db0-17b3-5397-8a20-1c11dbe49ef6-compact.parquet
f25f510a-3d2f-5d66-9bec-0ceae22dd106,0xb8815d1e9403afc4a48281a0e233ef2e259fbded76064b7b8952bce67c45d7b1,soccer-fifwc,Spain vs. Argentina - Player Props,rest,Giuliano Simeone: 1+ goals + assists,Yes|No,No,2026-07-19T19:00:00Z,2026-07-20T03:00:00Z,2026-07-19T22:24:20Z,18.00,2026-07-19T19:00:00Z,2026-07-19T22:24:10Z,history-f25f510a-3d2f-5d66-9bec-0ceae22dd106-compact.parquet
f3f766ee-4bd0-581b-adce-59ff2064d9ec,0xf78d5935333608eb1ce0def7f06754a385c5aeee0629eed29f04c7f58d8bde8e,soccer-fifwc,Spain vs. Argentina - Exact Score,rest,Exact Score: Spain 1 - 3 Argentina?,Yes|No,No,2026-07-19T19:00:00Z,2026-07-20T03:00:00Z,2026-07-19T22:27:39Z,2800861.94,2026-07-19T19:00:00Z,2026-07-19T22:27:25Z,history-f3f766ee-4bd0-581b-adce-59ff2064d9ec-compact.parquet
f499d4e5-6449-5429-a4b8-3ff3d1f5d15f,0xda7153cc99045cb1914db19513b0470583f40950984437f9d98e644588a4fda2,soccer-fifwc,Spain vs. Argentina - Player Props,rest,Lamine Yamal: 2+ shots on target,Yes|No,Yes,2026-07-19T19:00:00Z,2026-07-20T03:00:00Z,2026-07-19T22:26:25Z,3.66,2026-07-19T19:00:00Z,2026-07-19T22:25:43Z,history-f499d4e5-6449-5429-a4b8-3ff3d1f5d15f-compact.parquet
f4c40263-43d6-5af5-a98a-331373483bf8,0xdbc0394904d20975cb52f9083c23b518e62f413fc1a6eeb2538e8b99eb5e28a9,soccer-fifwc,Spain vs. Argentina - Player Props,rest,Mikel Oyarzabal: 2+ goals,Yes|No,No,2026-07-19T19:00:00Z,2026-07-20T03:00:00Z,2026-07-19T22:23:11Z,34204.12,2026-07-19T19:00:00Z,2026-07-19T22:22:44Z,history-f4c40263-43d6-5af5-a98a-331373483bf8-compact.parquet
f4ecebc3-6e22-5fec-ab6c-dcea296c17df,0x3643921cd0518580a76c43226732f9712caa482dc01051c2b37490bde0348d6e,soccer-fifwc,Spain vs. Argentina - Player Props,rest,Dani Olmo: 1+ shots,Yes|No,Yes,2026-07-19T19:00:00Z,2026-07-20T03:00:00Z,2026-07-19T22:25:59Z,668.53,2026-07-19T19:00:00Z,2026-07-19T22:25:29Z,history-f4ecebc3-6e22-5fec-ab6c-dcea296c17df-compact.parquet
f598445e-f293-5a45-820d-5827ba62cd5e,0xea3e7d058c6bfa76863b12631badbbe613bf5a3bdd6af1ded31f5be3062bdd5a,soccer-fifwc,Spain vs. Argentina - Player Props,rest,Fabián Ruiz: 1+ goals,Yes|No,No,2026-07-19T19:00:00Z,2026-07-20T03:00:00Z,2026-07-19T22:28:11Z,10438.80,2026-07-19T19:00:00Z,2026-07-19T22:27:10Z,history-f598445e-f293-5a45-820d-5827ba62cd5e-compact.parquet
f6015949-41cf-5461-8edb-ba0b2bcbdb6d,0x15079a627bed19021ada65b5741c51017c1fd95363a95667a51e56836835ffdd,soccer-fifwc,Spain vs. Argentina - Player Props,rest,Mikel Merino: 2+ goals + assists,Yes|No,No,2026-07-19T19:00:00Z,2026-07-20T03:00:00Z,2026-07-19T22:21:34Z,0.00,2026-07-19T19:00:00Z,2026-07-19T22:20:35Z,history-f6015949-41cf-5461-8edb-ba0b2bcbdb6d-compact.parquet
f70bb483-5a0b-57e4-b3df-f4352298fb03,0x73c804a6bc64a583beacab6a3c8bd7df1019ff67aa90577b0a24b16eaf838f35,soccer-fifwc,Spain vs. Argentina - Player Props,rest,Lionel Messi: 3+ shots,Yes|No,No,2026-07-19T19:00:00Z,2026-07-20T03:00:00Z,2026-07-19T22:28:47Z,7222.74,2026-07-19T19:00:00Z,2026-07-19T22:27:43Z,history-f70bb483-5a0b-57e4-b3df-f4352298fb03-compact.parquet
f8ccb8cd-37d5-53db-88e0-67a529a1b8e6,0x1b44342652d612649991477c53ac3b1265560452589f60e3aa0d450e1d9e92a1,soccer-fifwc,Spain vs. Argentina - Player Props,rest,Ferrán Torres: 2+ goals + assists,Yes|No,No,2026-07-19T19:00:00Z,2026-07-20T03:00:00Z,2026-07-19T22:23:05Z,0.00,2026-07-19T19:00:00Z,2026-07-19T22:22:44Z,history-f8ccb8cd-37d5-53db-88e0-67a529a1b8e6-compact.parquet
f9011b04-3d69-50f7-b844-0a55738e56fd,0x1c29f1b1b709d14a908c3af2dc7a1abdec84dc4fd544e0b2e7b075a1e4cf7e1a,soccer-fifwc,Spain vs. Argentina - Player Props,rest,Lautaro Martínez: 2+ goals,Yes|No,No,2026-07-19T19:00:00Z,2026-07-20T03:00:00Z,2026-07-19T22:23:07Z,4999.96,2026-07-19T19:00:00Z,2026-07-19T22:22:31Z,history-f9011b04-3d69-50f7-b844-0a55738e56fd-compact.parquet
f9f3ad43-bed3-5441-ae21-d7fe4f684ec8,0x5bd5be4344f190b42ea61b837d579e501496d15aa99d2d1521288329d2f0fd03,soccer-fifwc,Spain vs. Argentina - Player Props,rest,Julián Álvarez: 4+ goals + assists,Yes|No,No,2026-07-19T19:00:00Z,2026-07-20T03:00:00Z,2026-07-19T22:22:55Z,0.00,2026-07-19T19:00:00Z,2026-07-19T22:22:01Z,history-f9f3ad43-bed3-5441-ae21-d7fe4f684ec8-compact.parquet
fae88a0e-7272-5774-918d-29ca76ed5061,0x58599e6667695b6cfbd17cb7f5f7b47d56046ec347ca067a3848ceb5aafb03f9,soccer-fifwc,Spain vs. Argentina - Halftime Result,rest,Spain vs. Argentina: Draw at halftime?,Yes|No,Yes,2026-07-19T19:00:00Z,2026-07-20T03:00:00Z,2026-07-19T22:42:20Z,138328.02,2026-07-19T19:00:00Z,2026-07-19T22:41:46Z,history-fae88a0e-7272-5774-918d-29ca76ed5061-compact.parquet
fb0289d1-dd26-586d-b2e7-a433077c7948,0x59af6f422acb85d815856eee31576e0a45c69cbf14efcad0f386d4cf3b1d0449,soccer-fifwc,Spain vs. Argentina - Player Props,rest,Alex Baena: 4+ shots,Yes|No,No,2026-07-19T19:00:00Z,2026-07-20T03:00:00Z,2026-07-19T22:26:08Z,773.33,2026-07-19T19:00:00Z,2026-07-19T22:25:30Z,history-fb0289d1-dd26-586d-b2e7-a433077c7948-compact.parquet
fb39aec2-5fec-5d31-8b84-30ab91ff8edc,0x84ffd6d84b1457be74b6c410fab6276459630a167228f069036ee44528db4376,soccer-fifwc,Spain vs. Argentina - Total Corners,total:corners:h2,Spain vs. Argentina: 2nd Half O/U 4.5 Total Corners,Over|Under,Over,2026-07-19T19:00:00Z,2026-07-20T03:00:00Z,2026-07-19T22:29:03Z,4834.08,2026-07-19T19:00:00Z,2026-07-19T22:28:43Z,history-fb39aec2-5fec-5d31-8b84-30ab91ff8edc-compact.parquet
fbd031b2-9045-57c3-8b93-f19f47ed3fb1,0xb0bf11155a6f078493bff9452b0a4ce1d2f31912fec3ac01bcc58ba8056a78cd,soccer-fifwc,Spain vs. Argentina - Player Props,rest,Julián Álvarez: 1+ goals,Yes|No,No,2026-07-19T19:00:00Z,2026-07-20T03:00:00Z,2026-07-19T22:21:53Z,27324.95,2026-07-19T19:00:00Z,2026-07-19T22:21:10Z,history-fbd031b2-9045-57c3-8b93-f19f47ed3fb1-compact.parquet
fc47cb6f-308a-56b0-8f7f-0c79bb8d204c,0x719815de6f307c420af54ec4621dc3390d0bee01a0c61dd3fa831450ee4d454f,soccer-fifwc,Spain vs. Argentina - Player Props,rest,Julián Álvarez: 2+ goals + assists,Yes|No,No,2026-07-19T19:00:00Z,2026-07-20T03:00:00Z,2026-07-19T22:26:05Z,0.00,2026-07-19T19:00:00Z,2026-07-19T22:25:32Z,history-fc47cb6f-308a-56b0-8f7f-0c79bb8d204c-compact.parquet
fd2a6784-cb4b-513d-bf89-33b58d14c7d8,0x6a0226f73605a6d0be411c2a490da150423610d737dab67a6a7955512909d61d,soccer-fifwc,Spain vs. Argentina - Player Props,rest,Thiago Almada: 2+ goals,Yes|No,No,2026-07-19T19:00:00Z,2026-07-20T03:00:00Z,2026-07-19T22:24:32Z,315.99,2026-07-19T19:00:00Z,2026-07-19T22:23:31Z,history-fd2a6784-cb4b-513d-bf89-33b58d14c7d8-compact.parquet
